N,Title,Keywords,Abstract,Doi,combined_text,Predicted_Label,Prediction_Probability
179,correlation between disease severity factors and eq5d utilities in chronic obstructive pulmonary disease,aged crosssectional studies female humans male pulmonary disease chronic obstructivephysiopathology quality of lifepsychology cat copd eq5d healthrelated quality of life,purpose impaired healthrelated quality of life hrqol is associated with poor health outcomes in chronic obstructive pulmonary disease copd the aim of this study was to determine health utilities in patients with copd and to identify the variables with the greatest impact methods this is a pooled analysis of data from 4 observational studies performed in stable copd patients evaluation of patient hrqol utilities was performed using the spanish version of the selfadministered euroqol 5 dimensions eq5d questionnaire eq5d utilities were described and compared according to several markers of disease severity results 6198 patients reported a mean sd eq5d index of 067 026 a linear dose response relationship between eq5d utility and modified medical research council mmrc score forced expiratory volume in one 1 s  predicted copd hospital admissions in the previous year selfreported daily walking time charlson index body mass index obstruction dyspnoea and exacerbation bodex index copd assessment test cat hospital anxiety and depression scale was observed p for trend  0001 in multivariate analysis patients reporting lower utility values were those with more dyspnoea more comorbidities using longterm oxygen therapy with previous hospitalisations due to a copd exacerbation and higher worse cat score conclusion hrqol measures such as eq5d can assist clinicians to understand the impact of respiratory disease on copd patients,10.1007/s11136-019-02340-4,correlation between disease severity factors and eq5d utilities in chronic obstructive pulmonary disease [SEP] aged crosssectional studies female humans male pulmonary disease chronic obstructivephysiopathology quality of lifepsychology cat copd eq5d healthrelated quality of life [SEP] purpose impaired healthrelated quality of life hrqol is associated with poor health outcomes in chronic obstructive pulmonary disease copd the aim of this study was to determine health utilities in patients with copd and to identify the variables with the greatest impact methods this is a pooled analysis of data from 4 observational studies performed in stable copd patients evaluation of patient hrqol utilities was performed using the spanish version of the selfadministered euroqol 5 dimensions eq5d questionnaire eq5d utilities were described and compared according to several markers of disease severity results 6198 patients reported a mean sd eq5d index of 067 026 a linear dose response relationship between eq5d utility and modified medical research council mmrc score forced expiratory volume in one 1 s  predicted copd hospital admissions in the previous year selfreported daily walking time charlson index body mass index obstruction dyspnoea and exacerbation bodex index copd assessment test cat hospital anxiety and depression scale was observed p for trend  0001 in multivariate analysis patients reporting lower utility values were those with more dyspnoea more comorbidities using longterm oxygen therapy with previous hospitalisations due to a copd exacerbation and higher worse cat score conclusion hrqol measures such as eq5d can assist clinicians to understand the impact of respiratory disease on copd patients,1,0.6594592
13783,longterm outcomes of colectomy surgery among patients with ulcerative colitis,colectomy quality of life pouchitispouch failure survey ulcerative colitis,the objective of this study was to evaluate longterm healthrelated quality of life outcomes among patients who had a colectomy within the previous 10 years a crosssectional survey was administered to consecutive patients 18 years of age with ulcerative colitis who had a colectomy within the last 10 years from centers in canada australia and the united kingdom data were extracted from medical chart reviews to confirm selected selfreported patient characteristics of 351 survey respondents 49  were male and the median age was 40 years interquartile range 3052 respondents were diagnosed with uc a median of 92 57151 years prior to the survey and first surgery occurred a median of 37 2158 years ago although most respondents 84  reported improved quality of life compared to the status before surgery 81  experienced problems in at least one of the following areas depression work productivity restrictions in diet body image and sexual function according to hads scores 30 and 17  of survey respondents experienced anxiety and depression respectively among moderate to severe uc patients precolectomy 27  of men and 28  of women reported that their sexual life was worse now than before surgery the mean eq5d utility index score overall was 079 95  confidence interval 077081 quality of life after colectomy for uc is generally good but there are persistent quality of life issues that impact multiple domains including psychological and sexual functioning,10.1186/s40064-015-1350-7,longterm outcomes of colectomy surgery among patients with ulcerative colitis [SEP] colectomy quality of life pouchitispouch failure survey ulcerative colitis [SEP] the objective of this study was to evaluate longterm healthrelated quality of life outcomes among patients who had a colectomy within the previous 10 years a crosssectional survey was administered to consecutive patients 18 years of age with ulcerative colitis who had a colectomy within the last 10 years from centers in canada australia and the united kingdom data were extracted from medical chart reviews to confirm selected selfreported patient characteristics of 351 survey respondents 49  were male and the median age was 40 years interquartile range 3052 respondents were diagnosed with uc a median of 92 57151 years prior to the survey and first surgery occurred a median of 37 2158 years ago although most respondents 84  reported improved quality of life compared to the status before surgery 81  experienced problems in at least one of the following areas depression work productivity restrictions in diet body image and sexual function according to hads scores 30 and 17  of survey respondents experienced anxiety and depression respectively among moderate to severe uc patients precolectomy 27  of men and 28  of women reported that their sexual life was worse now than before surgery the mean eq5d utility index score overall was 079 95  confidence interval 077081 quality of life after colectomy for uc is generally good but there are persistent quality of life issues that impact multiple domains including psychological and sexual functioning,1,0.6857271
2615,association of neuropathiclike pain characteristics with clinical and radiographic features in patients with ankylosing spondylitis,adult aged back painetiology crosssectional studies depression female humans linear models male middle aged multivariate analysis neuralgiaetiology pain measurement prospective studies psychiatric status rating scales quality of life radiography republic of korea severity of illness index spondylitis ankylosingcomplicationsdiagnostic imaging surveys and questionnaires young adult ankylosing spondylitis depression enthesitis neuropathic pain msasss paindetect questionnaire,ankylosing spondylitis as is a chronic progressive and inflammatory disorder and causes chronic back pain it is not unusual for patients with as to have symptoms similar to neuropathic pain we aimed to investigate the neuropathic pain nep component in patients with as using the paindetect questionnaire pdq and to assess the relation between nep and the disease characteristics of as a singlecenter prospective study was performed including 105 patients patients with as completed three questionnaires pdq beck depression inventory bdi and euro quality of life eq5d questionnaires patients were classified into three groups according to the pdq scores nociceptive pain nop score  12 mixed pain mp score 1318 and nep pain score  19 fifteen patients 142 were classified into the nep group 22 210 in the mp group and 68 648 in the nop group the questionnaires and clinical and radiographic findings were analyzed patients with nep and mp scored worse on the bath ankylosing spondylitis disease activity index basdai bdi modified stoke ankylosing spondylitis spine score painvisual analog scale vas and eq5l index and showed an increased prevalence of enthesitis and peripheral arthritis there were no differences in objective inflammatory markers pdq scores were positively correlated with painvas basdai bdi and inversely correlated with eq5d index age basdai presence of current enthesitis and bdi score were independently associated with pdq scores the findings showed that nep component in as was associated with age high disease activity presence of current enthesitis and depression,10.1007/s10067-018-4125-z,association of neuropathiclike pain characteristics with clinical and radiographic features in patients with ankylosing spondylitis [SEP] adult aged back painetiology crosssectional studies depression female humans linear models male middle aged multivariate analysis neuralgiaetiology pain measurement prospective studies psychiatric status rating scales quality of life radiography republic of korea severity of illness index spondylitis ankylosingcomplicationsdiagnostic imaging surveys and questionnaires young adult ankylosing spondylitis depression enthesitis neuropathic pain msasss paindetect questionnaire [SEP] ankylosing spondylitis as is a chronic progressive and inflammatory disorder and causes chronic back pain it is not unusual for patients with as to have symptoms similar to neuropathic pain we aimed to investigate the neuropathic pain nep component in patients with as using the paindetect questionnaire pdq and to assess the relation between nep and the disease characteristics of as a singlecenter prospective study was performed including 105 patients patients with as completed three questionnaires pdq beck depression inventory bdi and euro quality of life eq5d questionnaires patients were classified into three groups according to the pdq scores nociceptive pain nop score  12 mixed pain mp score 1318 and nep pain score  19 fifteen patients 142 were classified into the nep group 22 210 in the mp group and 68 648 in the nop group the questionnaires and clinical and radiographic findings were analyzed patients with nep and mp scored worse on the bath ankylosing spondylitis disease activity index basdai bdi modified stoke ankylosing spondylitis spine score painvisual analog scale vas and eq5l index and showed an increased prevalence of enthesitis and peripheral arthritis there were no differences in objective inflammatory markers pdq scores were positively correlated with painvas basdai bdi and inversely correlated with eq5d index age basdai presence of current enthesitis and bdi score were independently associated with pdq scores the findings showed that nep component in as was associated with age high disease activity presence of current enthesitis and depression,1,0.51204276
10419,measuring the benefits of treatment for psychosis validity and responsiveness of the eq5d,adolescent adult cognitive behavioral therapyeconomics costbenefit analysis female humans male mental disorderstherapy mental health serviceseconomics middle aged outcome assessment health careeconomics quality of life surveys and questionnairesstandards united kingdom young adult,background the uk national institute for health and clinical excellence nice has recommended that costeffectiveness analysis includes the eq5d however this is often not implemented in the area of mental health aims to assess the appropriateness of using the eq5d to measure improvements in mental health method seventyseven participants with psychosis were rated according to the eq5d and seven measures of mental health at both pre and postintervention to assess construct validity we compared the preintervention mean eq5d scores for those with milder and more severe scores according to each of the seven measures to assess responsiveness we estimated the mean eq5d change score for those who improved postintervention according to each of the measures results the mean eq5d score was more favourable for both those with milder scores mean difference 0044 to 0301 and for those who improved postintervention mean change 0029 to 0117 conclusions this suggests the eq5d should be considered for use in future costeffectiveness studies in the area of mental health,10.1192/bjp.bp.108.057380,measuring the benefits of treatment for psychosis validity and responsiveness of the eq5d [SEP] adolescent adult cognitive behavioral therapyeconomics costbenefit analysis female humans male mental disorderstherapy mental health serviceseconomics middle aged outcome assessment health careeconomics quality of life surveys and questionnairesstandards united kingdom young adult [SEP] background the uk national institute for health and clinical excellence nice has recommended that costeffectiveness analysis includes the eq5d however this is often not implemented in the area of mental health aims to assess the appropriateness of using the eq5d to measure improvements in mental health method seventyseven participants with psychosis were rated according to the eq5d and seven measures of mental health at both pre and postintervention to assess construct validity we compared the preintervention mean eq5d scores for those with milder and more severe scores according to each of the seven measures to assess responsiveness we estimated the mean eq5d change score for those who improved postintervention according to each of the measures results the mean eq5d score was more favourable for both those with milder scores mean difference 0044 to 0301 and for those who improved postintervention mean change 0029 to 0117 conclusions this suggests the eq5d should be considered for use in future costeffectiveness studies in the area of mental health,1,0.6261542
1177,effectiveness of telemedicine for cardiovascular disease management systematic review and metaanalysis,chronic disease humans mental health outcome assessment health care quality of life randomized controlled trials as topic telemedicine telemedicine cardiovascular disease cvd health management,background with the development of information communication technology ict telemedicine has become a promising option for patients with chronic diseases who need continuous monitoring at home or in remote health care facilities as cardiovascular disease cvd is responsible for an estimated 179 million deaths globally each year it is appropriate to evaluate the effectiveness of telemedicine for the health care management of cvd patients methods the library of congress lista ebsco pubmed nlm and web of science databases were searched with a date limitation from 1 january 2000 until 5 august 2021 for randomized controlled trial rct studies two independent researchers screened the records for inclusion and extracted the data for synthesis supported by revman 50 software as one of the clinical outcomes the mean difference and standard deviation of systolic blood pressure were synthesized for the qualityoflife measures euroqol5d eq5d scores were also synthesized and for the depression level cesd10 scores were synthesized results we identified 23 studies for qualitative analysis and 21 studies for quantitative analysis 21 studies included systolic blood pressure as an outcome measure and the results show a statistical difference p005 between the intervention group and the control group and a favorable inclination toward the telemedicine enhanced health care program over the usual care of the six studies that included body mass index bmi as an outcome measure there was no significant difference in bmi between the telemedicine and usual health care groups a total of five studies assessed patients quality of life using the eq5d instrument after excluding one study following the sensitivity analysis telemedicine was shown to significantly improve patients quality of life three studies that investigated patients mental health csed10 also showed a significantly beneficial effect of telemedicine over usual health care discussion this review found limited evidence to support some of the outcomes in the original study designs overall our findings suggested a favorable effect of telemedicine intervention in the field of health care for cvd patients due to the unavoidable heterogeneity within the selected literature a more detailed investigation and analysis of the unclear outcomes is recommended,10.21037/apm-21-3626,effectiveness of telemedicine for cardiovascular disease management systematic review and metaanalysis [SEP] chronic disease humans mental health outcome assessment health care quality of life randomized controlled trials as topic telemedicine telemedicine cardiovascular disease cvd health management [SEP] background with the development of information communication technology ict telemedicine has become a promising option for patients with chronic diseases who need continuous monitoring at home or in remote health care facilities as cardiovascular disease cvd is responsible for an estimated 179 million deaths globally each year it is appropriate to evaluate the effectiveness of telemedicine for the health care management of cvd patients methods the library of congress lista ebsco pubmed nlm and web of science databases were searched with a date limitation from 1 january 2000 until 5 august 2021 for randomized controlled trial rct studies two independent researchers screened the records for inclusion and extracted the data for synthesis supported by revman 50 software as one of the clinical outcomes the mean difference and standard deviation of systolic blood pressure were synthesized for the qualityoflife measures euroqol5d eq5d scores were also synthesized and for the depression level cesd10 scores were synthesized results we identified 23 studies for qualitative analysis and 21 studies for quantitative analysis 21 studies included systolic blood pressure as an outcome measure and the results show a statistical difference p005 between the intervention group and the control group and a favorable inclination toward the telemedicine enhanced health care program over the usual care of the six studies that included body mass index bmi as an outcome measure there was no significant difference in bmi between the telemedicine and usual health care groups a total of five studies assessed patients quality of life using the eq5d instrument after excluding one study following the sensitivity analysis telemedicine was shown to significantly improve patients quality of life three studies that investigated patients mental health csed10 also showed a significantly beneficial effect of telemedicine over usual health care discussion this review found limited evidence to support some of the outcomes in the original study designs overall our findings suggested a favorable effect of telemedicine intervention in the field of health care for cvd patients due to the unavoidable heterogeneity within the selected literature a more detailed investigation and analysis of the unclear outcomes is recommended,0,0.6304489
8556,protocol for a feasibility randomised controlled trial of a musculoskeletal exercise intervention versus usual care for children with haemophilia,biomechanical phenomena child exercise therapymethods hemophilia atherapy humans male muscle strength posture randomized controlled trials as topic walk test exercise haemophilia muscle strength physical function physiotherapy,introduction haemophilia is a rare inherited disorder in which blood does not clot normally resulting in bleeding into joints and muscles longterm consequence is disabling joint pain stiffness muscle weakness atrophy and reduced mobility the purpose of this proposed feasibility of a randomised controlled trial rct is to test the feasibility of an ageappropriate physiotherapy intervention designed to improve muscle strength posture and the way boys use their joints during walking and everyday activities methods and analysis a smallscale twocentre rct of a 12week muscle strengthening exercise intervention versus usual care for young children with haemophilia will be conducted primary outcomes will be safety and adherence to the exercise intervention secondary outcomes will include recruitment retention and adverse event rates clinical data muscle strength joint biomechanics and foot loading patterns during walking 6 min timed walk timedupanddownstairs eq5dy participants perceptions of the study training requirements and relevant costs recruitment followup safety and adherence rates will be described as percentages participant diary and interview data will be analysed using a framework analysis demographic and disease variable distributions will be analysed for descriptive purposes and covariant analysis estimates of differences between treatment arms adjusted for baseline and 75 and 95 cis will be calculated ethics and dissemination the study has ethical approval from the londonfulham research ethics committee 17lo2043 as well as health research authority approval as well as informing the design of the definitive trial results of this study will be presented at local national and international physiotherapy and haemophilia meetings as well as manuscripts submitted to peerreviewed journals we will also share the main findings of the study to all participants and the haemophilia society,10.1136/bmjopen-2019-029474,protocol for a feasibility randomised controlled trial of a musculoskeletal exercise intervention versus usual care for children with haemophilia [SEP] biomechanical phenomena child exercise therapymethods hemophilia atherapy humans male muscle strength posture randomized controlled trials as topic walk test exercise haemophilia muscle strength physical function physiotherapy [SEP] introduction haemophilia is a rare inherited disorder in which blood does not clot normally resulting in bleeding into joints and muscles longterm consequence is disabling joint pain stiffness muscle weakness atrophy and reduced mobility the purpose of this proposed feasibility of a randomised controlled trial rct is to test the feasibility of an ageappropriate physiotherapy intervention designed to improve muscle strength posture and the way boys use their joints during walking and everyday activities methods and analysis a smallscale twocentre rct of a 12week muscle strengthening exercise intervention versus usual care for young children with haemophilia will be conducted primary outcomes will be safety and adherence to the exercise intervention secondary outcomes will include recruitment retention and adverse event rates clinical data muscle strength joint biomechanics and foot loading patterns during walking 6 min timed walk timedupanddownstairs eq5dy participants perceptions of the study training requirements and relevant costs recruitment followup safety and adherence rates will be described as percentages participant diary and interview data will be analysed using a framework analysis demographic and disease variable distributions will be analysed for descriptive purposes and covariant analysis estimates of differences between treatment arms adjusted for baseline and 75 and 95 cis will be calculated ethics and dissemination the study has ethical approval from the londonfulham research ethics committee 17lo2043 as well as health research authority approval as well as informing the design of the definitive trial results of this study will be presented at local national and international physiotherapy and haemophilia meetings as well as manuscripts submitted to peerreviewed journals we will also share the main findings of the study to all participants and the haemophilia society,0,0.6433992
1542,healthrelated quality of life associated with different symptoms in women and in men who suffer from schizophrenia,adult female humans male middle aged prospective studies quality of life schizophreniatherapy schizophrenic psychology sex factors surveys and questionnaires gender healthrelated quality of life negative symptoms positive symptoms schizophrenia,healthrelated quality of life hrqol in patients with schizophrenia is related to the severity of psychiatric symptoms the objective of this study is to analyze whether the symptoms that influence hrqol are similar in women and men data were part of the pattern study an international observational investigation which collected data from 1379 outpatients with schizophrenia patients were evaluated with the mini international neuropsychiatric inventory the clinical global impressionschizophrenia and the positive and negative syndrome scale panss and reported their quality of life using the schizophrenia quality of life scale sqls the short form36 sf36 and the euroqol5 dimension eq5d men reported higher hrqol on all scales panss total score was 806 sd 236 for women and 779 sd 221 for men in women a higher panss negative score and a higher panss affective score were associated with a lower sqls score in men a higher panss positive score and a higher panss affective score were associated with a lower sqls score the same pattern appeared with eqvas and eq5d tariff in women greater age and higher panss affective score were associated with a lower sf36 mental component score in men higher panss affective positive and cognitive scores were associated with a lower sf36 mental component score this study shows that hrqol is influenced by different psychiatric symptoms in women and men this may have significant implications when deciding the main treatment target in patients with schizophreniaclinicaltrialsgov identifier httpsclinicaltrialsgovct2shownct01634542,10.1007/s00737-018-0896-0,healthrelated quality of life associated with different symptoms in women and in men who suffer from schizophrenia [SEP] adult female humans male middle aged prospective studies quality of life schizophreniatherapy schizophrenic psychology sex factors surveys and questionnaires gender healthrelated quality of life negative symptoms positive symptoms schizophrenia [SEP] healthrelated quality of life hrqol in patients with schizophrenia is related to the severity of psychiatric symptoms the objective of this study is to analyze whether the symptoms that influence hrqol are similar in women and men data were part of the pattern study an international observational investigation which collected data from 1379 outpatients with schizophrenia patients were evaluated with the mini international neuropsychiatric inventory the clinical global impressionschizophrenia and the positive and negative syndrome scale panss and reported their quality of life using the schizophrenia quality of life scale sqls the short form36 sf36 and the euroqol5 dimension eq5d men reported higher hrqol on all scales panss total score was 806 sd 236 for women and 779 sd 221 for men in women a higher panss negative score and a higher panss affective score were associated with a lower sqls score in men a higher panss positive score and a higher panss affective score were associated with a lower sqls score the same pattern appeared with eqvas and eq5d tariff in women greater age and higher panss affective score were associated with a lower sf36 mental component score in men higher panss affective positive and cognitive scores were associated with a lower sf36 mental component score this study shows that hrqol is influenced by different psychiatric symptoms in women and men this may have significant implications when deciding the main treatment target in patients with schizophreniaclinicaltrialsgov identifier httpsclinicaltrialsgovct2shownct01634542,1,0.649849
6443,effect of intrathecal baclofen on pain and quality of life in poststroke spasticity,administration oral aged baclofenadministration  dosage benzodiazepinestherapeutic use clonidineanalogs  derivativestherapeutic use dantrolenetherapeutic use female humans infusions spinal male middle aged muscle relaxants centraladministration  dosagetherapeutic use muscle spasticitydrug therapyetiology paindrug therapyetiology pain measurement patient satisfaction physical therapy modalities quality of life severity of illness index strokecomplications stroke rehabilitation treatment outcome baclofen muscle spasticity pain quality of life stroke,background and purpose intrathecal baclofen itb is an effective treatment for managing patients with severe poststroke spasticity who can experience continued pain and decline in their quality of life qol sisters spasticity in strokerandomized study was a randomized controlled openlabel multicenter phase 4 study to evaluate itb therapy versus conventional medical management cmm with oral antispastic medications for treatment of poststroke spasticity methods poststroke patients with spasticity in 2 extremities and an ashworth scale score of 3 in 2 affected lower extremity muscle groups were randomized 11 to itb n31 or cmm n29 both treatment arms received physiotherapy throughout the primary outcome was the change in average ashworth scale score in the lower extremities of the affected side from baseline to month 6 here we report results for secondary outcomes pain via the numeric pain rating scale healthrelated qol by the euroqol5 dimensional 3 level utility score and health status visual analog scale score strokespecific qol and patient satisfaction analyses were performed on an intentiontotreat basis results we observed significant treatment effects in favor of itb over cmm for changes from baseline to month 6 in numeric pain rating scale scores for actual pain itb versus cmm mean 117 sd 317 versus 000 329 median 100 versus 000 p00380 and least pain mean 161 229 versus 024 307 median 100 versus 000 p00136 and euroqol5 dimensional 3 level utility scores mean 009 026 versus 001 016 median 007 versus 000 p00197 betweengroup differences were not statistically significant for euroqol5 dimensional 3 level visual analog scale strokespecific qol summary or numeric pain rating scale worst pain scores although itb patients showed greater numeric improvements from baseline during followup more itb patients than cmm patients 73 versus 48 were satisfied with the spasticity reduction at month 6 conclusions these data support that itb therapy is associated with improvements in pain and qol in poststroke patients clinical trial registration url httpswwwclinicaltrialsgov  unique identifier nct01032239,10.1161/STROKEAHA.118.022255,effect of intrathecal baclofen on pain and quality of life in poststroke spasticity [SEP] administration oral aged baclofenadministration  dosage benzodiazepinestherapeutic use clonidineanalogs  derivativestherapeutic use dantrolenetherapeutic use female humans infusions spinal male middle aged muscle relaxants centraladministration  dosagetherapeutic use muscle spasticitydrug therapyetiology paindrug therapyetiology pain measurement patient satisfaction physical therapy modalities quality of life severity of illness index strokecomplications stroke rehabilitation treatment outcome baclofen muscle spasticity pain quality of life stroke [SEP] background and purpose intrathecal baclofen itb is an effective treatment for managing patients with severe poststroke spasticity who can experience continued pain and decline in their quality of life qol sisters spasticity in strokerandomized study was a randomized controlled openlabel multicenter phase 4 study to evaluate itb therapy versus conventional medical management cmm with oral antispastic medications for treatment of poststroke spasticity methods poststroke patients with spasticity in 2 extremities and an ashworth scale score of 3 in 2 affected lower extremity muscle groups were randomized 11 to itb n31 or cmm n29 both treatment arms received physiotherapy throughout the primary outcome was the change in average ashworth scale score in the lower extremities of the affected side from baseline to month 6 here we report results for secondary outcomes pain via the numeric pain rating scale healthrelated qol by the euroqol5 dimensional 3 level utility score and health status visual analog scale score strokespecific qol and patient satisfaction analyses were performed on an intentiontotreat basis results we observed significant treatment effects in favor of itb over cmm for changes from baseline to month 6 in numeric pain rating scale scores for actual pain itb versus cmm mean 117 sd 317 versus 000 329 median 100 versus 000 p00380 and least pain mean 161 229 versus 024 307 median 100 versus 000 p00136 and euroqol5 dimensional 3 level utility scores mean 009 026 versus 001 016 median 007 versus 000 p00197 betweengroup differences were not statistically significant for euroqol5 dimensional 3 level visual analog scale strokespecific qol summary or numeric pain rating scale worst pain scores although itb patients showed greater numeric improvements from baseline during followup more itb patients than cmm patients 73 versus 48 were satisfied with the spasticity reduction at month 6 conclusions these data support that itb therapy is associated with improvements in pain and qol in poststroke patients clinical trial registration url httpswwwclinicaltrialsgov  unique identifier nct01032239,1,0.5423938
5943,healthrelated quality of life burden in scleroderma patients treated with two different intravenous iloprost regimens,administration intravenous cost of illness drug administration schedule female humans iloprostadministration  dosage male middle aged prospective studies quality of life scleroderma systemicdrug therapy,systemic sclerosis sscrelated raynauds phenomenon rp and digital ulcers du can impair healthrelated quality of life hrqol the aim of our study was to estimate hrqol in ssc patients treated with two different intravenous iv iloprost ilo regimens and in patients not treated with iv ilo 96 consecutive ssc patients were enrolled in a pragmatic prospective and nonrandomized study and divided into 3 groups not requiring therapy with iv ilo n52 iv ilo once monthly n24 or iv ilo for 5 consecutive days every 3 months n20 patients were followed up for three months we assessed hrqol using the generic preferencebased questionnaire eq5d5l we conducted multiple regression analyses to estimate in each treatment group the mean general health gh and the mean utility index of the eq5d5l adjusting for possible confounders the mean adjusted utility index and gh score after three months followup were not different in the three groups iv ilo was able to make patients requiring iv ilo similar to those not requiring it moreover there was no difference in this model between the two ilo regimens 1 day monthly vs 5 consecutive days every 3 months the two different iv ilo regimens the most appropriate regimen was decided according to patients characteristics and needs were able to stabilize hrqol in rp secondary to ssc nonadequately controlled by oral therapy,10.4081/reumatismo.2019.1190,healthrelated quality of life burden in scleroderma patients treated with two different intravenous iloprost regimens [SEP] administration intravenous cost of illness drug administration schedule female humans iloprostadministration  dosage male middle aged prospective studies quality of life scleroderma systemicdrug therapy [SEP] systemic sclerosis sscrelated raynauds phenomenon rp and digital ulcers du can impair healthrelated quality of life hrqol the aim of our study was to estimate hrqol in ssc patients treated with two different intravenous iv iloprost ilo regimens and in patients not treated with iv ilo 96 consecutive ssc patients were enrolled in a pragmatic prospective and nonrandomized study and divided into 3 groups not requiring therapy with iv ilo n52 iv ilo once monthly n24 or iv ilo for 5 consecutive days every 3 months n20 patients were followed up for three months we assessed hrqol using the generic preferencebased questionnaire eq5d5l we conducted multiple regression analyses to estimate in each treatment group the mean general health gh and the mean utility index of the eq5d5l adjusting for possible confounders the mean adjusted utility index and gh score after three months followup were not different in the three groups iv ilo was able to make patients requiring iv ilo similar to those not requiring it moreover there was no difference in this model between the two ilo regimens 1 day monthly vs 5 consecutive days every 3 months the two different iv ilo regimens the most appropriate regimen was decided according to patients characteristics and needs were able to stabilize hrqol in rp secondary to ssc nonadequately controlled by oral therapy,1,0.6985876
7382,supporting patients with longterm conditions in the community evaluation of the greater manchester community pharmacy care plan service,aged blood pressure body mass index chronic diseaseeconomicstherapy community pharmacy serviceseconomicsorganization  administration england female health expendituresstatistics  numerical data health resourcesstatistics  numerical data humans lipidsblood male medication adherence middle aged patient participationpsychology patient satisfaction quality of life selfmanagementeconomicsmethods state medicine surveys and questionnaires care planning and management chroniclongterm conditions community pharmacy patient activation pharmacy practice research,the greater manchester community pharmacy care plan gmcpcp service provided tailored care plans to help adults with one or more qualifying longterm condition hypertension asthma diabetes and copd to achieve health goals and better selfmanagement of their longterm conditions the service ran between february and december 2017 the aim of this study was to investigate the impact of the service on patient activation as measured by the pam measure primary outcome secondary outcomes included quality of life eq5d5l eqvas medication adherence mars5 nhs resource use and costs systolic and diastolic blood pressure hdl cholesterol ratio levels and body mass index bmi a before and after design was used with followup at 6months a questionnaire was distributed at followup and telephone interviews with willing participants were used to investigate patient satisfaction with the service the study was approved by the university of manchester research ethics committee quantitative data were analysed in spss v22 ibm a total of 382 patients were recruited to the service 280 73 remained at followup ten patients were interviewed and 43 completed the questionnaire a total of 613 goals were set mean of 17 goals per patient fifty percent of goals were met at followup there were significant improvements in pam eq5d5l and eqvas scores and significant reductions in systolic blood pressure bmi and hdl cholesterol ratio at followup mean nhs service use costs were significantly lower at followup with a mean decrease per patient of 23643 sd 96847 the mean cost per patient for providing the service was 20310 resulting in potential costsavings of 3333 per patient sd  87465 questionnaire respondents reported high levels of satisfaction with the service this study suggests that the service is acceptable to patients and may lead to improvements in health outcomes and allows for modest cost savings limitations of the study included the low response rate to the patient questionnaire,10.1111/hsc.12992,supporting patients with longterm conditions in the community evaluation of the greater manchester community pharmacy care plan service [SEP] aged blood pressure body mass index chronic diseaseeconomicstherapy community pharmacy serviceseconomicsorganization  administration england female health expendituresstatistics  numerical data health resourcesstatistics  numerical data humans lipidsblood male medication adherence middle aged patient participationpsychology patient satisfaction quality of life selfmanagementeconomicsmethods state medicine surveys and questionnaires care planning and management chroniclongterm conditions community pharmacy patient activation pharmacy practice research [SEP] the greater manchester community pharmacy care plan gmcpcp service provided tailored care plans to help adults with one or more qualifying longterm condition hypertension asthma diabetes and copd to achieve health goals and better selfmanagement of their longterm conditions the service ran between february and december 2017 the aim of this study was to investigate the impact of the service on patient activation as measured by the pam measure primary outcome secondary outcomes included quality of life eq5d5l eqvas medication adherence mars5 nhs resource use and costs systolic and diastolic blood pressure hdl cholesterol ratio levels and body mass index bmi a before and after design was used with followup at 6months a questionnaire was distributed at followup and telephone interviews with willing participants were used to investigate patient satisfaction with the service the study was approved by the university of manchester research ethics committee quantitative data were analysed in spss v22 ibm a total of 382 patients were recruited to the service 280 73 remained at followup ten patients were interviewed and 43 completed the questionnaire a total of 613 goals were set mean of 17 goals per patient fifty percent of goals were met at followup there were significant improvements in pam eq5d5l and eqvas scores and significant reductions in systolic blood pressure bmi and hdl cholesterol ratio at followup mean nhs service use costs were significantly lower at followup with a mean decrease per patient of 23643 sd 96847 the mean cost per patient for providing the service was 20310 resulting in potential costsavings of 3333 per patient sd  87465 questionnaire respondents reported high levels of satisfaction with the service this study suggests that the service is acceptable to patients and may lead to improvements in health outcomes and allows for modest cost savings limitations of the study included the low response rate to the patient questionnaire,0,0.5299421
4746,how is quality of life defined and assessed in published research,health status humans patient reported outcome measures quality of life surveys and questionnaires definition healthrelated quality of life patientreported outcome measures patientreported outcomes quality of life terminology,purpose to ensure clarity in communication in the field of quality of life research and meaningful use of quality of life as a research outcome requires two things awareness that there is a range of conceptualisations and definitions of quality of life and for any particular study consistency between the way the term is defined and operationalised in that setting we aimed to identify how frequently research articles described hrqol as a construct of interest how frequently they referred to patientreported outcome measures which patientreported outcome measures were used and how hrqol was defined methods we reviewed all quality of life research articles published in 2017 and recorded whether they described healthrelated quality of life or quality of life as constructs of interest andor mentioned the terms patientreported outcome measures we recorded definitions of hrqol stated and questionnaires used we classified articles according to constructs assessed and instruments used and examined whether articles citing the same definition used the same questionnaires results we reviewed 300 articles 65 stated that hrqol was a construct of interest 27 mentioned patientreported outcome measures and 20 mentioned neither fiftyone articles provided definitions of hrqol citing 66 sources with 11 definitions cited more than once promis sf eq5d and eortc instruments were the most commonly used the only definition and questionnaire consistently used together were the who definitionsinstruments conclusion these results demonstrate considerable heterogeneity in the definition and operationalisation of hrqol between and within studies this limits meaningful interpretation of hrqol scores and complicates literature searches investigators should define constructs and select instruments aligned with their definitions,10.1007/s11136-021-02826-0,how is quality of life defined and assessed in published research [SEP] health status humans patient reported outcome measures quality of life surveys and questionnaires definition healthrelated quality of life patientreported outcome measures patientreported outcomes quality of life terminology [SEP] purpose to ensure clarity in communication in the field of quality of life research and meaningful use of quality of life as a research outcome requires two things awareness that there is a range of conceptualisations and definitions of quality of life and for any particular study consistency between the way the term is defined and operationalised in that setting we aimed to identify how frequently research articles described hrqol as a construct of interest how frequently they referred to patientreported outcome measures which patientreported outcome measures were used and how hrqol was defined methods we reviewed all quality of life research articles published in 2017 and recorded whether they described healthrelated quality of life or quality of life as constructs of interest andor mentioned the terms patientreported outcome measures we recorded definitions of hrqol stated and questionnaires used we classified articles according to constructs assessed and instruments used and examined whether articles citing the same definition used the same questionnaires results we reviewed 300 articles 65 stated that hrqol was a construct of interest 27 mentioned patientreported outcome measures and 20 mentioned neither fiftyone articles provided definitions of hrqol citing 66 sources with 11 definitions cited more than once promis sf eq5d and eortc instruments were the most commonly used the only definition and questionnaire consistently used together were the who definitionsinstruments conclusion these results demonstrate considerable heterogeneity in the definition and operationalisation of hrqol between and within studies this limits meaningful interpretation of hrqol scores and complicates literature searches investigators should define constructs and select instruments aligned with their definitions,1,0.6873371
1644,an analysis of 5level version of eq5d adjusting for treatment switching the case of patients with epidermal growth factor receptor t790mpositive nonsmall cell lung cancer treated with osimertinib,acrylamides aniline compounds carcinoma nonsmallcell lungdrug therapygenetics erbb receptorsgenetics humans indoles lung neoplasmsdrug therapygenetics mutation protein kinase inhibitorstherapeutic use pyrimidines quality of life surveys and questionnaires treatment switching eq5d health economics quality adjusted life years quality of life treatment switching,objectives treatment switching from control to treatment after disease progression is common in oncology trials analyses of survival data typically adjust for this bias but such adjustments are rarely performed in analyses of patientreported outcomes this analysis aimed to examine the impact of adjusting for treatment switching on estimated treatment effects on 5level version of eq5d eq5d5l utilities and qualityadjusted lifeyears qalys the aura3 trial nct02151981 was a randomized controlled trial comparing osimertinib with platinumbased doublet chemotherapy standard care in patients with locally advanced or metastatic epidermal growth factor receptor mutant and t790mpositive nonsmall cell lung cancer whose disease has progressed with previous epidermal growth factor receptor tyrosine kinase inhibitor therapy methods descriptive analyses were used to compare treatment arms the primary analysis used a 2stage least squares instrumental variable regression to estimate treatment effect adjusting for treatment crossover time to deterioration defined from baseline to minimally important deterioration in eq5d5l utility was assessed using a rank preserving structural failure time model results intentiontotreat analysis of imputed data showed incremental qalys for osimertinib of 023 at 60 weeks accounting for treatment switching increased this to 052 in the primary analysis and to 063 qalys in sensitivity analysis at 150 weeks time to deterioration analysis showed longer healthrelated quality of life maintenance with osimertinib of 1276 weeks although this was at the borderline of statistical significance acceleration factor   0275 95 confidence interval 050 to 000 conclusions this analysis demonstrates methods to adjust for treatment switching in the analysis of eq5d5l from clinical trials failure to account for crossover substantially underestimated the qaly gain for osimertinib,10.1016/j.jval.2022.01.022,an analysis of 5level version of eq5d adjusting for treatment switching the case of patients with epidermal growth factor receptor t790mpositive nonsmall cell lung cancer treated with osimertinib [SEP] acrylamides aniline compounds carcinoma nonsmallcell lungdrug therapygenetics erbb receptorsgenetics humans indoles lung neoplasmsdrug therapygenetics mutation protein kinase inhibitorstherapeutic use pyrimidines quality of life surveys and questionnaires treatment switching eq5d health economics quality adjusted life years quality of life treatment switching [SEP] objectives treatment switching from control to treatment after disease progression is common in oncology trials analyses of survival data typically adjust for this bias but such adjustments are rarely performed in analyses of patientreported outcomes this analysis aimed to examine the impact of adjusting for treatment switching on estimated treatment effects on 5level version of eq5d eq5d5l utilities and qualityadjusted lifeyears qalys the aura3 trial nct02151981 was a randomized controlled trial comparing osimertinib with platinumbased doublet chemotherapy standard care in patients with locally advanced or metastatic epidermal growth factor receptor mutant and t790mpositive nonsmall cell lung cancer whose disease has progressed with previous epidermal growth factor receptor tyrosine kinase inhibitor therapy methods descriptive analyses were used to compare treatment arms the primary analysis used a 2stage least squares instrumental variable regression to estimate treatment effect adjusting for treatment crossover time to deterioration defined from baseline to minimally important deterioration in eq5d5l utility was assessed using a rank preserving structural failure time model results intentiontotreat analysis of imputed data showed incremental qalys for osimertinib of 023 at 60 weeks accounting for treatment switching increased this to 052 in the primary analysis and to 063 qalys in sensitivity analysis at 150 weeks time to deterioration analysis showed longer healthrelated quality of life maintenance with osimertinib of 1276 weeks although this was at the borderline of statistical significance acceleration factor   0275 95 confidence interval 050 to 000 conclusions this analysis demonstrates methods to adjust for treatment switching in the analysis of eq5d5l from clinical trials failure to account for crossover substantially underestimated the qaly gain for osimertinib,1,0.6409139
8736,healthrelated quality of life with adjuvant nivolumab after radical resection for highrisk muscleinvasive urothelial carcinoma results from the phase 3 checkmate 274 trial,b7h1 antigen carcinoma transitional celldrug therapysurgery humans muscles nivolumabtherapeutic use platinum programmed cell death 1 receptor quality of life urinary bladder neoplasms adjuvant bladder cancer immunotherapy invasive nivolumab phase 3 quality of life radical cystectomy randomized controlled trial,background the programmed death1 pd1 inhibitor nivolumab prolongs diseasefree survival in patients with muscleinvasive urothelial carcinoma miuc objective to evaluate the effects of nivolumab on healthrelated quality of life hrqol after radical resection in patients with miuc design setting and participants we used data from 709 patients in checkmate 274 nct02632409 282 with programmed death ligand 1 pdl1 expression 1 an ongoing randomized doubleblind placebocontrolled phase 3 trial of adjuvant nivolumab intervention intravenous injection of nivolumab 240 mg or placebo every 2 wk for 1 yr outcome measurements and statistical analysis hrqol was assessed using the european organisation for research and treatment of cancer quality of life questionnaire eortc qlqc30 and the eq5d3l linear mixedeffect models for repeated measures were used to compare nivolumab and placebo on changes in hrqol time to confirmed deterioration ttcd of hrqol was analyzed by cox proportional hazards regression results and limitations in the full hrqol evaluable population no clinically meaningful deterioration of hrqol was observed in either treatment arm moreover nivolumab was noninferior to placebo on changes from baseline for all main outcomes the median ttcd for fatigue was 410 wk for nivolumab and 443 wk for placebo hazard ratio hr 111 95 confidence interval ci 089139 for the visual analog scale the median ttcd was not reached for nivolumab and it was 576 wk for placebo hr 078 95 ci 061100 the median ttcd for the other main outcomes was not reached in either treatment arm the findings were similar for patients with pdl1 expression 1 conclusions these results demonstrate that nivolumab did not compromise the hrqol of patients with miuc in checkmate 274 patient summary nivolumab is being researched as a new treatment for patients with bladder cancer urothelial carcinoma we found that nivolumab maintained quality of life while increasing the time until cancer returns in patients whose bladder cancer had spread or grown and who had unsuccessfully tried platinumcontaining chemotherapy,10.1016/j.euo.2022.02.003,healthrelated quality of life with adjuvant nivolumab after radical resection for highrisk muscleinvasive urothelial carcinoma results from the phase 3 checkmate 274 trial [SEP] b7h1 antigen carcinoma transitional celldrug therapysurgery humans muscles nivolumabtherapeutic use platinum programmed cell death 1 receptor quality of life urinary bladder neoplasms adjuvant bladder cancer immunotherapy invasive nivolumab phase 3 quality of life radical cystectomy randomized controlled trial [SEP] background the programmed death1 pd1 inhibitor nivolumab prolongs diseasefree survival in patients with muscleinvasive urothelial carcinoma miuc objective to evaluate the effects of nivolumab on healthrelated quality of life hrqol after radical resection in patients with miuc design setting and participants we used data from 709 patients in checkmate 274 nct02632409 282 with programmed death ligand 1 pdl1 expression 1 an ongoing randomized doubleblind placebocontrolled phase 3 trial of adjuvant nivolumab intervention intravenous injection of nivolumab 240 mg or placebo every 2 wk for 1 yr outcome measurements and statistical analysis hrqol was assessed using the european organisation for research and treatment of cancer quality of life questionnaire eortc qlqc30 and the eq5d3l linear mixedeffect models for repeated measures were used to compare nivolumab and placebo on changes in hrqol time to confirmed deterioration ttcd of hrqol was analyzed by cox proportional hazards regression results and limitations in the full hrqol evaluable population no clinically meaningful deterioration of hrqol was observed in either treatment arm moreover nivolumab was noninferior to placebo on changes from baseline for all main outcomes the median ttcd for fatigue was 410 wk for nivolumab and 443 wk for placebo hazard ratio hr 111 95 confidence interval ci 089139 for the visual analog scale the median ttcd was not reached for nivolumab and it was 576 wk for placebo hr 078 95 ci 061100 the median ttcd for the other main outcomes was not reached in either treatment arm the findings were similar for patients with pdl1 expression 1 conclusions these results demonstrate that nivolumab did not compromise the hrqol of patients with miuc in checkmate 274 patient summary nivolumab is being researched as a new treatment for patients with bladder cancer urothelial carcinoma we found that nivolumab maintained quality of life while increasing the time until cancer returns in patients whose bladder cancer had spread or grown and who had unsuccessfully tried platinumcontaining chemotherapy,1,0.6918537
14963,randomized controlled trial and costeffectiveness analysis of silverdonating antimicrobial dressings for venous leg ulcers vulcan trial,aged antiinfective agents localadministration  dosageeconomics costbenefit analysis female humans male middle aged occlusive dressingseconomics prospective studies qualityadjusted life years regression analysis silver compoundsadministration  dosageeconomics treatment outcome varicose ulcereconomicstherapy wound healingdrug effects,background antimicrobial silver dressings are used beneath graduated compression in the treatment of venous ulceration there is little information on whether their use is effective this was a prospective randomized trial and costeffectiveness analysis of silverdonating versus nonsilver lowadherence dressings in the treatment of venous leg ulcers methods patients were randomized between the two types of dressing the primary outcome measure was complete ulcer healing at 12 weeks secondary outcomes included time to healing quality of life and costeffectiveness results a total of 213 patients were recruited there was no difference between the dressings in the proportion of ulcers healed at 12 weeks 596 per cent for silver and 567 per cent for control dressings mean utility scores for the euroqol 5d and short form 6d were similar in both groups at 1 3 6 and 12 months compared with the control group the antimicrobial group had an incremental cost of pounds sterling 9785 and an incremental qualityadjusted life year gain of 00002 giving an incremental costeffectiveness ratio of pounds sterling 489 250 for the antimicrobial dressings conclusion no significant differences were found in either primary or secondary endpoints there was no evidence to support the routine use of silverdonating dressings beneath compression for venous ulceration registration number isrctn 72485131 httpwwwcontrolledtrialscom,10.1002/bjs.6786,randomized controlled trial and costeffectiveness analysis of silverdonating antimicrobial dressings for venous leg ulcers vulcan trial [SEP] aged antiinfective agents localadministration  dosageeconomics costbenefit analysis female humans male middle aged occlusive dressingseconomics prospective studies qualityadjusted life years regression analysis silver compoundsadministration  dosageeconomics treatment outcome varicose ulcereconomicstherapy wound healingdrug effects [SEP] background antimicrobial silver dressings are used beneath graduated compression in the treatment of venous ulceration there is little information on whether their use is effective this was a prospective randomized trial and costeffectiveness analysis of silverdonating versus nonsilver lowadherence dressings in the treatment of venous leg ulcers methods patients were randomized between the two types of dressing the primary outcome measure was complete ulcer healing at 12 weeks secondary outcomes included time to healing quality of life and costeffectiveness results a total of 213 patients were recruited there was no difference between the dressings in the proportion of ulcers healed at 12 weeks 596 per cent for silver and 567 per cent for control dressings mean utility scores for the euroqol 5d and short form 6d were similar in both groups at 1 3 6 and 12 months compared with the control group the antimicrobial group had an incremental cost of pounds sterling 9785 and an incremental qualityadjusted life year gain of 00002 giving an incremental costeffectiveness ratio of pounds sterling 489 250 for the antimicrobial dressings conclusion no significant differences were found in either primary or secondary endpoints there was no evidence to support the routine use of silverdonating dressings beneath compression for venous ulceration registration number isrctn 72485131 httpwwwcontrolledtrialscom,1,0.5973826
11779,outcome of decompression with and without fusion in spinal stenosis with degenerative spondylolisthesis in relation to preoperative pain pattern a register study of 1624 patients,aged aged 80 and over back painetiologysurgery casecontrol studies decompression surgicaladverse effects female humans male middle aged spinal fusionadverse effects spinal stenosiscomplicationssurgery spondylolisthesiscomplicationssurgery decompression degenerative spondylolisthesis function fusion outcome pain,background context patients with spinal stenosis with concomitant degenerative spondylolisthesis ds and predominant back pain pbp have been shown to have inferior outcome after surgery studies comparing outcome according to preoperative pain predominance and treatment received are lacking purpose the purpose was to study if adding spinal fusion to the decompression in ds affects outcome in patients with pbp back pain bp visual analog scale vas more than or equal to leg pain lp vas compared with predominant leg pain plp bp vas less than lp vas patient sample the swedish spine register was used and included 1624 patients operated for ds at the l4l5 level outcome measures selfreported measures were used including a vas for bp and lp the euroqol5d eq5d and the physical and mental component summaries of the shortform 36 to estimate healthrelated quality of life and the oswestry disability index odi to estimate function methods inclusion criterion was singlelevel ds operated on with either decompression only d or decompression and instrumented posterolateral fusion df based on preoperative lp and bp scores the patients were assigned to one of the two groups lp predominance or bp predominance the patients completed the outcome protocol at 1 and 2year followups statistical analysis was performed using linear regression adjusting for multiple potential confounders results in the adjusted outcome at the 1year followup patients with plp reported a 79mm more improvement on the vas for bp with fusion compared with d 95 confidence interval ci 07152 p03 despite more change in the fused group the reported bp levels remained similar in the d versus decompressed and fused at the 1year followup 28 vs 24 p77 the patients with pbp benefited from adding fusion in terms of bp 71 95 ci 03139 p04 lp 88 2157 p01 the odi 57 1699 p006 and the eq5d 009 17002 p02 at the 1year followup as the df group reported greater change in the outcome compared with the d group at the 2year followup no significant differences were found between d and decompressed and fused in either the lp or the pbp groups conclusions patients with pbp operated with df report better outcomes in terms of pain function and healthrelated quality of life than patients with d although these differences are significant on a group level they may fail to reach minimal clinical significant difference patients with plp report significantly more improvement in terms of bp with df compared with d but because of baseline differences in preoperative bp these improvements may not be explained by the added fusion per se at the 2year followup no significant differences were observed between the d and df patients in either the pbp or plp groups but greater loss to followup in the df groups could potentially bias these findings,10.1016/j.spinee.2014.11.020,outcome of decompression with and without fusion in spinal stenosis with degenerative spondylolisthesis in relation to preoperative pain pattern a register study of 1624 patients [SEP] aged aged 80 and over back painetiologysurgery casecontrol studies decompression surgicaladverse effects female humans male middle aged spinal fusionadverse effects spinal stenosiscomplicationssurgery spondylolisthesiscomplicationssurgery decompression degenerative spondylolisthesis function fusion outcome pain [SEP] background context patients with spinal stenosis with concomitant degenerative spondylolisthesis ds and predominant back pain pbp have been shown to have inferior outcome after surgery studies comparing outcome according to preoperative pain predominance and treatment received are lacking purpose the purpose was to study if adding spinal fusion to the decompression in ds affects outcome in patients with pbp back pain bp visual analog scale vas more than or equal to leg pain lp vas compared with predominant leg pain plp bp vas less than lp vas patient sample the swedish spine register was used and included 1624 patients operated for ds at the l4l5 level outcome measures selfreported measures were used including a vas for bp and lp the euroqol5d eq5d and the physical and mental component summaries of the shortform 36 to estimate healthrelated quality of life and the oswestry disability index odi to estimate function methods inclusion criterion was singlelevel ds operated on with either decompression only d or decompression and instrumented posterolateral fusion df based on preoperative lp and bp scores the patients were assigned to one of the two groups lp predominance or bp predominance the patients completed the outcome protocol at 1 and 2year followups statistical analysis was performed using linear regression adjusting for multiple potential confounders results in the adjusted outcome at the 1year followup patients with plp reported a 79mm more improvement on the vas for bp with fusion compared with d 95 confidence interval ci 07152 p03 despite more change in the fused group the reported bp levels remained similar in the d versus decompressed and fused at the 1year followup 28 vs 24 p77 the patients with pbp benefited from adding fusion in terms of bp 71 95 ci 03139 p04 lp 88 2157 p01 the odi 57 1699 p006 and the eq5d 009 17002 p02 at the 1year followup as the df group reported greater change in the outcome compared with the d group at the 2year followup no significant differences were found between d and decompressed and fused in either the lp or the pbp groups conclusions patients with pbp operated with df report better outcomes in terms of pain function and healthrelated quality of life than patients with d although these differences are significant on a group level they may fail to reach minimal clinical significant difference patients with plp report significantly more improvement in terms of bp with df compared with d but because of baseline differences in preoperative bp these improvements may not be explained by the added fusion per se at the 2year followup no significant differences were observed between the d and df patients in either the pbp or plp groups but greater loss to followup in the df groups could potentially bias these findings,1,0.56046164
9074,no clinical advantage of locking over nonlocking plate fixation of symphyseal disruptions,adult bone plates cohort studies female fracture fixation internal humans male prospective studies quality of life,purpose although locking plates have led to important changes in fracture management becoming important tools in the orthopedic surgeons arsenal the benefits of locking plates for traumatic diastasis of the pubic symphysis have not been established this study was conducted to assess the quality of life in its different domains among patients with traumatic diastasis of the pubic symphysis managed either with locking or nonlocking plate methods a prospective cohort study was undertaken at 3 level 1 trauma centres in brazil patients presenting traumatic diastasis of the pubic symphysis treated with plate fixation with a minimum followup of 12 months were eligible for inclusion through a pfannenstiel approach the pubic symphysis was reduced and fixed with a superiorly positioned 45mm four to six hole reconstruction locked plate or 35mm four to six hole reconstruction nonlocked plate posterior injury was managed during the same procedure outcome measures were adequate healing of the pelvic injuries return to preinjury level on daily activities and quality of life at the last followup visit complications and modes of failure were summarized and reviewed bivariate linear regression was used to assess individual factors affecting patients healthrelated quality of life a p value of 5 was considered significant results a total of 31 adult patients 29 males and 2 females were eligible for the study thirteen patients were managed with a reconstruction locked plate and 18 patients with a nonlocked reconstruction plate average postoperative followup time was 24 months adequate healing of the pelvic injuries was achieved in 615 of patients treated with locking plates and 944 of patients treated with nonlocking plates p0003 radiographic failure of fixation with minor complications occurred in 461 of patients after locked plating versus 111 of patients in the nonlocking plate group p00003 in bivariate analysis abnormal gait p0007 was associated with a reduced longterm quality of life as measured with the eq5d3l conclusion internal fixation of traumatic diastasis of the pubic symphysis with locking plates has no clinical advantage when compared to nonlocked plating mechanical failure and inadequate healing are significantly increased after locked plating of the pubic symphysis therefore we do not recommend routine use of locking plates for managing patients presenting traumatic diastasis of the pubic symphysis level of evidence ii prospective cohort study,10.1590/0100-6991e-20213122,no clinical advantage of locking over nonlocking plate fixation of symphyseal disruptions [SEP] adult bone plates cohort studies female fracture fixation internal humans male prospective studies quality of life [SEP] purpose although locking plates have led to important changes in fracture management becoming important tools in the orthopedic surgeons arsenal the benefits of locking plates for traumatic diastasis of the pubic symphysis have not been established this study was conducted to assess the quality of life in its different domains among patients with traumatic diastasis of the pubic symphysis managed either with locking or nonlocking plate methods a prospective cohort study was undertaken at 3 level 1 trauma centres in brazil patients presenting traumatic diastasis of the pubic symphysis treated with plate fixation with a minimum followup of 12 months were eligible for inclusion through a pfannenstiel approach the pubic symphysis was reduced and fixed with a superiorly positioned 45mm four to six hole reconstruction locked plate or 35mm four to six hole reconstruction nonlocked plate posterior injury was managed during the same procedure outcome measures were adequate healing of the pelvic injuries return to preinjury level on daily activities and quality of life at the last followup visit complications and modes of failure were summarized and reviewed bivariate linear regression was used to assess individual factors affecting patients healthrelated quality of life a p value of 5 was considered significant results a total of 31 adult patients 29 males and 2 females were eligible for the study thirteen patients were managed with a reconstruction locked plate and 18 patients with a nonlocked reconstruction plate average postoperative followup time was 24 months adequate healing of the pelvic injuries was achieved in 615 of patients treated with locking plates and 944 of patients treated with nonlocking plates p0003 radiographic failure of fixation with minor complications occurred in 461 of patients after locked plating versus 111 of patients in the nonlocking plate group p00003 in bivariate analysis abnormal gait p0007 was associated with a reduced longterm quality of life as measured with the eq5d3l conclusion internal fixation of traumatic diastasis of the pubic symphysis with locking plates has no clinical advantage when compared to nonlocked plating mechanical failure and inadequate healing are significantly increased after locked plating of the pubic symphysis therefore we do not recommend routine use of locking plates for managing patients presenting traumatic diastasis of the pubic symphysis level of evidence ii prospective cohort study,1,0.5458717
960,healthrelated quality of life and behaviorrelated lifestyle changes due to the covid19 home confinement dataset from a moroccan sample,ari absolute risk increase arr absolute risk reduction behaviorrelated lifestyle covid19 pandemic eq5d5l hrqol healthrelated quality of life healthrelated quality of life home confinement,the severe acute respiratory syndrome coronavirus 2 sarscov2 virus initially appeared in wuhan hubei province china has caused a novel coronavirus disease covid19 1 the disease is rapidly spread around the world causing thousands of deaths and posing critical challenges for public health and clinical research in the world the outbreak was declared by the world health organization who as a public health emergency of international concern nowadays there are more than 18 millions of confirmed cases of coronavirus across the world with a total of 702903 deaths 2 in morocco there are 28500 confirmed cases and 345 deaths forecasts for the cumulative number of confirmed recovered active and death cases were recently provided 3 to manage the pandemic spread several countries adopted proactive and preventive measures including home confinement of the population however there is evidence that these measures particularly home confinement can cause unprecedented disruption in the wellbeing of the population being forced to stay at home and the daily activities restrictions could impact the citizens healthrelated quality of life hrqol and behaviorrelated lifestyle it has been reported that the covid19 pandemic has an impact on psychological behaviors 4 mental health 5 and anxietydepression 6 the moroccan population was under home confinement from march 20 2020 assessing rapidly and simply the hrqol during crisis such as the home confinement is a challenge of interest to provide speedy information to authorities which allow best management of damages yielding in crisis situation the eq5d instrument is a generic questionnaire developed by the euroqol group for measuring the hrqol by combining five health dimensions mobility selfcare usual activities paindiscomfort and anxietydepression 7 the eq5d instrument is translated into more than 300 languages and exhibit good reliability and validity in both patients and general population herein we used the eq5d5l instrument to assess for the first time the impact of the home confinement on the hrqol also we evaluated the changes in behaviors by asking some questions related to lifestyle before and during the home confinement these data can help the moroccan authorities and other countries to more understand the impact of this crisis on citizens and therefore to set up adequate protocols for managing the postconfinement or possible future crisis we provided two datasets 1 data we collected before confinement from a sample of 484 individuals describing their hrqol 8 and 2 data we collected during the home confinement period from a sample of 537 individuals describing their hrqol and behaviorrelated lifestyle,10.1016/j.dib.2020.106239,healthrelated quality of life and behaviorrelated lifestyle changes due to the covid19 home confinement dataset from a moroccan sample [SEP] ari absolute risk increase arr absolute risk reduction behaviorrelated lifestyle covid19 pandemic eq5d5l hrqol healthrelated quality of life healthrelated quality of life home confinement [SEP] the severe acute respiratory syndrome coronavirus 2 sarscov2 virus initially appeared in wuhan hubei province china has caused a novel coronavirus disease covid19 1 the disease is rapidly spread around the world causing thousands of deaths and posing critical challenges for public health and clinical research in the world the outbreak was declared by the world health organization who as a public health emergency of international concern nowadays there are more than 18 millions of confirmed cases of coronavirus across the world with a total of 702903 deaths 2 in morocco there are 28500 confirmed cases and 345 deaths forecasts for the cumulative number of confirmed recovered active and death cases were recently provided 3 to manage the pandemic spread several countries adopted proactive and preventive measures including home confinement of the population however there is evidence that these measures particularly home confinement can cause unprecedented disruption in the wellbeing of the population being forced to stay at home and the daily activities restrictions could impact the citizens healthrelated quality of life hrqol and behaviorrelated lifestyle it has been reported that the covid19 pandemic has an impact on psychological behaviors 4 mental health 5 and anxietydepression 6 the moroccan population was under home confinement from march 20 2020 assessing rapidly and simply the hrqol during crisis such as the home confinement is a challenge of interest to provide speedy information to authorities which allow best management of damages yielding in crisis situation the eq5d instrument is a generic questionnaire developed by the euroqol group for measuring the hrqol by combining five health dimensions mobility selfcare usual activities paindiscomfort and anxietydepression 7 the eq5d instrument is translated into more than 300 languages and exhibit good reliability and validity in both patients and general population herein we used the eq5d5l instrument to assess for the first time the impact of the home confinement on the hrqol also we evaluated the changes in behaviors by asking some questions related to lifestyle before and during the home confinement these data can help the moroccan authorities and other countries to more understand the impact of this crisis on citizens and therefore to set up adequate protocols for managing the postconfinement or possible future crisis we provided two datasets 1 data we collected before confinement from a sample of 484 individuals describing their hrqol 8 and 2 data we collected during the home confinement period from a sample of 537 individuals describing their hrqol and behaviorrelated lifestyle,1,0.500039
5534,patientreported outcomes of ductoscopy procedures for pathologic nipple discharge,adult aged aged 80 and over breast neoplasmsdiagnostic imagingepidemiology endoscopymethods female followup studies health surveys humans mammary glands humandiagnostic imaging middle aged netherlandsepidemiology nipple dischargediagnostic imaging patient reported outcome measures prospective studies quality of life reproducibility of results ductoscopy pathologic nipple dischage quality of life,background pathologic nipple discharge pnd is a common complaint often associated with breast cancer however when ultrasound and mammography are negative the chances of malignancy are lower than 5 currently major duct excision and microdochectomy are often recommended to alleviate symptoms and definitely rule out malignancy but can cause infections and breastfeeding problems ductoscopy is a minimally invasive endoscopy technique that allows visualization of the mammary ducts and may not only obviate surgery but also detect malignancy the aim of this study was to determine quality of life qol after ductoscopy in patients with pnd materials and methods all pnd patients referred for ductoscopy between 2014 and 2015 to our hospital were included ductoscopy procedures were performed under local anaesthesia in the outpatient clinic patients were asked to fill out questionnaires breastq eq5d5l and sf36 on the day of ductoscopy and after 2 weeks 3 and 6 months additionally we performed reliability analysis to determine if these questionnaires were suitable for pnd patients results fifty consecutive patients underwent ductoscopy of whom 47 patients participated in this study one domain of sf36 vitality varied significantly over time breastq sf36 and eq5d5l showed that qol after ductoscopy for pnd was unaffected by ductoscopy success of the ductoscopy procedure was a significant predictor for satisfaction with the result domain conclusion ductoscopy is a minimally invasive technique that does not seem to impact qol of pnd patients over time breastq sf36 and eq5d5l seem to be suitable existing qol tests for pnd patients undergoing ductoscopy whereas sf36 would require modifications,10.1007/s12282-020-01184-y,patientreported outcomes of ductoscopy procedures for pathologic nipple discharge [SEP] adult aged aged 80 and over breast neoplasmsdiagnostic imagingepidemiology endoscopymethods female followup studies health surveys humans mammary glands humandiagnostic imaging middle aged netherlandsepidemiology nipple dischargediagnostic imaging patient reported outcome measures prospective studies quality of life reproducibility of results ductoscopy pathologic nipple dischage quality of life [SEP] background pathologic nipple discharge pnd is a common complaint often associated with breast cancer however when ultrasound and mammography are negative the chances of malignancy are lower than 5 currently major duct excision and microdochectomy are often recommended to alleviate symptoms and definitely rule out malignancy but can cause infections and breastfeeding problems ductoscopy is a minimally invasive endoscopy technique that allows visualization of the mammary ducts and may not only obviate surgery but also detect malignancy the aim of this study was to determine quality of life qol after ductoscopy in patients with pnd materials and methods all pnd patients referred for ductoscopy between 2014 and 2015 to our hospital were included ductoscopy procedures were performed under local anaesthesia in the outpatient clinic patients were asked to fill out questionnaires breastq eq5d5l and sf36 on the day of ductoscopy and after 2 weeks 3 and 6 months additionally we performed reliability analysis to determine if these questionnaires were suitable for pnd patients results fifty consecutive patients underwent ductoscopy of whom 47 patients participated in this study one domain of sf36 vitality varied significantly over time breastq sf36 and eq5d5l showed that qol after ductoscopy for pnd was unaffected by ductoscopy success of the ductoscopy procedure was a significant predictor for satisfaction with the result domain conclusion ductoscopy is a minimally invasive technique that does not seem to impact qol of pnd patients over time breastq sf36 and eq5d5l seem to be suitable existing qol tests for pnd patients undergoing ductoscopy whereas sf36 would require modifications,1,0.5424963
7975,active residents in care homes arch study protocol to investigate the implementation and outcomes of a wholesystems activity programme in residential care homes for older people,aged environment exercise health promotionorganization  administration health status homes for the agedorganization  administration humans nursing homesorganization  administration occupational therapyorganization  administration physical therapy modalities quality of life research design united kingdom activity older people quality of life residential care homes wholesystems programme,objectives to evaluate the effectiveness acceptability and costs of active residents in care homes arch  a programme aiming to increase opportunities for activity in older care home residents design feasibility study setting residential care homes for older people participants 1015 residents staff and family members will be recruited in each of the three participating care homes intervention arch is a 12month wholesystems programme implemented by occupational therapists and physiotherapists they will conduct a comprehensive assessment of each care home considering the physical environment working practices and organisation structure as well as residents individual needs and recommend ways to address barriers and increase residents activity levels the therapists will then work with staff to improve understanding of the issues instigate training environmental organisational and working practice changes as necessary main outcome measures residents activity levels health and quality of life will be tested using several measures to see which are practicable and appropriate for this population in this context this includes assessment of physical activity in frail older people pool activity level checklist dementia care mapping observations and eq5d5l residents will be assessed prior to programme implementation then 4 and 12months postimplementation semistructured interviews will explore the experiences of residents staff family members and therapists conclusions providing evidence of effectiveness and acceptability of arch and documenting factors that impedefacilitate implementation will help us identify ways to enhance the care and quality of life of older people in residential care and our understanding of how to implement them trial registration isrctn24000891,10.1016/j.physio.2015.12.001,active residents in care homes arch study protocol to investigate the implementation and outcomes of a wholesystems activity programme in residential care homes for older people [SEP] aged environment exercise health promotionorganization  administration health status homes for the agedorganization  administration humans nursing homesorganization  administration occupational therapyorganization  administration physical therapy modalities quality of life research design united kingdom activity older people quality of life residential care homes wholesystems programme [SEP] objectives to evaluate the effectiveness acceptability and costs of active residents in care homes arch  a programme aiming to increase opportunities for activity in older care home residents design feasibility study setting residential care homes for older people participants 1015 residents staff and family members will be recruited in each of the three participating care homes intervention arch is a 12month wholesystems programme implemented by occupational therapists and physiotherapists they will conduct a comprehensive assessment of each care home considering the physical environment working practices and organisation structure as well as residents individual needs and recommend ways to address barriers and increase residents activity levels the therapists will then work with staff to improve understanding of the issues instigate training environmental organisational and working practice changes as necessary main outcome measures residents activity levels health and quality of life will be tested using several measures to see which are practicable and appropriate for this population in this context this includes assessment of physical activity in frail older people pool activity level checklist dementia care mapping observations and eq5d5l residents will be assessed prior to programme implementation then 4 and 12months postimplementation semistructured interviews will explore the experiences of residents staff family members and therapists conclusions providing evidence of effectiveness and acceptability of arch and documenting factors that impedefacilitate implementation will help us identify ways to enhance the care and quality of life of older people in residential care and our understanding of how to implement them trial registration isrctn24000891,0,0.5910796
15468,quality of life during firstline folfox4panitumumab in ras wildtype metastatic colorectal carcinoma results from a randomised controlled trial,egfr inhibitors chemotherapy metastatic colorectal cancer quality of life tumour shrinkage,introduction metastatic colorectal cancer is rarely curable improving quality of life is therefore a key treatment goal we report quality of life for patients with ras wildtype metastatic colorectal cancer in the prime study methods a randomised phase 3 openlabel study of firstline panitumumabfolfox4 vs folfox4 enrolled adults with untreated metastatic colorectal cancer and an eastern cooperative oncology group performance status of 02 this analysis includes patients with wildtype ras tumours n505 quality of life prespecified end point was assessed using the euroqol 5domain health state index and overall health rating in all patients and by early tumour shrinkage status 30 reduction in size by week 8 exploratory end point differences in quality of life were assessed using analysis of covariance and a mixedeffect piecewise linear model and were also analysed by skin toxicity severity results there were no statistically significant differences between treatment arms from baseline to progression or to discontinuation grade 3 skin toxicity was reported by 38 of patients receiving panitumumabfolfox4 and 2 receiving folfox4 alone there were no significant differences in quality of life between patients with grade 02 skin toxicity and those with grade 3 skin toxicity more patients receiving panitumumabfolfox4 vs folfox4 had early tumour shrinkage p001 in patients with tumour symptoms at baseline there were statistically significant improvements in quality of life in those with early tumour shrinkage versus those without early tumour shrinkage conclusions addition of panitumumab to folfox4 in firstline therapy for metastatic colorectal cancer prolongs survival and has no negative effect on overall quality of life compared with folfox4 alone specific quality of life assessments for skin toxicity should be included in study designs to better define the direct effect of these adverse events trial registration number nct00364013,10.1136/esmoopen-2016-000041,quality of life during firstline folfox4panitumumab in ras wildtype metastatic colorectal carcinoma results from a randomised controlled trial [SEP] egfr inhibitors chemotherapy metastatic colorectal cancer quality of life tumour shrinkage [SEP] introduction metastatic colorectal cancer is rarely curable improving quality of life is therefore a key treatment goal we report quality of life for patients with ras wildtype metastatic colorectal cancer in the prime study methods a randomised phase 3 openlabel study of firstline panitumumabfolfox4 vs folfox4 enrolled adults with untreated metastatic colorectal cancer and an eastern cooperative oncology group performance status of 02 this analysis includes patients with wildtype ras tumours n505 quality of life prespecified end point was assessed using the euroqol 5domain health state index and overall health rating in all patients and by early tumour shrinkage status 30 reduction in size by week 8 exploratory end point differences in quality of life were assessed using analysis of covariance and a mixedeffect piecewise linear model and were also analysed by skin toxicity severity results there were no statistically significant differences between treatment arms from baseline to progression or to discontinuation grade 3 skin toxicity was reported by 38 of patients receiving panitumumabfolfox4 and 2 receiving folfox4 alone there were no significant differences in quality of life between patients with grade 02 skin toxicity and those with grade 3 skin toxicity more patients receiving panitumumabfolfox4 vs folfox4 had early tumour shrinkage p001 in patients with tumour symptoms at baseline there were statistically significant improvements in quality of life in those with early tumour shrinkage versus those without early tumour shrinkage conclusions addition of panitumumab to folfox4 in firstline therapy for metastatic colorectal cancer prolongs survival and has no negative effect on overall quality of life compared with folfox4 alone specific quality of life assessments for skin toxicity should be included in study designs to better define the direct effect of these adverse events trial registration number nct00364013,1,0.68102926
14828,the impact of arthritis on pain and quality of life an australian survey,activities of daily living adolescent adult aged arthralgiadiagnosisepidemiologyphysiopathologypsychologytherapy arthritisdiagnosisepidemiologyphysiopathologypsychologytherapy australiaepidemiology cost of illness crosssectional studies disability evaluation female health care surveys health status humans male middle aged pain management pain measurement patient satisfaction quality of life severity of illness index treatment outcome young adult arthritis impact pain quality of life,objective to determine the impact of arthritis pain and quality of life among adults with arthritisrelated pain in australia methods a crosssectional survey was conducted on a convenience sample of adults with arthritisrelated pain in australia from an access research panel the survey was administered to 1039 participants who reported experiencing pain or loss of mobility as a result of their arthritis the survey covered details of their condition descriptions of the pain impacts of pain on their daily lives information regarding pain management and medication the measure of intermittent and constant osteoarthritis pain icoap tool the eq5d a standardized measure of health tool and demographic information results osteoarthritis oa was the most common form of arthritis 69 of respondents the back 65 knees 64 and fingers 61 were the regions in which pain was most commonly reported 87 of respondents reported that their pain tended to change in intensity with exercise and cold weather producing significantly increased levels of pain fortyseven percent of patients reported that the worst impact of arthritis was on their capacity to carry out activities of daily living the majority of patients 71 found their pain management programs to be of medium effectiveness or fairly effective although 17 described it as ineffective conclusion persons with arthritis in australia demonstrate marked painrelated functional impairment characterized by difficulty with many aspects of daily activity the results suggest that a substantial benefit may be derived from increased awareness of the disease and increased knowledge about the potential for improved management,10.1111/1756-185X.12232,the impact of arthritis on pain and quality of life an australian survey [SEP] activities of daily living adolescent adult aged arthralgiadiagnosisepidemiologyphysiopathologypsychologytherapy arthritisdiagnosisepidemiologyphysiopathologypsychologytherapy australiaepidemiology cost of illness crosssectional studies disability evaluation female health care surveys health status humans male middle aged pain management pain measurement patient satisfaction quality of life severity of illness index treatment outcome young adult arthritis impact pain quality of life [SEP] objective to determine the impact of arthritis pain and quality of life among adults with arthritisrelated pain in australia methods a crosssectional survey was conducted on a convenience sample of adults with arthritisrelated pain in australia from an access research panel the survey was administered to 1039 participants who reported experiencing pain or loss of mobility as a result of their arthritis the survey covered details of their condition descriptions of the pain impacts of pain on their daily lives information regarding pain management and medication the measure of intermittent and constant osteoarthritis pain icoap tool the eq5d a standardized measure of health tool and demographic information results osteoarthritis oa was the most common form of arthritis 69 of respondents the back 65 knees 64 and fingers 61 were the regions in which pain was most commonly reported 87 of respondents reported that their pain tended to change in intensity with exercise and cold weather producing significantly increased levels of pain fortyseven percent of patients reported that the worst impact of arthritis was on their capacity to carry out activities of daily living the majority of patients 71 found their pain management programs to be of medium effectiveness or fairly effective although 17 described it as ineffective conclusion persons with arthritis in australia demonstrate marked painrelated functional impairment characterized by difficulty with many aspects of daily activity the results suggest that a substantial benefit may be derived from increased awareness of the disease and increased knowledge about the potential for improved management,1,0.55486345
13908,circumferential fusion is dominant over posterolateral fusion in a longterm perspective costutility evaluation of a randomized controlled trial in severe chronic low back pain,adult aged chronic diseasetherapy cohort studies costbenefit analysisstatistics  numerical data female followup studies humans intervertebral discpathologysurgery intervertebral disc displacementpathologysurgery low back painetiologypathologysurgery lumbar vertebraepathologysurgery male middle aged pain intractableetiologypathologysurgery prospective studies spinal fusioneconomicsmethodsstatistics  numerical data spondylolisthesispathologysurgery time treatment outcome,study design costutility evaluation of a randomized controlled trial with a 4 to 8year followup objective to investigate the incremental cost per qualityadjustedlifeyear qaly when comparing circumferential fusion to posterolateral fusion in a longterm societal perspective summary of background data the costeffectiveness of circumferential fusion in a longterm perspective is uncertain but nonetheless highly relevant as the issls prize winner 2006 in clinical studies reported the effect of circumferential fusion superior to the effect of posterolateral fusion a recent trial found no significant difference between posterolateral and circumferential fusion reporting costeffectiveness from a 2year viewpoint methods a total of 146 patients were randomized to posterolateral or circumferential fusion and followed 4 to 8 years after surgery the mean age of the cohort was 46 years range 2065 years 61 were females 49 were smokers 30 had primary diagnosis of isthmic spondylolisthesis 35 had disc degeneration and no previous surgery and 35 had disc degeneration and previous surgery eightytwo percent of patients have had symptoms for more than 2 years and 50 were out of the labor market due to sickness the eq5d instrument was applied for the measurement of healthrelated quality of life and costs 2004 us dollars were measured in a fullscale societal perspective productivity costs were valued by the friction cost method and both costs and effects were discounted arithmetic means and 95 biascorrected bootstrapped confidence intervals were reported nonparametric statistics were used for tests of statistical significance comprehensive sensitivity analysis was conducted and reported using costeffectiveness acceptability curves results the circumferential group demonstrated clinical superiority over the posterolateral fusion group in functional outcome p  001 fusion rate p  004 and number of reoperations p  001 among others costutility analysis demonstrated circumferential fusion dominant over posterolateral fusion that is for each qaly gained performing circumferential fusion the incremental saving was estimated at us 49306 95 confidence interval 271832735712 results proved to be strong to various sensitivity analyses only a differentiated underestimation of patients need for postoperative household help against the circumferential approach could alter the dominance however still the probability of costeffectiveness was 085 given a threshold for willingness to pay of us 50000 per qaly conclusion circumferential fusion is dominant over instrumented posterolateral fusion that is both being significantly cheaper and significantly better in a longterm societal perspective,10.1097/BRS.0b013e3181573b2d,circumferential fusion is dominant over posterolateral fusion in a longterm perspective costutility evaluation of a randomized controlled trial in severe chronic low back pain [SEP] adult aged chronic diseasetherapy cohort studies costbenefit analysisstatistics  numerical data female followup studies humans intervertebral discpathologysurgery intervertebral disc displacementpathologysurgery low back painetiologypathologysurgery lumbar vertebraepathologysurgery male middle aged pain intractableetiologypathologysurgery prospective studies spinal fusioneconomicsmethodsstatistics  numerical data spondylolisthesispathologysurgery time treatment outcome [SEP] study design costutility evaluation of a randomized controlled trial with a 4 to 8year followup objective to investigate the incremental cost per qualityadjustedlifeyear qaly when comparing circumferential fusion to posterolateral fusion in a longterm societal perspective summary of background data the costeffectiveness of circumferential fusion in a longterm perspective is uncertain but nonetheless highly relevant as the issls prize winner 2006 in clinical studies reported the effect of circumferential fusion superior to the effect of posterolateral fusion a recent trial found no significant difference between posterolateral and circumferential fusion reporting costeffectiveness from a 2year viewpoint methods a total of 146 patients were randomized to posterolateral or circumferential fusion and followed 4 to 8 years after surgery the mean age of the cohort was 46 years range 2065 years 61 were females 49 were smokers 30 had primary diagnosis of isthmic spondylolisthesis 35 had disc degeneration and no previous surgery and 35 had disc degeneration and previous surgery eightytwo percent of patients have had symptoms for more than 2 years and 50 were out of the labor market due to sickness the eq5d instrument was applied for the measurement of healthrelated quality of life and costs 2004 us dollars were measured in a fullscale societal perspective productivity costs were valued by the friction cost method and both costs and effects were discounted arithmetic means and 95 biascorrected bootstrapped confidence intervals were reported nonparametric statistics were used for tests of statistical significance comprehensive sensitivity analysis was conducted and reported using costeffectiveness acceptability curves results the circumferential group demonstrated clinical superiority over the posterolateral fusion group in functional outcome p  001 fusion rate p  004 and number of reoperations p  001 among others costutility analysis demonstrated circumferential fusion dominant over posterolateral fusion that is for each qaly gained performing circumferential fusion the incremental saving was estimated at us 49306 95 confidence interval 271832735712 results proved to be strong to various sensitivity analyses only a differentiated underestimation of patients need for postoperative household help against the circumferential approach could alter the dominance however still the probability of costeffectiveness was 085 given a threshold for willingness to pay of us 50000 per qaly conclusion circumferential fusion is dominant over instrumented posterolateral fusion that is both being significantly cheaper and significantly better in a longterm societal perspective,1,0.5148311
10643,utilities of the eq5d transferable or not,economics pharmaceuticalstatistics  numerical data europe health status humans quality of life,background within the framework of economic evaluations the transferability of utility scores between jurisdictions remains unclear the eq5d is a generic instrument for measuring healthrelated quality of life in economic evaluations which can be used for comparing utility scores across countries at present the eq5d has several national value sets or tariffs nevertheless utility estimates from foreign studies are often used directly for costeffectiveness estimates without adapting by applying the appropriate national value set it is unclear if this practice is advisable due to dissimilarities between the national value sets objectives to examine the effects of differences in national eq5d value sets on absolute and marginal utilities of health states and determine to what degree these differences can be explained by methodological factors methods first the relative importance of the eq5d domains for the utility estimates was compared across the 15 value sets second two hypothetical health states for a depressed patient and a pain patient 21232 and 33321 were selected for additional analysis by comparing the utilities as scored by the value sets the marginal influence of a onelevel deterioration in a domain of these health states on the utility estimate was then determined third the differences between the value sets were examined in more detail by using multilevel analysis to examine the role of methodological differences in the valuation studies results differences can be perceived between the national value sets of the eq5d in the preferences for the domains the utilities of the two hypothetical health states show that the value sets differ substantially furthermore the differences between the marginal values of the deteriorations are large which can be explained partly by the type of valuation method other methodological differences also influence the value sets conclusions all results indicate that the differences between the eq5d value sets are considerable and should not be ignored the differences can largely be explained by methodological differences in the valuation studies the remaining differences may reflect cultural dissimilarities between countries therefore further research should focus on investigating the transferability of utilities across countries or agreeing on a standard to perform valuation studies for the time being transferring utilities from one country to another without any adjustment is not advisable,10.2165/11314120-000000000-00000,utilities of the eq5d transferable or not [SEP] economics pharmaceuticalstatistics  numerical data europe health status humans quality of life [SEP] background within the framework of economic evaluations the transferability of utility scores between jurisdictions remains unclear the eq5d is a generic instrument for measuring healthrelated quality of life in economic evaluations which can be used for comparing utility scores across countries at present the eq5d has several national value sets or tariffs nevertheless utility estimates from foreign studies are often used directly for costeffectiveness estimates without adapting by applying the appropriate national value set it is unclear if this practice is advisable due to dissimilarities between the national value sets objectives to examine the effects of differences in national eq5d value sets on absolute and marginal utilities of health states and determine to what degree these differences can be explained by methodological factors methods first the relative importance of the eq5d domains for the utility estimates was compared across the 15 value sets second two hypothetical health states for a depressed patient and a pain patient 21232 and 33321 were selected for additional analysis by comparing the utilities as scored by the value sets the marginal influence of a onelevel deterioration in a domain of these health states on the utility estimate was then determined third the differences between the value sets were examined in more detail by using multilevel analysis to examine the role of methodological differences in the valuation studies results differences can be perceived between the national value sets of the eq5d in the preferences for the domains the utilities of the two hypothetical health states show that the value sets differ substantially furthermore the differences between the marginal values of the deteriorations are large which can be explained partly by the type of valuation method other methodological differences also influence the value sets conclusions all results indicate that the differences between the eq5d value sets are considerable and should not be ignored the differences can largely be explained by methodological differences in the valuation studies the remaining differences may reflect cultural dissimilarities between countries therefore further research should focus on investigating the transferability of utilities across countries or agreeing on a standard to perform valuation studies for the time being transferring utilities from one country to another without any adjustment is not advisable,1,0.63788885
8092,safety and efficacy of galgeuntanggacheongungsinyi a herbal formula for the treatment of chronic rhinosinusitis a study protocol for a randomized controlled trial,adult chronic disease clinical protocols drugs chinese herbaladministration  dosagepharmacology endoscopymethods far eastepidemiology female humans immunoglobulin eblood male middle aged rhinitisdrug therapy sinusitisdrug therapy treatment outcome,introduction a herbal formula galgeuntanggacheongungsinyi ggtcs is traditionally used for the treatment of rhinosinusitis in east asian countries however there is a dearth of clinical evidence supporting the effects of this medication here we describe the protocol for a randomized controlled study designed to investigate the efficacy and safety of ggtcs for the treatment of chronic rhinosinusitis crs methods and analysis to investigate the clinical efficacy and safety of ggtcs for the treatment of crs a randomized doubleblind placebocontrolled parallel group clinical trial has been designed a total of 58 participants with crs will be recruited and randomly allocated to a ggtcs or placebo group in a 11 ratio the participants will be administered ggtcs or placebo granules 3 times a day for 8 weeks data will be collected from the participants at baseline and at 1 2 4 and 8 weeks after random allocation the primary outcome measure will be the mean change in the sinonasal outcome test22 score from baseline to 8 weeks the secondary outcomes will include the total nasal symptom score euroqol 5 dimensions 5 levels score nasal endoscopy index lundmackay score and total serum immunoglobulin e level discussion the key elements for conducting a highquality randomized clinical trial have been addressed in this protocol in summary the findings of this study are expected to provide a base for largescale randomized controlled trials to confirm the safety and efficacy of ggtcs for the treatment of crs and may consequently serve to improve future treatment strategies for this condition trial registration this study has been registered at the korean national clinical trial registry clinical research information service kct0002835,10.1097/MD.0000000000011196,safety and efficacy of galgeuntanggacheongungsinyi a herbal formula for the treatment of chronic rhinosinusitis a study protocol for a randomized controlled trial [SEP] adult chronic disease clinical protocols drugs chinese herbaladministration  dosagepharmacology endoscopymethods far eastepidemiology female humans immunoglobulin eblood male middle aged rhinitisdrug therapy sinusitisdrug therapy treatment outcome [SEP] introduction a herbal formula galgeuntanggacheongungsinyi ggtcs is traditionally used for the treatment of rhinosinusitis in east asian countries however there is a dearth of clinical evidence supporting the effects of this medication here we describe the protocol for a randomized controlled study designed to investigate the efficacy and safety of ggtcs for the treatment of chronic rhinosinusitis crs methods and analysis to investigate the clinical efficacy and safety of ggtcs for the treatment of crs a randomized doubleblind placebocontrolled parallel group clinical trial has been designed a total of 58 participants with crs will be recruited and randomly allocated to a ggtcs or placebo group in a 11 ratio the participants will be administered ggtcs or placebo granules 3 times a day for 8 weeks data will be collected from the participants at baseline and at 1 2 4 and 8 weeks after random allocation the primary outcome measure will be the mean change in the sinonasal outcome test22 score from baseline to 8 weeks the secondary outcomes will include the total nasal symptom score euroqol 5 dimensions 5 levels score nasal endoscopy index lundmackay score and total serum immunoglobulin e level discussion the key elements for conducting a highquality randomized clinical trial have been addressed in this protocol in summary the findings of this study are expected to provide a base for largescale randomized controlled trials to confirm the safety and efficacy of ggtcs for the treatment of crs and may consequently serve to improve future treatment strategies for this condition trial registration this study has been registered at the korean national clinical trial registry clinical research information service kct0002835,0,0.50718457
9712,selfmanaged occupational therapy and physiotherapy for adults receiving inpatient rehabilitation my therapy protocol for a steppedwedge cluster randomised trial,adult australia costbenefit analysis humans inpatients occupational therapy patient discharge physical therapy modalities quality of life randomized controlled trials as topic economic exercise implementation independence intensity occupational therapy physical therapy physiotherapy rehabilitation selfmanagement,background ensuring patients receive an effective dose of therapeutic exercises and activities is a significant challenge for inpatient rehabilitation my therapy is a selfmanagement program which encourages independent practice of occupational therapy and physiotherapy exercises and activities outside of supervised therapy sessions methods this implementation trial aims to determine both the clinical effectiveness of my therapy on the outcomes of function and healthrelated quality of life and costeffectiveness per minimal clinically important difference mcid in functional independence achieved and per quality adjusted life year qaly gained compared to usual care using a steppedwedge cluster randomised design my therapy will be implemented across eight rehabilitation wards inpatient and homebased within two public and two private australian health networks over 54weeks we will include 2160 patients aged 18  years receiving rehabilitation for any diagnosis each ward will transition from the usual care condition control group receiving usual care to the experimental condition intervention group receiving my therapy in addition to usual care sequentially at sixweek intervals the primary clinical outcome is achievement of a mcid in the functional independence measure fim at discharge secondary outcomes include improvement in quality of life eq5d5l at discharge length of stay 30day readmissions discharge accommodation followup rehabilitation services and adverse events falls the economic outcomes are the costeffectiveness per mcid in functional independence fim achieved and per qaly gained for my therapy compared to usual care from a healthcare sector perspective cost of implementation will also be reported clinical outcomes will be analysed via mixedeffects linear or logistic regression models and economic outcomes will be analysed via incremental costeffectiveness ratios discussion the my therapy implementation trial will determine the effect of adding selfmanagement within inpatient rehabilitation care the results may influence health service models of rehabilitation including recommendations for systemic change to the inpatient rehabilitation model of care to include selfmanagement findings have the potential to improve patient function and quality of life and the ability to participate in selfmanagement potential health service benefits include reduced hospital length of stay improved access to rehabilitation and reduced health service costs trial registration this study was prospectively registered with the australian and new zealand clinical trials registry actrn12621000313831 registered 22032021 httpwwwanzctrorgautrialregistrationtrialreviewaspxid380828isreviewtrue ,10.1186/s12913-021-06462-9,selfmanaged occupational therapy and physiotherapy for adults receiving inpatient rehabilitation my therapy protocol for a steppedwedge cluster randomised trial [SEP] adult australia costbenefit analysis humans inpatients occupational therapy patient discharge physical therapy modalities quality of life randomized controlled trials as topic economic exercise implementation independence intensity occupational therapy physical therapy physiotherapy rehabilitation selfmanagement [SEP] background ensuring patients receive an effective dose of therapeutic exercises and activities is a significant challenge for inpatient rehabilitation my therapy is a selfmanagement program which encourages independent practice of occupational therapy and physiotherapy exercises and activities outside of supervised therapy sessions methods this implementation trial aims to determine both the clinical effectiveness of my therapy on the outcomes of function and healthrelated quality of life and costeffectiveness per minimal clinically important difference mcid in functional independence achieved and per quality adjusted life year qaly gained compared to usual care using a steppedwedge cluster randomised design my therapy will be implemented across eight rehabilitation wards inpatient and homebased within two public and two private australian health networks over 54weeks we will include 2160 patients aged 18  years receiving rehabilitation for any diagnosis each ward will transition from the usual care condition control group receiving usual care to the experimental condition intervention group receiving my therapy in addition to usual care sequentially at sixweek intervals the primary clinical outcome is achievement of a mcid in the functional independence measure fim at discharge secondary outcomes include improvement in quality of life eq5d5l at discharge length of stay 30day readmissions discharge accommodation followup rehabilitation services and adverse events falls the economic outcomes are the costeffectiveness per mcid in functional independence fim achieved and per qaly gained for my therapy compared to usual care from a healthcare sector perspective cost of implementation will also be reported clinical outcomes will be analysed via mixedeffects linear or logistic regression models and economic outcomes will be analysed via incremental costeffectiveness ratios discussion the my therapy implementation trial will determine the effect of adding selfmanagement within inpatient rehabilitation care the results may influence health service models of rehabilitation including recommendations for systemic change to the inpatient rehabilitation model of care to include selfmanagement findings have the potential to improve patient function and quality of life and the ability to participate in selfmanagement potential health service benefits include reduced hospital length of stay improved access to rehabilitation and reduced health service costs trial registration this study was prospectively registered with the australian and new zealand clinical trials registry actrn12621000313831 registered 22032021 httpwwwanzctrorgautrialregistrationtrialreviewaspxid380828isreviewtrue ,0,0.59078175
10366,primary care medical home experience and healthrelated quality of life among adult medicaid patients with type 2 diabetes,adolescent adult crosssectional studies diabetes mellitus type 2diagnosispsychologytherapy female health status humans male medicaidstandards middle aged patientcentered caremethodsstandards primary health caremethodsstandards quality of lifepsychology united statesepidemiology young adult,purpose to examine whether patientreported indicators of medical home performance are associated with healthrelated quality of life hrqol among adults with type 2 diabetes methods crosssectional survey of 540 patients with medicaid insurance and type 2 diabetes in los angeles county the primary care assessment tool was used to measure seven features of medical home performance the euroqol eq5d3l eq5d was used to measure hrqol results higher total medical home performance was correlated with better overall hrqol a onepoint change in total medical home score was associated with a 006point higher score on the eq5d index 95  confidence interval ci 001011 which is a clinically meaningful difference the total score was also significantly associated with a lower likelihood of problems on one domain of the eq5d pain longitudinality was the only medical home feature associated with better general health status ordered odds ratio  178 95  ci 104303 the positive relationship of medical home with the eq5d appears to be present predominantly among women conclusion overall medical home experience is favorably associated with hrqol among vulnerable adult patients with type 2 diabetes provider efforts to improve the overall medical home experience for patients may contribute to improvements in hrqol,10.1007/s11606-014-3033-4,primary care medical home experience and healthrelated quality of life among adult medicaid patients with type 2 diabetes [SEP] adolescent adult crosssectional studies diabetes mellitus type 2diagnosispsychologytherapy female health status humans male medicaidstandards middle aged patientcentered caremethodsstandards primary health caremethodsstandards quality of lifepsychology united statesepidemiology young adult [SEP] purpose to examine whether patientreported indicators of medical home performance are associated with healthrelated quality of life hrqol among adults with type 2 diabetes methods crosssectional survey of 540 patients with medicaid insurance and type 2 diabetes in los angeles county the primary care assessment tool was used to measure seven features of medical home performance the euroqol eq5d3l eq5d was used to measure hrqol results higher total medical home performance was correlated with better overall hrqol a onepoint change in total medical home score was associated with a 006point higher score on the eq5d index 95  confidence interval ci 001011 which is a clinically meaningful difference the total score was also significantly associated with a lower likelihood of problems on one domain of the eq5d pain longitudinality was the only medical home feature associated with better general health status ordered odds ratio  178 95  ci 104303 the positive relationship of medical home with the eq5d appears to be present predominantly among women conclusion overall medical home experience is favorably associated with hrqol among vulnerable adult patients with type 2 diabetes provider efforts to improve the overall medical home experience for patients may contribute to improvements in hrqol,1,0.6847266
11561,evaluation of healing by gentle touch,adolescent adult aged aged 80 and over complementary therapiesmethods female health status indicators humans male middle aged therapeutic touch,objectives to evaluate the effectiveness and safety of healing by gentle touch in clients attending the centre for complementary care ccc in eskdale cumbria study design an evaluation of data collected by questionnaire over 6 years methods all clients attending the ccc between 1995 and 2001 were invited to participate in this study and data were collected from 300 subjects with a wide range of ailments who received four treatment sessions within 6 weeks exclusion criteria were recent treatment at the ccc failure to complete four treatment sessions and age under 16 years outcome measures included comparison of pre and posttreatment levels of physical pain disability immobility sleep disturbances reliance upon medication daily activities and psychological stress panic fear anger relaxation coping depressionanxiety functioning these were assessed using a questionnaire with visual analogue scales for subjective rating of symptoms and the euroqol eq5d a generic stateofhealth measure results wilcoxon signed ranks tests showed statistically significant improvements in both psychological and physical functioning particularly in stress reduction median stress levels fell by four points pain relief median pain ratings fell by two points increased ability to cope median improvement of three points and increased general health ratings median improvement of 20 points between study entry and end of treatment p  00004 for all these symptoms the most substantial improvements were seen in those with the most severe symptoms at study entry no adverse effects of treatment were documented conclusions this audit of treatment outcomes provides evidence consistent with the hypothesis that healing as provided at the ccc was associated with improved psychological and physical functioning in the majority of subjects and is worthy of further evaluation,10.1016/j.puhe.2004.03.003,evaluation of healing by gentle touch [SEP] adolescent adult aged aged 80 and over complementary therapiesmethods female health status indicators humans male middle aged therapeutic touch [SEP] objectives to evaluate the effectiveness and safety of healing by gentle touch in clients attending the centre for complementary care ccc in eskdale cumbria study design an evaluation of data collected by questionnaire over 6 years methods all clients attending the ccc between 1995 and 2001 were invited to participate in this study and data were collected from 300 subjects with a wide range of ailments who received four treatment sessions within 6 weeks exclusion criteria were recent treatment at the ccc failure to complete four treatment sessions and age under 16 years outcome measures included comparison of pre and posttreatment levels of physical pain disability immobility sleep disturbances reliance upon medication daily activities and psychological stress panic fear anger relaxation coping depressionanxiety functioning these were assessed using a questionnaire with visual analogue scales for subjective rating of symptoms and the euroqol eq5d a generic stateofhealth measure results wilcoxon signed ranks tests showed statistically significant improvements in both psychological and physical functioning particularly in stress reduction median stress levels fell by four points pain relief median pain ratings fell by two points increased ability to cope median improvement of three points and increased general health ratings median improvement of 20 points between study entry and end of treatment p  00004 for all these symptoms the most substantial improvements were seen in those with the most severe symptoms at study entry no adverse effects of treatment were documented conclusions this audit of treatment outcomes provides evidence consistent with the hypothesis that healing as provided at the ccc was associated with improved psychological and physical functioning in the majority of subjects and is worthy of further evaluation,0,0.50500983
3926,prospective randomized doubleblinded doubledummy and multicenter phase iv clinical study comparing the efficacy and safety of pg201 layla and ski306x in patients with osteoarthritis,aged doubleblind method drugs chinese herbaltherapeutic use female humans knee jointdrug effects male middle aged osteoarthritis kneedrug therapy paindrug therapy pain measurementmethods phytotherapymethods plant extractstherapeutic use prospective studies quality of life treatment outcome analgesic arthritis clinical trials pain traditional medicine asia  oceania,ethnopharmacological relevance this prospective randomized doubleblinded doubledummy multicenter study compared the efficacy and safety of pg201 layla a new product from extracts of 12 plant sources and ski306x joins which have been well investigated and in relatively wide usage among herbal medicine for the treatment of patients with knee osteoarthritis aim of the study to compare the efficacy and safety of pg201 and ski306x in patients with knee osteoarthritis materials and methods a prospective doubleblinded multicenter study was conducted in 124 patients with kellgren and lawrence grade 23 knee osteoarthritis patients were randomly assigned to receive 600mg of pg201 300mg twice daily and 600mg of ski306x placebo 200mg thrice daily or 600mg of ski306x 200mg thrice daily and pg201 placebo 300mg twice daily for 12 weeks the primary outcome was the improvement of pain by week 8 as assessed by the 100mm pain visual analog scale vas secondary outcomes included pain vas improvement level at week 12 pain vas improvement rate at weeks 8 and 12 the western ontario and mcmaster universities osteoarthritis index womac improvement level at weeks 8 and 12 the improvement of the quality of life eq5d overall symptom selfassessment score and rescue medication consumption results the pain vas improvement at 8 weeks was 142162 in the experimental group and 119131 in control group p0557 confirming that the experimental group was not inferior to the control group as lower limit 838 of 95 ci of the difference of vas improvement between two groups was well above the allowed limit 10 mm there was no significant difference in all secondary outcomes including pain vas womac eq5d overall symptom selfassessment score and rescue medication consumption adverse events were low and similar between the two groups conclusions the results of this study showed that pg201 significantly reduced knee pain and improved knee function and were comparable to ski306x pg201 can be suggested as an effective treatment of knee osteoarthritis trial registration clinicaltrialsgovnct01768468,10.1016/j.jep.2016.01.029,prospective randomized doubleblinded doubledummy and multicenter phase iv clinical study comparing the efficacy and safety of pg201 layla and ski306x in patients with osteoarthritis [SEP] aged doubleblind method drugs chinese herbaltherapeutic use female humans knee jointdrug effects male middle aged osteoarthritis kneedrug therapy paindrug therapy pain measurementmethods phytotherapymethods plant extractstherapeutic use prospective studies quality of life treatment outcome analgesic arthritis clinical trials pain traditional medicine asia  oceania [SEP] ethnopharmacological relevance this prospective randomized doubleblinded doubledummy multicenter study compared the efficacy and safety of pg201 layla a new product from extracts of 12 plant sources and ski306x joins which have been well investigated and in relatively wide usage among herbal medicine for the treatment of patients with knee osteoarthritis aim of the study to compare the efficacy and safety of pg201 and ski306x in patients with knee osteoarthritis materials and methods a prospective doubleblinded multicenter study was conducted in 124 patients with kellgren and lawrence grade 23 knee osteoarthritis patients were randomly assigned to receive 600mg of pg201 300mg twice daily and 600mg of ski306x placebo 200mg thrice daily or 600mg of ski306x 200mg thrice daily and pg201 placebo 300mg twice daily for 12 weeks the primary outcome was the improvement of pain by week 8 as assessed by the 100mm pain visual analog scale vas secondary outcomes included pain vas improvement level at week 12 pain vas improvement rate at weeks 8 and 12 the western ontario and mcmaster universities osteoarthritis index womac improvement level at weeks 8 and 12 the improvement of the quality of life eq5d overall symptom selfassessment score and rescue medication consumption results the pain vas improvement at 8 weeks was 142162 in the experimental group and 119131 in control group p0557 confirming that the experimental group was not inferior to the control group as lower limit 838 of 95 ci of the difference of vas improvement between two groups was well above the allowed limit 10 mm there was no significant difference in all secondary outcomes including pain vas womac eq5d overall symptom selfassessment score and rescue medication consumption adverse events were low and similar between the two groups conclusions the results of this study showed that pg201 significantly reduced knee pain and improved knee function and were comparable to ski306x pg201 can be suggested as an effective treatment of knee osteoarthritis trial registration clinicaltrialsgovnct01768468,1,0.5333198
1332,investigating 5level eq5d eq5d5l values based on preferences of patients with heart disease,adult age factors costbenefit analysismethods crosssectional studies decision support techniques female health status heart diseasesepidemiology humans insurance health reimbursement male middle aged patient preference quality of life reproducibility of results sex factors singapore sociodemographic factors young adult eq5d eq5d5l cardiovascular disease heart disease patient preference preference utility value set,objectives several studies have shown that patients with heart disease value hypothetical health states differently from the general population we aimed to investigate the health preferences of patients with heart disease and develop a value set for the 5level eq5d eq5d5l based on these patient preferences methods patients with confirmed heart disease were recruited from 2 hospitals in singapore a total of 86 eq5d5l health states 10 per patient were valued using a composite time tradeoff method according to the international valuation protocol for eq5d5l 20parameter linear models and 8parameter crossattribute level effects models with and without an n45 term indicating whether any health state dimension at level 4 or 5 existed were estimated each model included patientspecific random intercepts model performance was evaluated for outofsample and insample predictive accuracy in terms of root mean square error the discriminative ability of the utility values was assessed using heart diseaserelated functional classes results a total of 576 patients were included in the analysis the preferred model with the lowest outofsample root mean square error was a 20parameter linear model including n45 predicted utility values ranged from 0727 for the worst state to 1 for full health the value for the secondbest state was 0981 utility values demonstrated good discriminative ability in differentiating among patients of varied functional classes conclusions an eq5d5l value set representing the preferences of patients with heart disease was developed the value set could be used for patientcentric economic evaluation and healthrelated quality of life assessment for patients with heart disease,10.1016/j.jval.2021.09.010,investigating 5level eq5d eq5d5l values based on preferences of patients with heart disease [SEP] adult age factors costbenefit analysismethods crosssectional studies decision support techniques female health status heart diseasesepidemiology humans insurance health reimbursement male middle aged patient preference quality of life reproducibility of results sex factors singapore sociodemographic factors young adult eq5d eq5d5l cardiovascular disease heart disease patient preference preference utility value set [SEP] objectives several studies have shown that patients with heart disease value hypothetical health states differently from the general population we aimed to investigate the health preferences of patients with heart disease and develop a value set for the 5level eq5d eq5d5l based on these patient preferences methods patients with confirmed heart disease were recruited from 2 hospitals in singapore a total of 86 eq5d5l health states 10 per patient were valued using a composite time tradeoff method according to the international valuation protocol for eq5d5l 20parameter linear models and 8parameter crossattribute level effects models with and without an n45 term indicating whether any health state dimension at level 4 or 5 existed were estimated each model included patientspecific random intercepts model performance was evaluated for outofsample and insample predictive accuracy in terms of root mean square error the discriminative ability of the utility values was assessed using heart diseaserelated functional classes results a total of 576 patients were included in the analysis the preferred model with the lowest outofsample root mean square error was a 20parameter linear model including n45 predicted utility values ranged from 0727 for the worst state to 1 for full health the value for the secondbest state was 0981 utility values demonstrated good discriminative ability in differentiating among patients of varied functional classes conclusions an eq5d5l value set representing the preferences of patients with heart disease was developed the value set could be used for patientcentric economic evaluation and healthrelated quality of life assessment for patients with heart disease,1,0.6864963
14144,onetoone versus group setting for conducting computerassisted tto studies findings from pilot studies in england and the netherlands,adult computerassisted instruction england female health status humans interviews as topic male netherlands pilot projects quality of lifepsychology qualityadjusted life years research design surveys and questionnaires time factors value of life,we compare two settings for administering time tradeoff tto tasks in computerassisted interviews onetoone interviewerled versus group selfcomplete by examining the quality of the data generated in pilot studies undertaken in england and the netherlands the two studies used nearidentical methods except that in england data were collected in onetoone interviews with substantial amounts of interviewer assistance whereas in the netherlands the computer aid was used as a selfcompletion tool in group interviews with lesser amounts of interviewer assistance in total 801 members of the general public 403 in england 398 in the netherlands each completed five tto valuations of eq5d5l health states respondents in the netherlands study showed a greater tendency to give round number values such as 0 and 1 and to complete tasks using a minimal number of iterative steps they also showed a greater tendency to skip the animated instructions that preceded the first task and to take into account assumptions that they were specifically asked not to take into account when faced with a pair of health states in which one state dominated the other respondents in the netherlands study were more likely than those in the england study to give a higher value to the dominant health state on the basis of these comparisons we conclude that the onetoone interviewerled setting is superior to the group selfcomplete setting in terms of the quality of data generated and that the former is more suitable than the latter for tto studies being used to value eq5d5l,10.1007/s10198-013-0509-9,onetoone versus group setting for conducting computerassisted tto studies findings from pilot studies in england and the netherlands [SEP] adult computerassisted instruction england female health status humans interviews as topic male netherlands pilot projects quality of lifepsychology qualityadjusted life years research design surveys and questionnaires time factors value of life [SEP] we compare two settings for administering time tradeoff tto tasks in computerassisted interviews onetoone interviewerled versus group selfcomplete by examining the quality of the data generated in pilot studies undertaken in england and the netherlands the two studies used nearidentical methods except that in england data were collected in onetoone interviews with substantial amounts of interviewer assistance whereas in the netherlands the computer aid was used as a selfcompletion tool in group interviews with lesser amounts of interviewer assistance in total 801 members of the general public 403 in england 398 in the netherlands each completed five tto valuations of eq5d5l health states respondents in the netherlands study showed a greater tendency to give round number values such as 0 and 1 and to complete tasks using a minimal number of iterative steps they also showed a greater tendency to skip the animated instructions that preceded the first task and to take into account assumptions that they were specifically asked not to take into account when faced with a pair of health states in which one state dominated the other respondents in the netherlands study were more likely than those in the england study to give a higher value to the dominant health state on the basis of these comparisons we conclude that the onetoone interviewerled setting is superior to the group selfcomplete setting in terms of the quality of data generated and that the former is more suitable than the latter for tto studies being used to value eq5d5l,1,0.5574072
14266,safety and tolerability of olanzapine compared with other antipsychotics in the treatment of elderly patients with schizophrenia a naturalistic study,aged antipsychotic agentsadverse effectstherapeutic use attitude to health basal ganglia diseaseschemically inducedepidemiology benzodiazepinesadverse effectstherapeutic use drug tolerance drug utilizationstatistics  numerical data female humans male middle aged olanzapine prospective studies quality of life risperidoneadverse effectstherapeutic use schizophreniaclassificationdiagnosisdrug therapy severity of illness index surveys and questionnaires,objective to evaluate the safety and tolerability of olanzapine in the treatment of elderly patients with schizophrenia methods a total of 135 outpatients with schizophrenia  or 60 years of age were treated with olanzapine n  105 or another antipsychotic n  30 and followed up for 6 months safety measures included the recording of spontaneous adverse events and extrapyramidal symptoms eps clinical status and effectiveness of the medications were measured using the clinical global impressionsseverity of illness and the global assessment of function gaf scales quality of life was assessed by means of the spanish version of the euroqol the awad scale was applied to evaluate patients subjective attitude towards medication results the incidence of overall adverse events and eps was nonsignificantly lower in patients treated with olanzapine than in patients treated with other antipsychotics the use of anticholinergic drugs was significantly lower p  004 in patients treated with olanzapine both groups of patients experienced similar improvements in clinical global impressionsseverity and gaf scores nonsignificantly greater improvement in the acceptance of medication occurred at endpoint in olanzapinetreated patients than in control patients as measured by the awad scale the improvement in the euroqol quality of life scale achieved at the end of study did not differ between both treatment groups conclusions results from this naturalistic study showed that olanzapine was as safe and effective as other antipsychotic drugs in the treatment of elderly patients with schizophrenia,10.1016/j.eurpsy.2004.06.008,safety and tolerability of olanzapine compared with other antipsychotics in the treatment of elderly patients with schizophrenia a naturalistic study [SEP] aged antipsychotic agentsadverse effectstherapeutic use attitude to health basal ganglia diseaseschemically inducedepidemiology benzodiazepinesadverse effectstherapeutic use drug tolerance drug utilizationstatistics  numerical data female humans male middle aged olanzapine prospective studies quality of life risperidoneadverse effectstherapeutic use schizophreniaclassificationdiagnosisdrug therapy severity of illness index surveys and questionnaires [SEP] objective to evaluate the safety and tolerability of olanzapine in the treatment of elderly patients with schizophrenia methods a total of 135 outpatients with schizophrenia  or 60 years of age were treated with olanzapine n  105 or another antipsychotic n  30 and followed up for 6 months safety measures included the recording of spontaneous adverse events and extrapyramidal symptoms eps clinical status and effectiveness of the medications were measured using the clinical global impressionsseverity of illness and the global assessment of function gaf scales quality of life was assessed by means of the spanish version of the euroqol the awad scale was applied to evaluate patients subjective attitude towards medication results the incidence of overall adverse events and eps was nonsignificantly lower in patients treated with olanzapine than in patients treated with other antipsychotics the use of anticholinergic drugs was significantly lower p  004 in patients treated with olanzapine both groups of patients experienced similar improvements in clinical global impressionsseverity and gaf scores nonsignificantly greater improvement in the acceptance of medication occurred at endpoint in olanzapinetreated patients than in control patients as measured by the awad scale the improvement in the euroqol quality of life scale achieved at the end of study did not differ between both treatment groups conclusions results from this naturalistic study showed that olanzapine was as safe and effective as other antipsychotic drugs in the treatment of elderly patients with schizophrenia,1,0.60738426
6154,factors associated with pain severity pain interference and perception of functional abilities independent of joint status in us adults with hemophilia multivariable analysis of the pain functional impairment and quality of life pfiq study,activities of daily living adult anxiety crosssectional studies depression hemophilia acomplicationsdiagnosisepidemiologypsychology hemophilia bcomplicationsdiagnosisepidemiologypsychology humans joint diseasesdiagnosisepidemiologyetiology male middle aged painepidemiologyetiology pain measurement patient reported outcome measures perception quality of life severity of illness index united statesepidemiology young adult coagulation disorders quality of life,introduction levels of pain and dysfunction appear to differ among people with hemophilia despite similar levels of joint disease objective to determine patient characteristics that influence pain and function independent of joint status methods us adults with hemophilia completed a survey that included information on clinical characteristics demographics and patientreported outcome instruments assessing pain brief pain inventory v2 short form bpi functional impairment hemophilia activities list hal and health status eq5d5l additionally physiotherapists optionally completed a clinical joint evaluation hemophilia joint health score hjhs associations were examined using simple and multiple regression models results of 381 adults enrolled 240 had complete hjhs scores median age 32 years after controlling for hjhs and opiate use anxietyanxiolytic use was significantly associated with worse pain severity and interference scores after controlling for hjhs the most significant predictors of functional impairment were older age unemployment more severe hemophilia and greater pain eq5d5l paindiscomfort was associated with worse outcomes on most hal scores conclusion unemployment anxiety and depression were each associated with both greater pain and functional disability after controlling for joint status continued attention to pain and psychosocial issues will be important in improving clinical care and research efforts in the hemophilia population,10.1111/ejh.13025,factors associated with pain severity pain interference and perception of functional abilities independent of joint status in us adults with hemophilia multivariable analysis of the pain functional impairment and quality of life pfiq study [SEP] activities of daily living adult anxiety crosssectional studies depression hemophilia acomplicationsdiagnosisepidemiologypsychology hemophilia bcomplicationsdiagnosisepidemiologypsychology humans joint diseasesdiagnosisepidemiologyetiology male middle aged painepidemiologyetiology pain measurement patient reported outcome measures perception quality of life severity of illness index united statesepidemiology young adult coagulation disorders quality of life [SEP] introduction levels of pain and dysfunction appear to differ among people with hemophilia despite similar levels of joint disease objective to determine patient characteristics that influence pain and function independent of joint status methods us adults with hemophilia completed a survey that included information on clinical characteristics demographics and patientreported outcome instruments assessing pain brief pain inventory v2 short form bpi functional impairment hemophilia activities list hal and health status eq5d5l additionally physiotherapists optionally completed a clinical joint evaluation hemophilia joint health score hjhs associations were examined using simple and multiple regression models results of 381 adults enrolled 240 had complete hjhs scores median age 32 years after controlling for hjhs and opiate use anxietyanxiolytic use was significantly associated with worse pain severity and interference scores after controlling for hjhs the most significant predictors of functional impairment were older age unemployment more severe hemophilia and greater pain eq5d5l paindiscomfort was associated with worse outcomes on most hal scores conclusion unemployment anxiety and depression were each associated with both greater pain and functional disability after controlling for joint status continued attention to pain and psychosocial issues will be important in improving clinical care and research efforts in the hemophilia population,1,0.6425809
3582,the effect of an integrated multidisciplinary rehabilitation programme alternating inpatient interventions with homebased activities for patients with chronic low back pain a randomized controlled trial,adult aged chronic painrehabilitation delivery of health care integratedorganization  administration denmark female home care servicesorganization  administration hospitalization humans low back painrehabilitation male middle aged quality of life rehabilitation centers treatment outcome young adult chronic low back pain biopsychosocial approach complex interventions multidisciplinary rehabilitation,objective to compare the effectiveness of an integrated rehabilitation programme with an existing rehabilitation programme in patients with chronic low back pain design a singlecentre pragmatic twoarm parallel randomized controlled trial 11 ratio setting a rheumatology inpatient rehabilitation centre in denmark subjects a total of 165 adults aged  18 years with chronic low back pain interventions an integrated rehabilitation programme comprising an alternation of three weeks of inpatient stay and 12 weeks of homebased activities was compared with an existing rehabilitation programme of four weeks of inpatient stay main measures patientreported outcomes were collected at baseline and at the 26week followup the primary outcome was backspecific disability oswestry disability index secondary outcomes included pain intensity numerical rating scale pain selfefficacy pain selfefficacy questionnaire healthrelated quality of life euroqol5 domain 5level eq5d and depression major depression inventory a complete case analysis was performed results a total of 303 patients were assessed for eligibility of whom 165 mean age 50 years sd 13 and mean oswestry disability index score 42 sd 11 were randomized 83 to existing rehabilitation programme and 82 to integrated rehabilitation programme overall 139 patients provided the 26week followup data baseline demographic and clinical characteristics were comparable between programmes the betweengroup difference in the oswestry disability index score when adjusting for the corresponding baseline score was 028 95 confidence interval ci 402 345 which was neither statistically nor clinically significant no significant differences were found in the secondary outcomes conclusion an integrated rehabilitation programme was no more effective than an existing rehabilitation programme at the 26week followup,10.1177/0269215519897968,the effect of an integrated multidisciplinary rehabilitation programme alternating inpatient interventions with homebased activities for patients with chronic low back pain a randomized controlled trial [SEP] adult aged chronic painrehabilitation delivery of health care integratedorganization  administration denmark female home care servicesorganization  administration hospitalization humans low back painrehabilitation male middle aged quality of life rehabilitation centers treatment outcome young adult chronic low back pain biopsychosocial approach complex interventions multidisciplinary rehabilitation [SEP] objective to compare the effectiveness of an integrated rehabilitation programme with an existing rehabilitation programme in patients with chronic low back pain design a singlecentre pragmatic twoarm parallel randomized controlled trial 11 ratio setting a rheumatology inpatient rehabilitation centre in denmark subjects a total of 165 adults aged  18 years with chronic low back pain interventions an integrated rehabilitation programme comprising an alternation of three weeks of inpatient stay and 12 weeks of homebased activities was compared with an existing rehabilitation programme of four weeks of inpatient stay main measures patientreported outcomes were collected at baseline and at the 26week followup the primary outcome was backspecific disability oswestry disability index secondary outcomes included pain intensity numerical rating scale pain selfefficacy pain selfefficacy questionnaire healthrelated quality of life euroqol5 domain 5level eq5d and depression major depression inventory a complete case analysis was performed results a total of 303 patients were assessed for eligibility of whom 165 mean age 50 years sd 13 and mean oswestry disability index score 42 sd 11 were randomized 83 to existing rehabilitation programme and 82 to integrated rehabilitation programme overall 139 patients provided the 26week followup data baseline demographic and clinical characteristics were comparable between programmes the betweengroup difference in the oswestry disability index score when adjusting for the corresponding baseline score was 028 95 confidence interval ci 402 345 which was neither statistically nor clinically significant no significant differences were found in the secondary outcomes conclusion an integrated rehabilitation programme was no more effective than an existing rehabilitation programme at the 26week followup,0,0.5108718
12308,healthrelated quality of life after stroke reliability and validity of the duke health profile for use in vietnam,cohort studies female humans male middle aged quality of lifepsychology reproducibility of results stroke rehabilitation vietnam duke health profile healthrelated quality of life reliability stroke validity,introduction healthrelated quality of life hrqol is commonly used to assess outcomes after stroke the duke health profile dhp has been translated and culturally adapted for use in vietnam but its reliability and validity for use with stroke patients in vietnam or elsewhere have not been assessed methods firstever stroke patients n  108 who were admitted to 115 peoples hospital between february and september 2012 and survived for 3 months after stroke had hrqol assessed using the dhp and a comparison instrument eq5d caregivers of 94 patients completed these questionnaires as a proxy after 1 week these questionnaires were readministered to patients and proxies results the mean differences between test and retest assessments of hrqol by patients were small and not clinically meaningful and were not consistently associated with sex age type of stroke or severity of impairment or disability direct assessments by the patient were on average greater than those obtained from the proxy the iccs ranged from 060 to 086 patient testretest and from 055 to 098 patientproxy agreement the iccs were greatest for physical functioning components patient testretest 063086 patientproxy 069098 the correlations between the dhp dimensions and eq5d were generally stronger when they measured similar constructs r  053066 and were lower for less related constructs r  011043 conclusion the dhp has moderate reliability and validity for use with stroke patients in vietnam even when information is obtained from proxy respondents,10.1007/s11136-015-1016-5,healthrelated quality of life after stroke reliability and validity of the duke health profile for use in vietnam [SEP] cohort studies female humans male middle aged quality of lifepsychology reproducibility of results stroke rehabilitation vietnam duke health profile healthrelated quality of life reliability stroke validity [SEP] introduction healthrelated quality of life hrqol is commonly used to assess outcomes after stroke the duke health profile dhp has been translated and culturally adapted for use in vietnam but its reliability and validity for use with stroke patients in vietnam or elsewhere have not been assessed methods firstever stroke patients n  108 who were admitted to 115 peoples hospital between february and september 2012 and survived for 3 months after stroke had hrqol assessed using the dhp and a comparison instrument eq5d caregivers of 94 patients completed these questionnaires as a proxy after 1 week these questionnaires were readministered to patients and proxies results the mean differences between test and retest assessments of hrqol by patients were small and not clinically meaningful and were not consistently associated with sex age type of stroke or severity of impairment or disability direct assessments by the patient were on average greater than those obtained from the proxy the iccs ranged from 060 to 086 patient testretest and from 055 to 098 patientproxy agreement the iccs were greatest for physical functioning components patient testretest 063086 patientproxy 069098 the correlations between the dhp dimensions and eq5d were generally stronger when they measured similar constructs r  053066 and were lower for less related constructs r  011043 conclusion the dhp has moderate reliability and validity for use with stroke patients in vietnam even when information is obtained from proxy respondents,1,0.64564514
7155,quality of life improves with return of voice in tracheostomy patients in intensive care an observational study,adult aphoniapsychology australia critical care female humans intensive care units male middle aged postoperative complicationspsychology prospective studies quality of life tracheostomyadverse effects communication intensive care quality of life respirationartificial speechlanguage pathology tracheostomy,purpose to measure patientreported change of mood communicationrelated quality of life and general health status with return of voice among mechanically ventilated tracheostomy patients admitted to the intensive care unit icu materials and methods a prospective observational study in a tertiary icu was conducted communicationrelated quality of life was measured daily using the visual analogue selfesteem scale general health status was measured weekly using the euroqol5d results aspects of communication selfesteem that significantly improved with the return of voice were ability to be understood by others p  006 and cheerfulness p  04 both with a median difference from before to after return of voice of 1 on the 5point scale return of voice was not associated with a significant improvement in confidence sense of outgoingness anger sense of being trapped optimism or frustration reported general health status did not significantly improve conclusions return of voice was associated with significant improvement in patient reported selfesteem particularly in being understood by others and in cheerfulness improved selfesteem may also improve quality of life however further research is needed to confirm this relationship early restoration of voice should be investigated as a way to improve the experience of icu for tracheostomy patients,10.1016/j.jcrc.2016.01.012,quality of life improves with return of voice in tracheostomy patients in intensive care an observational study [SEP] adult aphoniapsychology australia critical care female humans intensive care units male middle aged postoperative complicationspsychology prospective studies quality of life tracheostomyadverse effects communication intensive care quality of life respirationartificial speechlanguage pathology tracheostomy [SEP] purpose to measure patientreported change of mood communicationrelated quality of life and general health status with return of voice among mechanically ventilated tracheostomy patients admitted to the intensive care unit icu materials and methods a prospective observational study in a tertiary icu was conducted communicationrelated quality of life was measured daily using the visual analogue selfesteem scale general health status was measured weekly using the euroqol5d results aspects of communication selfesteem that significantly improved with the return of voice were ability to be understood by others p  006 and cheerfulness p  04 both with a median difference from before to after return of voice of 1 on the 5point scale return of voice was not associated with a significant improvement in confidence sense of outgoingness anger sense of being trapped optimism or frustration reported general health status did not significantly improve conclusions return of voice was associated with significant improvement in patient reported selfesteem particularly in being understood by others and in cheerfulness improved selfesteem may also improve quality of life however further research is needed to confirm this relationship early restoration of voice should be investigated as a way to improve the experience of icu for tracheostomy patients,1,0.64358413
2280,evaluating the minimal clinically important difference of eq5d3l in patients with degenerative lumbar spinal stenosis a swiss prospective multicenter cohort study,adult aged aged 80 and over cohort studies female health surveysmethodsstandards humans male middle aged minimal clinically important difference pain measurementmethodsstandards prospective studies quality of life spinal stenosisdiagnosisepidemiologysurgery switzerlandepidemiology treatment outcome,study design analysis of a prospective multicenter cohort study objective the aim of our study was to compare thresholds of published minimal clinically important differences mcid for the threelevel euroqol5d health survey eq5d3l summary index range 053 to 100 with our anchorbased estimate and evaluate how useful these thresholds are in determining treatment success in patients undergoing surgery for degenerative lumbar spinal stenosis dlss summary of background data mcid values for eq5d3l are specific to the underlying disease and only three studies have been published for dlss patients reporting different values methods patients of the multicenter lumbar stenosis outcome study with confirmed dlss undergoing firsttime decompression or fusion surgery with 12month followup were enrolled in this study to calculate mcid we used the spinal stenosis measure satisfaction subscale as anchor results for this study 364 patients met the inclusion criteria of these 196 were very satisfied 72 moderately satisfied 43 somewhat satisfied and 53 unsatisfied 12 months after surgery the mcid calculation estimated for eq5d3l a value of 019 compared with published mcid values ranging from 030 to 052 our estimation is less restrictive conclusions in patients with lss undergoing surgery we estimated an mcid value for eq5d3l summary index of 019 with the help of the average change anchorbased method which we find to be the most suitable method for assessing patient change scores level of evidence 3,10.1097/BRS.0000000000003501,evaluating the minimal clinically important difference of eq5d3l in patients with degenerative lumbar spinal stenosis a swiss prospective multicenter cohort study [SEP] adult aged aged 80 and over cohort studies female health surveysmethodsstandards humans male middle aged minimal clinically important difference pain measurementmethodsstandards prospective studies quality of life spinal stenosisdiagnosisepidemiologysurgery switzerlandepidemiology treatment outcome [SEP] study design analysis of a prospective multicenter cohort study objective the aim of our study was to compare thresholds of published minimal clinically important differences mcid for the threelevel euroqol5d health survey eq5d3l summary index range 053 to 100 with our anchorbased estimate and evaluate how useful these thresholds are in determining treatment success in patients undergoing surgery for degenerative lumbar spinal stenosis dlss summary of background data mcid values for eq5d3l are specific to the underlying disease and only three studies have been published for dlss patients reporting different values methods patients of the multicenter lumbar stenosis outcome study with confirmed dlss undergoing firsttime decompression or fusion surgery with 12month followup were enrolled in this study to calculate mcid we used the spinal stenosis measure satisfaction subscale as anchor results for this study 364 patients met the inclusion criteria of these 196 were very satisfied 72 moderately satisfied 43 somewhat satisfied and 53 unsatisfied 12 months after surgery the mcid calculation estimated for eq5d3l a value of 019 compared with published mcid values ranging from 030 to 052 our estimation is less restrictive conclusions in patients with lss undergoing surgery we estimated an mcid value for eq5d3l summary index of 019 with the help of the average change anchorbased method which we find to be the most suitable method for assessing patient change scores level of evidence 3,1,0.6712701
14699,a durable gain in motor and nonmotor symptoms of parkinsons disease following repeated caloric vestibular stimulation a singlecase study,affect aged cognition depressionpsychology hot temperature humans male neuropsychological tests parkinson diseasephysiopathologyrehabilitation postural balance treatment outcome vestibule labyrinth treatment balance neurodegeneration,objective to gain firstinman evidence that repeated caloric vestibular stimulation cvs a noninvasive form of neuromodulation can induce a lasting and clinicallyrelevant reduction in parkinsons disease pd symptoms methods a 70  yr old male diagnosed with pd 7 years prior to study enrolment selfadministered cvs at home 220 minutes per day for three months using a solidstate portable device standardised neuropsychological assessments of motor cognitive affective and independent function were carried out prior to stimulation at the start and end of the sham month 1 and active months 23 phases and 5 months poststimulation results relative to the prestimulation baseline behavioural improvements that exceeded the minimal detectable change were observed on the eq5d unified parkinsons disease rating scale schwab and england scale 2 minute walk timed up and go nonmotor symptom assessment scale for pd montreal cognitive assessment hospital depression scale and epworth sleepiness scale the level of change exceeded the threshold for a minimal clinically important difference on all scales for which a threshold has been published by contrast little improvement was seen during the sham ie placebo phase conclusion caloric vestibular stimulation may offer a novel homebased method of relieving everyday symptoms of pd and merits further evaluative study,10.3233/NRE-161308,a durable gain in motor and nonmotor symptoms of parkinsons disease following repeated caloric vestibular stimulation a singlecase study [SEP] affect aged cognition depressionpsychology hot temperature humans male neuropsychological tests parkinson diseasephysiopathologyrehabilitation postural balance treatment outcome vestibule labyrinth treatment balance neurodegeneration [SEP] objective to gain firstinman evidence that repeated caloric vestibular stimulation cvs a noninvasive form of neuromodulation can induce a lasting and clinicallyrelevant reduction in parkinsons disease pd symptoms methods a 70  yr old male diagnosed with pd 7 years prior to study enrolment selfadministered cvs at home 220 minutes per day for three months using a solidstate portable device standardised neuropsychological assessments of motor cognitive affective and independent function were carried out prior to stimulation at the start and end of the sham month 1 and active months 23 phases and 5 months poststimulation results relative to the prestimulation baseline behavioural improvements that exceeded the minimal detectable change were observed on the eq5d unified parkinsons disease rating scale schwab and england scale 2 minute walk timed up and go nonmotor symptom assessment scale for pd montreal cognitive assessment hospital depression scale and epworth sleepiness scale the level of change exceeded the threshold for a minimal clinically important difference on all scales for which a threshold has been published by contrast little improvement was seen during the sham ie placebo phase conclusion caloric vestibular stimulation may offer a novel homebased method of relieving everyday symptoms of pd and merits further evaluative study,1,0.5322722
13928,assessment of breast cancer patients knowledge and decisional conflict regarding tamoxifen use,adult aged antineoplastic agents hormonaladverse effectstherapeutic use breast neoplasmsdrug therapyepidemiology consent formsstatistics  numerical data decision making endometrial neoplasmschemically inducedepidemiologyprevention  control female health knowledge attitudes practice health surveys humans middle aged patient education as topicstatistics  numerical data patient participationstatistics  numerical data prevalence republic of korea risk assessment tamoxifenadverse effectstherapeutic use breast neoplasms conflict decision making knowledge patient satisfaction tamoxifen,breast cancer is the most common type of female cancer tamoxifen a selective estrogen receptor modulator is widely used to decrease breast cancer recurrence and mortality among patients however it also increases the risk of endometrial cancer this study aimed to assess knowledge and decisional conflict regarding tamoxifen use between june and october 2014 breast cancer patients using tamoxifen were consecutively screened and requested to complete a survey including the eq5d satisfaction with decision scale swd decisional conflict scale dcs and a selfdeveloped 15item questionnaire measuring tamoxifenrelated knowledge the study sample comprised 299 patients the mean total knowledge score was 634 of a possible 1000 range 133933 while 739 of the participants knew that tamoxifen reduces the risk of breast cancer recurrence only 579 knew that the drug increases endometrial cancer risk a higher education level  college was associated with a higher total knowledge score   4291 p  0017 a higher knowledge score was associated with a decreased dcs score   0366 p  0001 a higher swd score was also associated with decreased decisional conflict   0178 p  0001 in conclusion the breast cancer patients with higher levels of tamoxifenrelated knowledge showed lower levels of decisional conflict regarding tamoxifen use clinicians should provide the exact information about tamoxifen treatment to patients based on knowledge assessment results so as to aid patients decisionmaking with minimal conflict,10.3346/jkms.2015.30.11.1604,assessment of breast cancer patients knowledge and decisional conflict regarding tamoxifen use [SEP] adult aged antineoplastic agents hormonaladverse effectstherapeutic use breast neoplasmsdrug therapyepidemiology consent formsstatistics  numerical data decision making endometrial neoplasmschemically inducedepidemiologyprevention  control female health knowledge attitudes practice health surveys humans middle aged patient education as topicstatistics  numerical data patient participationstatistics  numerical data prevalence republic of korea risk assessment tamoxifenadverse effectstherapeutic use breast neoplasms conflict decision making knowledge patient satisfaction tamoxifen [SEP] breast cancer is the most common type of female cancer tamoxifen a selective estrogen receptor modulator is widely used to decrease breast cancer recurrence and mortality among patients however it also increases the risk of endometrial cancer this study aimed to assess knowledge and decisional conflict regarding tamoxifen use between june and october 2014 breast cancer patients using tamoxifen were consecutively screened and requested to complete a survey including the eq5d satisfaction with decision scale swd decisional conflict scale dcs and a selfdeveloped 15item questionnaire measuring tamoxifenrelated knowledge the study sample comprised 299 patients the mean total knowledge score was 634 of a possible 1000 range 133933 while 739 of the participants knew that tamoxifen reduces the risk of breast cancer recurrence only 579 knew that the drug increases endometrial cancer risk a higher education level  college was associated with a higher total knowledge score   4291 p  0017 a higher knowledge score was associated with a decreased dcs score   0366 p  0001 a higher swd score was also associated with decreased decisional conflict   0178 p  0001 in conclusion the breast cancer patients with higher levels of tamoxifenrelated knowledge showed lower levels of decisional conflict regarding tamoxifen use clinicians should provide the exact information about tamoxifen treatment to patients based on knowledge assessment results so as to aid patients decisionmaking with minimal conflict,0,0.5217887
3465,the impact of spinopelvic morphology on the shortterm outcome of pedicle subtraction osteotomy in 104 patients,aged female followup studies humans lumbar vertebraediagnostic imagingsurgery male middle aged osteotomy patient reported outcome measures pelvisdiagnostic imaging retrospective studies spinal curvaturesdiagnostic imagingsurgery thoracic vertebraediagnostic imagingsurgery asd  adult spinal deformity hrqol  healthrelated quality of life ll  lumbar lordosis odi  oswestry disability index pi  pelvic incidence pso  pedicle subtraction osteotomy pt  pelvic tilt ss  sacral slope sva  sagittal vertical axis t1spi  t1 spinopelvic inclination tk  thoracic kyphosis vas  visual analog scale adult spine deformity pedicle subtraction osteotomy sagittal imbalance spinopelvic parameters surgical technique,objective pedicle subtraction osteotomy pso is commonly performed for correction of spinal sagittal plane deformities the pso results in complex multiple changes of the spinopelvic alignment the influence of the variability of individual pelvic morphology has not been fully analyzed in previous outcome studies of sagittal imbalance the aim of this study was to define radiological variables affecting the outcome after pso in adult spinal deformities with special emphasis on the variability of pelvic morphology methods clinical and radiographic outcomes were analyzed in a retrospective analysis of 104 patients who underwent a pso at a single center the radiographic variables studied were sagittal vertical axis sva t1spi t1 spinopelvic inclination lumbar lordosis ll thoracic kyphosis tk pelvic incidence pi pelvic tilt pt and sacral slope ss to control for the individual variation of pelvic morphology the llpi ptpi and sspi ratios were calculated clinical outcome was assessed using the visual analog scale for pain oswestry disability index and eq5d preoperatively and at a minimum 1year followup correlation coefficients were calculated between each individual radiographic variable and the outcome measures the importance of ll mismatch to tk reflecting the importance of a harmonious spine was analyzed by comparing the outcome of patients with a tkllpi  45 to those with a sum  45 results sva and t1spi demonstrated the strongest correlation with the clinical outcome scores r  0405 p  0001 ll correlated weakly with the clinical outcome r  0203 p  0003 mismatch of ll to pi however did not correlate significantly with the outcome similarly only weak and inconsistent correlation was observed between pt ss ptpi sspi and functional outcome patients with a tkllpi  45 had a significantly lower odi score 33 vs 44 and a significantly higher eq5d score 064 vs 040 than patients with a sum  45 ll is a negative value conclusions pso resulted in a substantial correction of sagittal imbalance and improved outcome in most patients in this study correction of the global sagittal balance appears to be a necessary precondition for a good outcome a harmonious spine with a tk and an ll of similar magnitude seems to add to a positive outcome,10.3171/2016.11.SPINE16601,the impact of spinopelvic morphology on the shortterm outcome of pedicle subtraction osteotomy in 104 patients [SEP] aged female followup studies humans lumbar vertebraediagnostic imagingsurgery male middle aged osteotomy patient reported outcome measures pelvisdiagnostic imaging retrospective studies spinal curvaturesdiagnostic imagingsurgery thoracic vertebraediagnostic imagingsurgery asd  adult spinal deformity hrqol  healthrelated quality of life ll  lumbar lordosis odi  oswestry disability index pi  pelvic incidence pso  pedicle subtraction osteotomy pt  pelvic tilt ss  sacral slope sva  sagittal vertical axis t1spi  t1 spinopelvic inclination tk  thoracic kyphosis vas  visual analog scale adult spine deformity pedicle subtraction osteotomy sagittal imbalance spinopelvic parameters surgical technique [SEP] objective pedicle subtraction osteotomy pso is commonly performed for correction of spinal sagittal plane deformities the pso results in complex multiple changes of the spinopelvic alignment the influence of the variability of individual pelvic morphology has not been fully analyzed in previous outcome studies of sagittal imbalance the aim of this study was to define radiological variables affecting the outcome after pso in adult spinal deformities with special emphasis on the variability of pelvic morphology methods clinical and radiographic outcomes were analyzed in a retrospective analysis of 104 patients who underwent a pso at a single center the radiographic variables studied were sagittal vertical axis sva t1spi t1 spinopelvic inclination lumbar lordosis ll thoracic kyphosis tk pelvic incidence pi pelvic tilt pt and sacral slope ss to control for the individual variation of pelvic morphology the llpi ptpi and sspi ratios were calculated clinical outcome was assessed using the visual analog scale for pain oswestry disability index and eq5d preoperatively and at a minimum 1year followup correlation coefficients were calculated between each individual radiographic variable and the outcome measures the importance of ll mismatch to tk reflecting the importance of a harmonious spine was analyzed by comparing the outcome of patients with a tkllpi  45 to those with a sum  45 results sva and t1spi demonstrated the strongest correlation with the clinical outcome scores r  0405 p  0001 ll correlated weakly with the clinical outcome r  0203 p  0003 mismatch of ll to pi however did not correlate significantly with the outcome similarly only weak and inconsistent correlation was observed between pt ss ptpi sspi and functional outcome patients with a tkllpi  45 had a significantly lower odi score 33 vs 44 and a significantly higher eq5d score 064 vs 040 than patients with a sum  45 ll is a negative value conclusions pso resulted in a substantial correction of sagittal imbalance and improved outcome in most patients in this study correction of the global sagittal balance appears to be a necessary precondition for a good outcome a harmonious spine with a tk and an ll of similar magnitude seems to add to a positive outcome,1,0.555518
4849,measuring intangible costofmorbidity due to substance dependence implications of using alternative preferencebased instruments,adolescent adult aged alcoholismeconomics cost of illness costbenefit analysis female health status indicators humans male middle aged morbidity psychometrics quality of life substancerelated disorderseconomics young adult eq5d5l intangible cost pairedgamble sf6d substance dependence,objective drug andor alcohol dependence dad generates substantial costs to society one of the main consequences of dad is its negative impact on healthrelated quality of life hrqol the main objective of this study is to analyse the impact of using eq5d5l sf6dsg sf6d using standardgamble as the preferenceeliciting method and sf6dpg sf6d using a pairedgamble method to estimate the hrqol burden attributable to dad within the costofillness framework methods a convenience sample of 109 patients with a diagnosis of substance use disorder was recruited sf6d and eq5d5l were administered and then the utility scores were computed the impact of employing different instruments to estimate the hrqol burden was assessed by comparing the utility scores of patients and general population after controlling for sex and age through regression analysis the analysis was reproduced for two subgroups of severity results all instruments detect that dad significantly affects the hrqol however the estimated impact changes according to the instrument used whose pattern varies by severity group nonetheless regardless of severity sf6dpg always estimates a higher or equal dad burden than the other instruments considered these results are compatible with the presence of the floor effect in sf6dsg the ceiling effect in eqed5l and a smaller presence of both biases in sf6dpg conclusions the sf6dpg instrument emerges as a good candidate to avoid underestimating intangible costs within the costofillness framework however further research is needed to assess the validity of our results in the context of other health problems,10.1007/s10198-020-01196-7,measuring intangible costofmorbidity due to substance dependence implications of using alternative preferencebased instruments [SEP] adolescent adult aged alcoholismeconomics cost of illness costbenefit analysis female health status indicators humans male middle aged morbidity psychometrics quality of life substancerelated disorderseconomics young adult eq5d5l intangible cost pairedgamble sf6d substance dependence [SEP] objective drug andor alcohol dependence dad generates substantial costs to society one of the main consequences of dad is its negative impact on healthrelated quality of life hrqol the main objective of this study is to analyse the impact of using eq5d5l sf6dsg sf6d using standardgamble as the preferenceeliciting method and sf6dpg sf6d using a pairedgamble method to estimate the hrqol burden attributable to dad within the costofillness framework methods a convenience sample of 109 patients with a diagnosis of substance use disorder was recruited sf6d and eq5d5l were administered and then the utility scores were computed the impact of employing different instruments to estimate the hrqol burden was assessed by comparing the utility scores of patients and general population after controlling for sex and age through regression analysis the analysis was reproduced for two subgroups of severity results all instruments detect that dad significantly affects the hrqol however the estimated impact changes according to the instrument used whose pattern varies by severity group nonetheless regardless of severity sf6dpg always estimates a higher or equal dad burden than the other instruments considered these results are compatible with the presence of the floor effect in sf6dsg the ceiling effect in eqed5l and a smaller presence of both biases in sf6dpg conclusions the sf6dpg instrument emerges as a good candidate to avoid underestimating intangible costs within the costofillness framework however further research is needed to assess the validity of our results in the context of other health problems,1,0.65175945
3963,is guidelineadherent prescribing associated with quality of life in patients with type 2 diabetes,aged aged 80 and over crosssectional studies diabetes mellitus type 2drug therapy female guideline adherence humans hypoglycemic agentstherapeutic use male middle aged practice patterns physicians quality of life,background guidelineadherent prescribing for treatment of multiple risk factors in type 2 diabetes t2d patients is expected to improve clinical outcomes however the relationship to healthrelated quality of life hrqol is not straightforward since guidelineadherent prescribing can increase medication burden objectives to test whether guidelineadherent prescribing and diseasespecific medication burden are associated with hrqol in patients with t2d methods crosssectional study including 1044 t2d patients from the evitadmzodiac study in 2012 in the netherlands data from the diabetes visit such as laboratory and physical examinations and prescribed medication and from two hrqol questionnaires the euroqol 5 dimensions 3 levels eq5d3l and the world health organization wellbeing index who5 were collected twenty indicators assessing prescribing of recommended glucose lowering drugs statins antihypertensives and reninangiotensinaldosterone system raasinhibitors and potentially inappropriate drugs from a validated diabetes indicator set were included diseasespecific medication burden was assessed using a modified version of the medication regimen complexity index mrci associations were tested with regression models adjusting for age gender diabetes duration comorbidity body mass index and smoking results the mean mrci was 71 the median eq5d3lscore was 086 and the mean who5 score was 72 seven indicators included too few patients and were excluded from the analysis the remaining thirteen indicators focusing on recommended start intensification current and preferred use of glucose lowering drugs statins antihypertensives raas inhibitors and on inappropriate prescribing of glibenclamide and dual raas blockade were not significantly associated with hrqol finally also the mrci was not associated with hrqol conclusions we found no evidence for associations between guidelineadherent prescribing or diseasespecific medication burden and hrqol in t2d patients this gives no rise to refrain from prescribing intensive treatment in t2d patients as recommended but the interpretation of these results is limited by the crosssectional study design and the selection of patients included in some indicators,10.1371/journal.pone.0202319,is guidelineadherent prescribing associated with quality of life in patients with type 2 diabetes [SEP] aged aged 80 and over crosssectional studies diabetes mellitus type 2drug therapy female guideline adherence humans hypoglycemic agentstherapeutic use male middle aged practice patterns physicians quality of life [SEP] background guidelineadherent prescribing for treatment of multiple risk factors in type 2 diabetes t2d patients is expected to improve clinical outcomes however the relationship to healthrelated quality of life hrqol is not straightforward since guidelineadherent prescribing can increase medication burden objectives to test whether guidelineadherent prescribing and diseasespecific medication burden are associated with hrqol in patients with t2d methods crosssectional study including 1044 t2d patients from the evitadmzodiac study in 2012 in the netherlands data from the diabetes visit such as laboratory and physical examinations and prescribed medication and from two hrqol questionnaires the euroqol 5 dimensions 3 levels eq5d3l and the world health organization wellbeing index who5 were collected twenty indicators assessing prescribing of recommended glucose lowering drugs statins antihypertensives and reninangiotensinaldosterone system raasinhibitors and potentially inappropriate drugs from a validated diabetes indicator set were included diseasespecific medication burden was assessed using a modified version of the medication regimen complexity index mrci associations were tested with regression models adjusting for age gender diabetes duration comorbidity body mass index and smoking results the mean mrci was 71 the median eq5d3lscore was 086 and the mean who5 score was 72 seven indicators included too few patients and were excluded from the analysis the remaining thirteen indicators focusing on recommended start intensification current and preferred use of glucose lowering drugs statins antihypertensives raas inhibitors and on inappropriate prescribing of glibenclamide and dual raas blockade were not significantly associated with hrqol finally also the mrci was not associated with hrqol conclusions we found no evidence for associations between guidelineadherent prescribing or diseasespecific medication burden and hrqol in t2d patients this gives no rise to refrain from prescribing intensive treatment in t2d patients as recommended but the interpretation of these results is limited by the crosssectional study design and the selection of patients included in some indicators,1,0.6903434
9953,us and uk versions of the eq5d preference weights does choice of preference weights make a difference,adult antihiv agentsadministration  dosage cd4 lymphocyte count delavirdineadministration  dosage didanosineadministration  dosage doubleblind method drug therapy combination female hiv infectionsdrug therapyethnologyphysiopathologypsychology humans male patient satisfaction psychometricsinstrumentation quality of life qualityadjusted life years reverse transcriptase inhibitors sickness impact profile united kingdom united states viral load,background most us studies that estimate eq5d index score generally apply the uk preference weights we compared the validity of a newlydeveloped us weights to the uk weights for use of eq5d as a measure of healthrelated quality of life methods data were collected from a randomized clinical trial for patients with hiv n  1126 in the us convergent validity was examined by comparing pearson correlations of eq5d index scores with the moshiv health survey scale scores and physical and mental health summary phs mhs scores using the us and uk weights knowngroups validity of eq5d us versus uk index scores was compared using clinical variables cd4 cell count and hiv viral load and the moshiv phs and mhs score changes in the eq5d index from baseline to week 50 were examined using effect size es estimates results the mean eq5d index scores was slightly higher using us weights than uk weights 087 vs 084 respectively the correlation coefficient for eq5d utilities using the us and uk weights was 098 the correlations of eq5d index scores with the moshiv scores were moderate and similar using the us and uk weights the eq5d index scores discriminated equally well for both versions between levels of cd4 count hiv viral load and phs and mhs scores p  005 suggesting equivalent knowngroups validity the changes in eq5d index scores from baseline to week 50 were similar for both versions es 021 vs 022 for us and uk respectively suggesting equivalent responsiveness to score changes conclusions eq5d index scores generated using uk and us preference weights showed equivalent psychometric properties for assessing treatment benefit in a single population the use of either the uk or us weights as a measure of hrqol will not change inferences however for comparisons across us and uk populations the choice between these two weights should be based on their relevance to the study population,10.1007/s11136-007-9206-4,us and uk versions of the eq5d preference weights does choice of preference weights make a difference [SEP] adult antihiv agentsadministration  dosage cd4 lymphocyte count delavirdineadministration  dosage didanosineadministration  dosage doubleblind method drug therapy combination female hiv infectionsdrug therapyethnologyphysiopathologypsychology humans male patient satisfaction psychometricsinstrumentation quality of life qualityadjusted life years reverse transcriptase inhibitors sickness impact profile united kingdom united states viral load [SEP] background most us studies that estimate eq5d index score generally apply the uk preference weights we compared the validity of a newlydeveloped us weights to the uk weights for use of eq5d as a measure of healthrelated quality of life methods data were collected from a randomized clinical trial for patients with hiv n  1126 in the us convergent validity was examined by comparing pearson correlations of eq5d index scores with the moshiv health survey scale scores and physical and mental health summary phs mhs scores using the us and uk weights knowngroups validity of eq5d us versus uk index scores was compared using clinical variables cd4 cell count and hiv viral load and the moshiv phs and mhs score changes in the eq5d index from baseline to week 50 were examined using effect size es estimates results the mean eq5d index scores was slightly higher using us weights than uk weights 087 vs 084 respectively the correlation coefficient for eq5d utilities using the us and uk weights was 098 the correlations of eq5d index scores with the moshiv scores were moderate and similar using the us and uk weights the eq5d index scores discriminated equally well for both versions between levels of cd4 count hiv viral load and phs and mhs scores p  005 suggesting equivalent knowngroups validity the changes in eq5d index scores from baseline to week 50 were similar for both versions es 021 vs 022 for us and uk respectively suggesting equivalent responsiveness to score changes conclusions eq5d index scores generated using uk and us preference weights showed equivalent psychometric properties for assessing treatment benefit in a single population the use of either the uk or us weights as a measure of hrqol will not change inferences however for comparisons across us and uk populations the choice between these two weights should be based on their relevance to the study population,1,0.6448504
3723,effect of pain neuroscience education and exercise on presenteeism and pain intensity in health care workers a randomized controlled trial,adult aged exercise female health personnelpsychology health promotionmethods humans japan male middle aged musculoskeletal painprevention  control patient education as topicmethods presenteeism surveys and questionnaires work performance workplace exercise occupational rehabilitation pain neuroscience education presenteeism randomized controlled trial,objectives decreased workforce productivity has a significant economic impact on healthcare systems presenteeism the practice of working at reduced potential is more harmful than absenteeism present workers most often experience musculoskeletal pain that is not mitigated by general exercise or stretching we aimed to assess whether a regimen of pain neuroscience education pne and exercise tailored to individual healthcare workers could reduce presenteeism and improve productivity methods an independent investigator randomized 104 medical professionals into two groups intervention and control the control group received general feedback after answering a questionnaire while the intervention group received a 6month plan of exercises and pne created by a physical therapist with 10 years of experience our primary outcome was the scores of the japanese version of the world health organization health and work performance questionnaire whohpq to investigate presenteeism and our secondary outcomes were pain intensity widespread pain index wpi and euroqol 5dimension eq5d5l results in the intervention group post intervention we observed significant improvement in presenteeism pain intensity wpi physical and psychological stress and eq5d5l p  05 in the control group we noted significant improvement only in the physical and psychological stress post intervention p  05 the results showed significant betweengroup differences in presenteeism postintervention p  05 conclusion we demonstrated that a combination of pne and exercise decreases presenteeism of healthcare workers our findings will help healthcare facilities carry out better employee management and ensure optimal productivity,10.1002/1348-9585.12277,effect of pain neuroscience education and exercise on presenteeism and pain intensity in health care workers a randomized controlled trial [SEP] adult aged exercise female health personnelpsychology health promotionmethods humans japan male middle aged musculoskeletal painprevention  control patient education as topicmethods presenteeism surveys and questionnaires work performance workplace exercise occupational rehabilitation pain neuroscience education presenteeism randomized controlled trial [SEP] objectives decreased workforce productivity has a significant economic impact on healthcare systems presenteeism the practice of working at reduced potential is more harmful than absenteeism present workers most often experience musculoskeletal pain that is not mitigated by general exercise or stretching we aimed to assess whether a regimen of pain neuroscience education pne and exercise tailored to individual healthcare workers could reduce presenteeism and improve productivity methods an independent investigator randomized 104 medical professionals into two groups intervention and control the control group received general feedback after answering a questionnaire while the intervention group received a 6month plan of exercises and pne created by a physical therapist with 10 years of experience our primary outcome was the scores of the japanese version of the world health organization health and work performance questionnaire whohpq to investigate presenteeism and our secondary outcomes were pain intensity widespread pain index wpi and euroqol 5dimension eq5d5l results in the intervention group post intervention we observed significant improvement in presenteeism pain intensity wpi physical and psychological stress and eq5d5l p  05 in the control group we noted significant improvement only in the physical and psychological stress post intervention p  05 the results showed significant betweengroup differences in presenteeism postintervention p  05 conclusion we demonstrated that a combination of pne and exercise decreases presenteeism of healthcare workers our findings will help healthcare facilities carry out better employee management and ensure optimal productivity,1,0.5515301
7249,patientreported outcome measures proms following knee arthroplasty a prospective cohort study protocol,arthroplasty replacement knee humans osteoarthritis kneesurgery patient reported outcome measures prospective studies quality of life switzerland treatment outcome adult orthopaedics knee orthopaedic  trauma surgery,introduction to evaluate the quality of clinical practice patientreported outcome measures proms are important as certain questions could only be answered by the patient himself proms help to get a better understanding what is meaningful to a patient and directly affects daily functioning to move beyond traditional measures we are interested in what matters to patients and developed this project the aim of this article is to provide the protocol for our study collecting proms in daily medical practice from patients who undergo knee arthroplasty methods and analysis this study is a singlesite observational prospective cohort study we will recruit patients scheduled for a knee arthroplasty in our medical office situated in a private clinic after signed informed consent patients complete selfreported questionnaires before the surgery after 4 months 1 year 2 years 3 years 4 years and 5 years we will use the following proms knee injury and osteoarthritis outcome score forgotten joint score euroqol five dimensions and satisfaction additionally the surgeon will complete the objective knee society score administration of the questionnaires will be electronically or paperbased we will assess differences between preoperative and postoperative data with paired ttest for continuous variables and wilcoxon signedrank test for categorical variables to assess subgroup differences we will use unpaired ttest for continuous variables and mannwhitney u test for categorical variables to assess possible presence of bias we will conduct sensitivity analyses ethics and dissemination the study has been reviewed and approved by the local ethics committee in basel switzerland written informed consent will be obtained from all patients we will disseminate the results of the study through peerreviewed journals national and international conference presentations and presentations to relevant stakeholders through appropriate channels,10.1136/bmjopen-2020-040811,patientreported outcome measures proms following knee arthroplasty a prospective cohort study protocol [SEP] arthroplasty replacement knee humans osteoarthritis kneesurgery patient reported outcome measures prospective studies quality of life switzerland treatment outcome adult orthopaedics knee orthopaedic  trauma surgery [SEP] introduction to evaluate the quality of clinical practice patientreported outcome measures proms are important as certain questions could only be answered by the patient himself proms help to get a better understanding what is meaningful to a patient and directly affects daily functioning to move beyond traditional measures we are interested in what matters to patients and developed this project the aim of this article is to provide the protocol for our study collecting proms in daily medical practice from patients who undergo knee arthroplasty methods and analysis this study is a singlesite observational prospective cohort study we will recruit patients scheduled for a knee arthroplasty in our medical office situated in a private clinic after signed informed consent patients complete selfreported questionnaires before the surgery after 4 months 1 year 2 years 3 years 4 years and 5 years we will use the following proms knee injury and osteoarthritis outcome score forgotten joint score euroqol five dimensions and satisfaction additionally the surgeon will complete the objective knee society score administration of the questionnaires will be electronically or paperbased we will assess differences between preoperative and postoperative data with paired ttest for continuous variables and wilcoxon signedrank test for categorical variables to assess subgroup differences we will use unpaired ttest for continuous variables and mannwhitney u test for categorical variables to assess possible presence of bias we will conduct sensitivity analyses ethics and dissemination the study has been reviewed and approved by the local ethics committee in basel switzerland written informed consent will be obtained from all patients we will disseminate the results of the study through peerreviewed journals national and international conference presentations and presentations to relevant stakeholders through appropriate channels,0,0.5579427
1822,treatment of periprosthetic joint infection and fracturerelated infection with a temporary arthrodesis made by pmmacoated intramedullary nails  evaluation of technique and quality of life in implantfree interval,coated implants fracturerelated infection periprosthetic joint infection polymethyl methacrylate pmma psychological outcomes quality of life temporary arthrodesis,background antimicrobial coating of intramedullary nails with polymethyl methacrylate pmma bone cement promises infection control and stabilization for subsequent bone healing however when removing the implant bone cement can debond and remain in the medullary cavity of the long bones representing a nidus for reinfection this work presents a technique comprising reinforcement of pmmacoated intramedullary nails with cerclage wire to prevent such problems in patients treated for fracturerelated infection fri or knee periprosthetic joint infection pji with a static spacer as temporary arthrodesis allowing weightbearing in the implantfree interval outcomes of this surgical treatment were evaluated in terms of i associated complications and ii patientreported quality of life methods in this retrospective case series 20 patients with pji n  14 70 and fri n  6 30 treated with pmmacoated intramedullary nails reinforced with cerclage wire between january 2021 and july 2021 were included quality of life during the implantfree interval was evaluated with the eq5d sf36 and an icd10 based psychological symptom rating and compared with previously analyzed cohorts of successfully treated pji and fri patients in whom eradication of infection and stable bone consolidation was achieved results complications during the implantfree interval comprised a broken nail in one case 50 and a reinfection in one case 50 coatingspecific side effects and cement debonding during removal did not occur the mean physical health component score of sf36 was 261  76 and the mean mental health component score reached a value of 471  186 the mean eq5d index value was 036  032 and the mean eq5d visual analogue scale rating was 474  194 the scores were significantly lower than those in the successfully treated fri cohort but not in the pji cohort the mean icd10based symptom rating scores revealed psychological symptom burden on the depression scale and enhanced levels of anxiety in comparison with healed fri and pji patients conclusion reinforcement of pmma bone cementcoated implants seems to be a reasonable treatment option to create a temporary arthrodesis preventing detachment of the bone cement when the implant was removedlevel of evidence iv,10.3389/fsurg.2022.917696,treatment of periprosthetic joint infection and fracturerelated infection with a temporary arthrodesis made by pmmacoated intramedullary nails  evaluation of technique and quality of life in implantfree interval [SEP] coated implants fracturerelated infection periprosthetic joint infection polymethyl methacrylate pmma psychological outcomes quality of life temporary arthrodesis [SEP] background antimicrobial coating of intramedullary nails with polymethyl methacrylate pmma bone cement promises infection control and stabilization for subsequent bone healing however when removing the implant bone cement can debond and remain in the medullary cavity of the long bones representing a nidus for reinfection this work presents a technique comprising reinforcement of pmmacoated intramedullary nails with cerclage wire to prevent such problems in patients treated for fracturerelated infection fri or knee periprosthetic joint infection pji with a static spacer as temporary arthrodesis allowing weightbearing in the implantfree interval outcomes of this surgical treatment were evaluated in terms of i associated complications and ii patientreported quality of life methods in this retrospective case series 20 patients with pji n  14 70 and fri n  6 30 treated with pmmacoated intramedullary nails reinforced with cerclage wire between january 2021 and july 2021 were included quality of life during the implantfree interval was evaluated with the eq5d sf36 and an icd10 based psychological symptom rating and compared with previously analyzed cohorts of successfully treated pji and fri patients in whom eradication of infection and stable bone consolidation was achieved results complications during the implantfree interval comprised a broken nail in one case 50 and a reinfection in one case 50 coatingspecific side effects and cement debonding during removal did not occur the mean physical health component score of sf36 was 261  76 and the mean mental health component score reached a value of 471  186 the mean eq5d index value was 036  032 and the mean eq5d visual analogue scale rating was 474  194 the scores were significantly lower than those in the successfully treated fri cohort but not in the pji cohort the mean icd10based symptom rating scores revealed psychological symptom burden on the depression scale and enhanced levels of anxiety in comparison with healed fri and pji patients conclusion reinforcement of pmma bone cementcoated implants seems to be a reasonable treatment option to create a temporary arthrodesis preventing detachment of the bone cement when the implant was removedlevel of evidence iv,1,0.5196003
9365,patientreported outcomes with pd1pdl1 inhibitors for advanced cancer a metaanalysis,female humans immunotherapymethods male patient reported outcome measures programmed cell death 1 receptortherapeutic use healthrelated quality of life metaanalysis pd1pdl1 inhibitor patientreported outcomes symptoms,background the aim of this metaanalysis was to compare patientreported outcomes pros between programmed death receptor1programmed deathligand 1 pd1pdl1 inhibitors and standardofcare therapy in patients with advanced cancer methods we searched randomized controlled trials rcts comparing singleagent pd1pdl1 inhibitors nivolumab pembrolizumab atezolizumab avelumab or durvalumab with standardofcare therapy in patients with advanced cancer reporting pros with generic measures the european organisation for research and treatment of cancer quality of life questionnaire core 30 items qlqc30 and the euroqol five dimensions questionnaire the summary outcomes were changes in pros from baseline to followup within and between treatment groups and time to deterioration ttd in pros based on clinically meaningful change results a total of 6334 patients from 13 rcts were included six nivolumab five pembrolizumab and two atezolizumab trials for the qlqc30 global health statusquality of life the pooled difference in mean change between treatment groups was 51 95 confidence interval ci 3369 p  001 favoring pd1pdl1 inhibitors the pooled mean change from baseline in pd1pdl1 inhibitors and controls was 01 95 ci 22 25 and  61 95 ci 84 38 respectively the ttd was significantly longer with pd1pdl1 inhibitors with a hazard ratio of 072 95 ci 055093 p  011 similarly significantly better outcomes were noted with pd1pdl1 inhibitors on most of the other pro measures conclusion pd1pdl1 inhibitors maintained healthrelated quality of life to a greater degree and had less worsening in symptoms than standardofcare therapy even though patients on these immune modulators were on treatment longer the better pro profile further supports the clinical benefit of this treatment strategy for advanced cancer implications for practice we conducted a systematic review and metaanalysis to compare patientreported outcomes pros of programmed death receptor1programmed deathligand 1 pd1pdl1 inhibitors and standardofcare therapy in patients with advanced cancer pd1pdl1 inhibitors were associated with consistently smaller pro score deterioration from baseline to followup for different healthrelated qualityoflife and symptoms scales in addition the time to deterioration in multiple pro domains was significantly longer with pd1pdl1 inhibitors taken together these findings indicate that the patients treated with pd1pdl1 inhibitors maintained healthrelated quality of life to a greater degree and had less symptom burden compared with those treated with standardofcare therapy,10.1634/theoncologist.2018-0449,patientreported outcomes with pd1pdl1 inhibitors for advanced cancer a metaanalysis [SEP] female humans immunotherapymethods male patient reported outcome measures programmed cell death 1 receptortherapeutic use healthrelated quality of life metaanalysis pd1pdl1 inhibitor patientreported outcomes symptoms [SEP] background the aim of this metaanalysis was to compare patientreported outcomes pros between programmed death receptor1programmed deathligand 1 pd1pdl1 inhibitors and standardofcare therapy in patients with advanced cancer methods we searched randomized controlled trials rcts comparing singleagent pd1pdl1 inhibitors nivolumab pembrolizumab atezolizumab avelumab or durvalumab with standardofcare therapy in patients with advanced cancer reporting pros with generic measures the european organisation for research and treatment of cancer quality of life questionnaire core 30 items qlqc30 and the euroqol five dimensions questionnaire the summary outcomes were changes in pros from baseline to followup within and between treatment groups and time to deterioration ttd in pros based on clinically meaningful change results a total of 6334 patients from 13 rcts were included six nivolumab five pembrolizumab and two atezolizumab trials for the qlqc30 global health statusquality of life the pooled difference in mean change between treatment groups was 51 95 confidence interval ci 3369 p  001 favoring pd1pdl1 inhibitors the pooled mean change from baseline in pd1pdl1 inhibitors and controls was 01 95 ci 22 25 and  61 95 ci 84 38 respectively the ttd was significantly longer with pd1pdl1 inhibitors with a hazard ratio of 072 95 ci 055093 p  011 similarly significantly better outcomes were noted with pd1pdl1 inhibitors on most of the other pro measures conclusion pd1pdl1 inhibitors maintained healthrelated quality of life to a greater degree and had less worsening in symptoms than standardofcare therapy even though patients on these immune modulators were on treatment longer the better pro profile further supports the clinical benefit of this treatment strategy for advanced cancer implications for practice we conducted a systematic review and metaanalysis to compare patientreported outcomes pros of programmed death receptor1programmed deathligand 1 pd1pdl1 inhibitors and standardofcare therapy in patients with advanced cancer pd1pdl1 inhibitors were associated with consistently smaller pro score deterioration from baseline to followup for different healthrelated qualityoflife and symptoms scales in addition the time to deterioration in multiple pro domains was significantly longer with pd1pdl1 inhibitors taken together these findings indicate that the patients treated with pd1pdl1 inhibitors maintained healthrelated quality of life to a greater degree and had less symptom burden compared with those treated with standardofcare therapy,1,0.6515129
6409,longterm outcomes of dexamethasone 12 mg versus 6 mg in patients with covid19 and severe hypoxaemia,adult covid19complicationsdrug therapy dexamethasoneadministration  dosage doseresponse relationship drug humans hypoxiacomplicationsdrug therapy patient acuity quality of life surveys and questionnaires treatment outcome covid19 corticosteroids critical illness hypoxaemia mortality quality of life,purpose we assessed longterm outcomes of dexamethasone 12 mg versus 6 mg given daily for up to 10 days in patients with coronavirus disease 2019 covid19 and severe hypoxaemia methods we assessed 180day mortality and healthrelated quality of life hrqol using euroqol eq5d5l index values and eq visual analogue scale vas in the international stratified blinded covid steroid 2 trial which randomised 1000 adults with confirmed covid19 receiving at least 10 lmin of oxygen or mechanical ventilation in 26 hospitals in europe and india in the hrqol analyses higher values indicated better outcomes and deceased patients were given a score of zero results we obtained vital status at 180 days for 963 of 982 patients 981 in the intentiontotreat population eq5d5l index value data for 922 939 and eq vas data for 924 941 at 180 days 164 of 486 patients 337 had died in the 12 mg group versus 184 of 477 386 in the 6 mg group adjusted risk difference  43 99 confidence interval ci  11730 relative risk 089 072109 p  013 the adjusted mean differences between the 12 mg and the 6 mg groups in eq5d5l index values were 006 99 ci  001 to 012 p  010 and in eq vas scores 4  3 to 10 p  022 conclusion among patients with covid19 and severe hypoxaemia dexamethasone 12 mg compared with 6 mg did not result in statistically significant improvements in mortality or hrqol at 180 days but the results were most compatible with benefit from the higher dose,10.1007/s00134-022-06677-2,longterm outcomes of dexamethasone 12 mg versus 6 mg in patients with covid19 and severe hypoxaemia [SEP] adult covid19complicationsdrug therapy dexamethasoneadministration  dosage doseresponse relationship drug humans hypoxiacomplicationsdrug therapy patient acuity quality of life surveys and questionnaires treatment outcome covid19 corticosteroids critical illness hypoxaemia mortality quality of life [SEP] purpose we assessed longterm outcomes of dexamethasone 12 mg versus 6 mg given daily for up to 10 days in patients with coronavirus disease 2019 covid19 and severe hypoxaemia methods we assessed 180day mortality and healthrelated quality of life hrqol using euroqol eq5d5l index values and eq visual analogue scale vas in the international stratified blinded covid steroid 2 trial which randomised 1000 adults with confirmed covid19 receiving at least 10 lmin of oxygen or mechanical ventilation in 26 hospitals in europe and india in the hrqol analyses higher values indicated better outcomes and deceased patients were given a score of zero results we obtained vital status at 180 days for 963 of 982 patients 981 in the intentiontotreat population eq5d5l index value data for 922 939 and eq vas data for 924 941 at 180 days 164 of 486 patients 337 had died in the 12 mg group versus 184 of 477 386 in the 6 mg group adjusted risk difference  43 99 confidence interval ci  11730 relative risk 089 072109 p  013 the adjusted mean differences between the 12 mg and the 6 mg groups in eq5d5l index values were 006 99 ci  001 to 012 p  010 and in eq vas scores 4  3 to 10 p  022 conclusion among patients with covid19 and severe hypoxaemia dexamethasone 12 mg compared with 6 mg did not result in statistically significant improvements in mortality or hrqol at 180 days but the results were most compatible with benefit from the higher dose,1,0.74959266
7929,use of conservative therapy before and after surgery for carpal tunnel syndrome,carpal tunnel syndromesurgery conservative treatment female humans male middle aged pain measurement retrospective studies surveys and questionnaires treatment outcome carpal tunnel release carpal tunnel syndrome conservative therapy rehabilitation,background conservative therapies are typically offered to individuals who experience mild or intermittent symptoms of carpal tunnel syndrome cts or postoperatively to subjects who have undergone carpal tunnel release although longterm studies report mostly positive results for carpal tunnel release knowledge on the need for conservative treatments following surgery is scarce the aim of this retrospective cohort study was to examine the use of conservative therapies before and after carpal tunnel releasing surgery methods of 528 patients who underwent carpal tunnel release surgery in the study hospital during the study period 259 provided sufficiently completed questionnaires response rate 49  the patients completed a questionnaire battery including a sociodemographic medical history and symptom questionnaire the boston carpal tunnel syndrome questionnaire 6item cts symptoms scale and euroqol 5d frequencies of conservative therapies pre and postoperatively were calculated association between pain vas and satisfaction with treatment were examined in patient groups according to the use of conservative therapies results of all patients 41 16  reported receiving only preoperative 18 7  reported receiving only postoperative 157 60  reported receiving both pre and postoperative conservative therapies and 43 17  did not receive any therapies preoperative use of conservative therapies was more common in females than males 82  vs 64  p  0002 but postoperatively no significant gender difference was observed the patients who received conservative therapies were younger than nonusers in both the preoperative median age 59 vs 66 p  0001 and postoperative 59 vs 66 p  004 phases the patients reported high satisfaction with their treatment and simultaneous improvement in pain vas scores those receiving conservative therapies only preoperatively reported the highest satisfaction conclusions while the use of conservative therapies decreased after surgery a large proportion of the patients received these adjunct interventions patients reported high satisfaction with their treatment one year post surgery pain outcome seems to be closely related to satisfaction with treatment level of evidence level iii,10.1186/s12891-021-04378-3,use of conservative therapy before and after surgery for carpal tunnel syndrome [SEP] carpal tunnel syndromesurgery conservative treatment female humans male middle aged pain measurement retrospective studies surveys and questionnaires treatment outcome carpal tunnel release carpal tunnel syndrome conservative therapy rehabilitation [SEP] background conservative therapies are typically offered to individuals who experience mild or intermittent symptoms of carpal tunnel syndrome cts or postoperatively to subjects who have undergone carpal tunnel release although longterm studies report mostly positive results for carpal tunnel release knowledge on the need for conservative treatments following surgery is scarce the aim of this retrospective cohort study was to examine the use of conservative therapies before and after carpal tunnel releasing surgery methods of 528 patients who underwent carpal tunnel release surgery in the study hospital during the study period 259 provided sufficiently completed questionnaires response rate 49  the patients completed a questionnaire battery including a sociodemographic medical history and symptom questionnaire the boston carpal tunnel syndrome questionnaire 6item cts symptoms scale and euroqol 5d frequencies of conservative therapies pre and postoperatively were calculated association between pain vas and satisfaction with treatment were examined in patient groups according to the use of conservative therapies results of all patients 41 16  reported receiving only preoperative 18 7  reported receiving only postoperative 157 60  reported receiving both pre and postoperative conservative therapies and 43 17  did not receive any therapies preoperative use of conservative therapies was more common in females than males 82  vs 64  p  0002 but postoperatively no significant gender difference was observed the patients who received conservative therapies were younger than nonusers in both the preoperative median age 59 vs 66 p  0001 and postoperative 59 vs 66 p  004 phases the patients reported high satisfaction with their treatment and simultaneous improvement in pain vas scores those receiving conservative therapies only preoperatively reported the highest satisfaction conclusions while the use of conservative therapies decreased after surgery a large proportion of the patients received these adjunct interventions patients reported high satisfaction with their treatment one year post surgery pain outcome seems to be closely related to satisfaction with treatment level of evidence level iii,0,0.51289946
12081,utility of spine surgery a comparison of common elective orthopaedic surgical procedures,adolescent adult aged aged 80 and over cohort studies diagnosis differential elective surgical proceduresstatistics  numerical data female followup studies humans longitudinal studies low back paindiagnosispsychologysurgery male middle aged orthopedic proceduresstatistics  numerical data prospective studies quality of lifepsychology spinal diseasesdiagnosispsychologysurgery young adult,study design a 1year prospective observational cohort study objective to compare the utility before and 1 year after elective spine surgery with some other common orthopaedic surgical procedures summary of background data by using global measures like eq5d and sf36 for the determination of the utility the changes in quality of life quality of life qol after an intervention different diagnoses and treatments can be compared total hip replacement thr has become almost golden standard in this respect methods seven hundred seventyseven subjects with different common orthopaedic diagnoses scheduled for elective surgery were just before surgery and 1 year after surgery answering both eq5d and sf36 four groups with different spine diagnoses and procedures were formed and compared with 8 other diagnoses and treatment groups results before surgery subjects with spine diagnoses reported the lowest qol of all diagnoses compared surgery for spinal stenosis spondylolisthesis and instability meant the largest improvement of all surgical interventions surgery for nhp gave a moderately good improvement whereas surgery for clbp only marginally improved those operated particularly thr but also tkr more or less completely normalized qol but made it from a relatively high preoperative level the greatest improvements after spine surgery other surgical procedures and different diagnoses were in the paindiscomfort domain conclusion spinal surgery in spinal stenosis spondylolisthesis and instability had in comparison to other types of elective orthopaedic surgery an outstanding better ability to improve the operated subjects healthrelated quality of life than other types of elective orthopaedic surgery the utility of hnp surgery was somewhat lower and was rather marginal for those operated for nonspecific clbp,10.1097/BRS.0b013e31818e2914,utility of spine surgery a comparison of common elective orthopaedic surgical procedures [SEP] adolescent adult aged aged 80 and over cohort studies diagnosis differential elective surgical proceduresstatistics  numerical data female followup studies humans longitudinal studies low back paindiagnosispsychologysurgery male middle aged orthopedic proceduresstatistics  numerical data prospective studies quality of lifepsychology spinal diseasesdiagnosispsychologysurgery young adult [SEP] study design a 1year prospective observational cohort study objective to compare the utility before and 1 year after elective spine surgery with some other common orthopaedic surgical procedures summary of background data by using global measures like eq5d and sf36 for the determination of the utility the changes in quality of life quality of life qol after an intervention different diagnoses and treatments can be compared total hip replacement thr has become almost golden standard in this respect methods seven hundred seventyseven subjects with different common orthopaedic diagnoses scheduled for elective surgery were just before surgery and 1 year after surgery answering both eq5d and sf36 four groups with different spine diagnoses and procedures were formed and compared with 8 other diagnoses and treatment groups results before surgery subjects with spine diagnoses reported the lowest qol of all diagnoses compared surgery for spinal stenosis spondylolisthesis and instability meant the largest improvement of all surgical interventions surgery for nhp gave a moderately good improvement whereas surgery for clbp only marginally improved those operated particularly thr but also tkr more or less completely normalized qol but made it from a relatively high preoperative level the greatest improvements after spine surgery other surgical procedures and different diagnoses were in the paindiscomfort domain conclusion spinal surgery in spinal stenosis spondylolisthesis and instability had in comparison to other types of elective orthopaedic surgery an outstanding better ability to improve the operated subjects healthrelated quality of life than other types of elective orthopaedic surgery the utility of hnp surgery was somewhat lower and was rather marginal for those operated for nonspecific clbp,1,0.6665422
4323,arthroscopic removal of osteoid osteoma with gamma probe assistance in the hip joint,adolescent adult arthroscopymethods bone neoplasmsdiagnosisradiotherapysurgery child female gamma raystherapeutic use hip jointdiagnostic imagingradiation effectssurgery humans magnetic resonance imaging male osteoma osteoiddiagnosisradiotherapysurgery quality of life single photon emission computed tomography computed tomography young adult gamma probe hip arthroscopy osteoid osteoma,aim the aim was to present the surgical technique and clinical outcome in a series of patients treated with gammaprobeassisted arthroscopic removal of osteoid osteoma in the hip joint methods the case series consisted of 10 patients diagnosed with osteoid osteoma of the hip who were treated by arthroscopic nidus removal an endoscopic gamma probe was used intraoperatively to locate the nidus and to control the extent of its removal residual osteoma cavities were additionally treated with an arthroscopic radiofrequency ablator microfracturing was performed when the osteochondral defect was in the weightbearing area and osteochondroplasty was done in cases of concomitant cam deformity nonarthritic hip score nahs tegner activity score quality of life questionnaire eq5d and postoperative magnetic resonance imaging mri were used for evaluation before and postsurgery with a minimum followup of 2 years results the relative reduction of the gamma irradiation count immediately after removal of the nidus was 449 range 333545 postoperatively all patients experienced prompt pain relief and a significant improvement according to all patient reported outcomes control mri revealed fibrocartilaginous tissue repair of postosteoma osteochondral defects in the weightbearing area 1 patient showed signs of early degeneration conclusions the results of this case series demonstrated the safety and high efficacy of gammaprobeassisted arthroscopic removal of the osteoid osteoma from the hip joint endoscopic gamma probe was recognised as a very useful device for locating the nidus of the osteoid osteoma exactly and preventing incomplete or excessive removal of the bone,10.1177/1120700018782274,arthroscopic removal of osteoid osteoma with gamma probe assistance in the hip joint [SEP] adolescent adult arthroscopymethods bone neoplasmsdiagnosisradiotherapysurgery child female gamma raystherapeutic use hip jointdiagnostic imagingradiation effectssurgery humans magnetic resonance imaging male osteoma osteoiddiagnosisradiotherapysurgery quality of life single photon emission computed tomography computed tomography young adult gamma probe hip arthroscopy osteoid osteoma [SEP] aim the aim was to present the surgical technique and clinical outcome in a series of patients treated with gammaprobeassisted arthroscopic removal of osteoid osteoma in the hip joint methods the case series consisted of 10 patients diagnosed with osteoid osteoma of the hip who were treated by arthroscopic nidus removal an endoscopic gamma probe was used intraoperatively to locate the nidus and to control the extent of its removal residual osteoma cavities were additionally treated with an arthroscopic radiofrequency ablator microfracturing was performed when the osteochondral defect was in the weightbearing area and osteochondroplasty was done in cases of concomitant cam deformity nonarthritic hip score nahs tegner activity score quality of life questionnaire eq5d and postoperative magnetic resonance imaging mri were used for evaluation before and postsurgery with a minimum followup of 2 years results the relative reduction of the gamma irradiation count immediately after removal of the nidus was 449 range 333545 postoperatively all patients experienced prompt pain relief and a significant improvement according to all patient reported outcomes control mri revealed fibrocartilaginous tissue repair of postosteoma osteochondral defects in the weightbearing area 1 patient showed signs of early degeneration conclusions the results of this case series demonstrated the safety and high efficacy of gammaprobeassisted arthroscopic removal of the osteoid osteoma from the hip joint endoscopic gamma probe was recognised as a very useful device for locating the nidus of the osteoid osteoma exactly and preventing incomplete or excessive removal of the bone,0,0.56121165
9066,profiling the mental health of diabetic patients a crosssectional survey of zimbabwean patients,adult aged comorbidity crosssectional studies diabetes mellitusepidemiology diabetes mellitus type 2epidemiology female humans male mental disordersepidemiology middle aged quality of life social support socioeconomic factors zimbabwe diabetes mental health quality of life social support zimbabwe,objective the burden of diabetes mellitus has exponentially increased in low resource settings patients with diabetes are more likely to exhibit poor mental health which negatively affects treatment outcomes however patients with high levels of social support ss are likely to report optimal mental health we sought to determine how ss affects the report of psychiatric morbidity and healthrelated quality of life hrqol in 108 diabetic patients in harare zimbabwe results the average age of participants was 541 sd 186 years most of the participants were females 694 married 519 and were of low level of income 435 371 of the participants exhibited signs of psychiatric morbidity mean shona symptoms questionnaire score67 sd 32 further patients also reported lower hrqol mean eq5dvas score641 sd 153 and high levels of ss mean multidimensional scale of perceived social support score437 sd 115 patients who received greater amount of ss had optimal mental health being female unmarried lower education attainment having more comorbid conditions being diagnosed with type 2 diabetes and having been diagnosed of diabetes for a longer duration were associated with poorer mental health it is important to develop contextspecific interventions to improve diabetic patients mental health,10.1186/s13104-018-3881-9,profiling the mental health of diabetic patients a crosssectional survey of zimbabwean patients [SEP] adult aged comorbidity crosssectional studies diabetes mellitusepidemiology diabetes mellitus type 2epidemiology female humans male mental disordersepidemiology middle aged quality of life social support socioeconomic factors zimbabwe diabetes mental health quality of life social support zimbabwe [SEP] objective the burden of diabetes mellitus has exponentially increased in low resource settings patients with diabetes are more likely to exhibit poor mental health which negatively affects treatment outcomes however patients with high levels of social support ss are likely to report optimal mental health we sought to determine how ss affects the report of psychiatric morbidity and healthrelated quality of life hrqol in 108 diabetic patients in harare zimbabwe results the average age of participants was 541 sd 186 years most of the participants were females 694 married 519 and were of low level of income 435 371 of the participants exhibited signs of psychiatric morbidity mean shona symptoms questionnaire score67 sd 32 further patients also reported lower hrqol mean eq5dvas score641 sd 153 and high levels of ss mean multidimensional scale of perceived social support score437 sd 115 patients who received greater amount of ss had optimal mental health being female unmarried lower education attainment having more comorbid conditions being diagnosed with type 2 diabetes and having been diagnosed of diabetes for a longer duration were associated with poorer mental health it is important to develop contextspecific interventions to improve diabetic patients mental health,1,0.677821
6006,inspace implant compared with partial repair for the treatment of fullthickness massive rotator cuff tears a multicenter singleblinded randomized controlled trial,arthroscopy humans pain range of motion articular retrospective studies rotator cuff injuriessurgery treatment outcome,background the purpose of this study was to prospectively evaluate the efficacy and safety of a subacromial balloon spacer inspace implant stryker compared with arthroscopic partial repair in patients with irreparable posterosuperior massive rotator cuff tears methods patients 40 years of age with symptomatic irreparable posterosuperior massive rotator cuff tears and an intact subscapularis who underwent failed nonoperative management were included in this randomized controlled trial comparing the inspace implant with partial repair clinical outcome data were collected at baseline through a 24month followup the primary outcome was improvement in the american shoulder and elbow surgeons ases scores the secondary outcomes included change from baseline in the western ontario rotator cuff worc score the visual analog scale vas pain score the constantmurley shoulder score the euroqol5 dimensions5level eq5d5l score active range of motion and operative time complications and reoperations for each group were also recorded results twenty sites randomized 184 patients 93 in the inspace group and 91 in the partial repair group significant and clinically relevant improvements in the ases score from baseline were noted in both groups at month 12 and were maintained at month 24 overall 83 of patients in the inspace group and 81 of patients in the partial repair group achieved the ases minimally clinically important difference threshold and 82 of patients in the inspace group and 79 of patients in the partial repair group achieved the substantial clinical benefit threshold forward elevation was significantly greater in the inspace group compared with the partial repair group at day 10 p  004 week 6 p  00001 month 12 p  0005 and month 24 p  0003 the operative time was significantly shorter in the inspace group p  00001 no devicerelated surgical complications were noted and 4 reoperations after inspace implantation and 3 reoperations after partial repair were required conclusions the inspace implant is an appropriate alternative to partial repair in patients with irreparable posterosuperior massive rotator cuff tears and an intact subscapularis notable benefits include early functional recovery and pain relief combined with a shorter operative time level of evidence therapeutic level i  see instructions for authors for a complete description of levels of evidence,10.2106/JBJS.21.00667,inspace implant compared with partial repair for the treatment of fullthickness massive rotator cuff tears a multicenter singleblinded randomized controlled trial [SEP] arthroscopy humans pain range of motion articular retrospective studies rotator cuff injuriessurgery treatment outcome [SEP] background the purpose of this study was to prospectively evaluate the efficacy and safety of a subacromial balloon spacer inspace implant stryker compared with arthroscopic partial repair in patients with irreparable posterosuperior massive rotator cuff tears methods patients 40 years of age with symptomatic irreparable posterosuperior massive rotator cuff tears and an intact subscapularis who underwent failed nonoperative management were included in this randomized controlled trial comparing the inspace implant with partial repair clinical outcome data were collected at baseline through a 24month followup the primary outcome was improvement in the american shoulder and elbow surgeons ases scores the secondary outcomes included change from baseline in the western ontario rotator cuff worc score the visual analog scale vas pain score the constantmurley shoulder score the euroqol5 dimensions5level eq5d5l score active range of motion and operative time complications and reoperations for each group were also recorded results twenty sites randomized 184 patients 93 in the inspace group and 91 in the partial repair group significant and clinically relevant improvements in the ases score from baseline were noted in both groups at month 12 and were maintained at month 24 overall 83 of patients in the inspace group and 81 of patients in the partial repair group achieved the ases minimally clinically important difference threshold and 82 of patients in the inspace group and 79 of patients in the partial repair group achieved the substantial clinical benefit threshold forward elevation was significantly greater in the inspace group compared with the partial repair group at day 10 p  004 week 6 p  00001 month 12 p  0005 and month 24 p  0003 the operative time was significantly shorter in the inspace group p  00001 no devicerelated surgical complications were noted and 4 reoperations after inspace implantation and 3 reoperations after partial repair were required conclusions the inspace implant is an appropriate alternative to partial repair in patients with irreparable posterosuperior massive rotator cuff tears and an intact subscapularis notable benefits include early functional recovery and pain relief combined with a shorter operative time level of evidence therapeutic level i  see instructions for authors for a complete description of levels of evidence,1,0.51747596
12526,quality of life in patients with ileal conduit cystectomy due to bladder cancer,aged aged 80 and over cystectomy female humans male middle aged quality of life surveys and questionnaires urinary bladder neoplasmssurgery urinary diversion calidad de vida cistectoma conducto ileal cystectomy euroqol 5d3l ileal conduit quality of life,objective to determine the variables that affect quality of life of patients treated by radical cystectomy with ileal conduit material and method we analyzed quality of life using the eq5d3l questionnaire this questionnaire evaluates mobility personal care daily activities paindiscomfort anxietydepression and a selfrating scale of the health condition we compared the result with demographic variables gender age work situation studies income partner and clinical variables asa classification tumor stage time since cystectomy was performed adjuvant chemotherapy recurrent and complications of the stoma the statistical analysis included a descriptive study univariate and multivariate analysis results a total of 59 patients were included in the study with a mean age of 69 years 4784 mean time from cystectomy was 43 months 1283 with 61 complications associated to the stoma stoma complications were related with limitations in personal care paindiscomfort anxiety depression and quality of life in general female gender was associated with limitations in daily activities and adjuvant chemotherapy with anxietydepression and quality of life in general the rest of the variables were not statistically significant in the multivariate analysis conclusions the limitations in quality of life in patients with cystectomy and ileal conduit are associated with the stomaassociated complications other related variables are female gender and administration of adjuvant chemotherapy,10.1016/j.acuro.2013.04.006,quality of life in patients with ileal conduit cystectomy due to bladder cancer [SEP] aged aged 80 and over cystectomy female humans male middle aged quality of life surveys and questionnaires urinary bladder neoplasmssurgery urinary diversion calidad de vida cistectoma conducto ileal cystectomy euroqol 5d3l ileal conduit quality of life [SEP] objective to determine the variables that affect quality of life of patients treated by radical cystectomy with ileal conduit material and method we analyzed quality of life using the eq5d3l questionnaire this questionnaire evaluates mobility personal care daily activities paindiscomfort anxietydepression and a selfrating scale of the health condition we compared the result with demographic variables gender age work situation studies income partner and clinical variables asa classification tumor stage time since cystectomy was performed adjuvant chemotherapy recurrent and complications of the stoma the statistical analysis included a descriptive study univariate and multivariate analysis results a total of 59 patients were included in the study with a mean age of 69 years 4784 mean time from cystectomy was 43 months 1283 with 61 complications associated to the stoma stoma complications were related with limitations in personal care paindiscomfort anxiety depression and quality of life in general female gender was associated with limitations in daily activities and adjuvant chemotherapy with anxietydepression and quality of life in general the rest of the variables were not statistically significant in the multivariate analysis conclusions the limitations in quality of life in patients with cystectomy and ileal conduit are associated with the stomaassociated complications other related variables are female gender and administration of adjuvant chemotherapy,1,0.6594744
12547,recurrent versus primary lumbar disc herniation surgery patientreported outcomes in the swedish spine register swespine,adult back painetiologyphysiopathologysurgery disability evaluation diskectomyadverse effects humans intervertebral discphysiopathologysurgery intervertebral disc displacementcomplicationsdiagnosisphysiopathologysurgery leginnervation lumbar vertebraephysiopathologysurgery male middle aged pain measurement patient satisfaction prospective studies recovery of function recurrence registries risk factors surveys and questionnaires sweden time factors treatment outcome,background lumbar disc herniation ldh is a common indication for lumbar spine surgery the proportion of patients having a second surgery within 2 years varies in the literature between 05 and 24 with recurrent herniation being the most common cause several studies have not found any relevant outcome differences between patients undergoing surgery for primary ldh and patients undergoing reoperation for a recurrent ldh but these studies have limitations including small sample size and retrospective design questionspurposes we 1 compared patientreported outcomes between patients operated on for primary ldh and patients reoperated on for recurrent ldh within 1 year after index surgery and 2 determined risk factors for worse outcomes methods we obtained data from the swedish national spine register swespine where patientreported outcomes are collected using mailed protocols at 1 2 5 and 10 years after surgery of the 13562 patients identified who underwent ldh between january 2000 and may 2011 13305 98 underwent primary surgery for ldh and 257 2 underwent reoperation for a recurrent ldh within the first year patientreported outcomes at 1 to 2 years were available for 8497 patients 63 8350 of 13305 63 in the primary ldh group and 147 of 257 57 in the recurrent ldh group p  0068 we compared leg and back pain vas 0100 function oswestry disability index odi 0100 quality of life eq5d 059 to 10 patient satisfaction and global assessment of leg pain between groups we also analyzed rsik factors for worse global assessment and satisfaction results mean 95 ci differences in improvement between groups favoring patients with primary ldh were vas leg pain 9 414 odi 6 39 and eq5d 009 004015 while statistically significant these effect sizes may be lower than the minimal clinically important differences often referred to percentage of satisfied patients was 79 and 58 in the primary and recurrent ldh groups respectively p  0001 and percentage of patients with no or better leg pain global assessment was 74 and 65 respectively p  0008 reoperation for recurrent ldh represented the largest independent risk for dissatisfaction this factor and smoking represented similar risks for less improvement in leg pain conclusions repeat surgery for a recurrent ldh was performed with good probability for improvement although not as good as for primary ldh surgery and patients undergoing repeated surgery were less satisfied studies on risk factors for recurrence are warranted level of evidence level ii therapeutic study see instructions for authors for a complete description of levels of evidence,10.1007/s11999-014-3596-8,recurrent versus primary lumbar disc herniation surgery patientreported outcomes in the swedish spine register swespine [SEP] adult back painetiologyphysiopathologysurgery disability evaluation diskectomyadverse effects humans intervertebral discphysiopathologysurgery intervertebral disc displacementcomplicationsdiagnosisphysiopathologysurgery leginnervation lumbar vertebraephysiopathologysurgery male middle aged pain measurement patient satisfaction prospective studies recovery of function recurrence registries risk factors surveys and questionnaires sweden time factors treatment outcome [SEP] background lumbar disc herniation ldh is a common indication for lumbar spine surgery the proportion of patients having a second surgery within 2 years varies in the literature between 05 and 24 with recurrent herniation being the most common cause several studies have not found any relevant outcome differences between patients undergoing surgery for primary ldh and patients undergoing reoperation for a recurrent ldh but these studies have limitations including small sample size and retrospective design questionspurposes we 1 compared patientreported outcomes between patients operated on for primary ldh and patients reoperated on for recurrent ldh within 1 year after index surgery and 2 determined risk factors for worse outcomes methods we obtained data from the swedish national spine register swespine where patientreported outcomes are collected using mailed protocols at 1 2 5 and 10 years after surgery of the 13562 patients identified who underwent ldh between january 2000 and may 2011 13305 98 underwent primary surgery for ldh and 257 2 underwent reoperation for a recurrent ldh within the first year patientreported outcomes at 1 to 2 years were available for 8497 patients 63 8350 of 13305 63 in the primary ldh group and 147 of 257 57 in the recurrent ldh group p  0068 we compared leg and back pain vas 0100 function oswestry disability index odi 0100 quality of life eq5d 059 to 10 patient satisfaction and global assessment of leg pain between groups we also analyzed rsik factors for worse global assessment and satisfaction results mean 95 ci differences in improvement between groups favoring patients with primary ldh were vas leg pain 9 414 odi 6 39 and eq5d 009 004015 while statistically significant these effect sizes may be lower than the minimal clinically important differences often referred to percentage of satisfied patients was 79 and 58 in the primary and recurrent ldh groups respectively p  0001 and percentage of patients with no or better leg pain global assessment was 74 and 65 respectively p  0008 reoperation for recurrent ldh represented the largest independent risk for dissatisfaction this factor and smoking represented similar risks for less improvement in leg pain conclusions repeat surgery for a recurrent ldh was performed with good probability for improvement although not as good as for primary ldh surgery and patients undergoing repeated surgery were less satisfied studies on risk factors for recurrence are warranted level of evidence level ii therapeutic study see instructions for authors for a complete description of levels of evidence,1,0.5287958
11969,medication quality and quality of life in the elderly a cohort study,aged aged 80 and over cohort studies comorbidity female humans male patient discharge polypharmacy practice patterns physiciansstatistics  numerical data quality of life surveys and questionnaires sweden,background modern drugs have made large contributions to better health and quality of life increasing proportions of negative side effects due to extensive pharmacological treatment are however observed especially among elderly patients who have multiple health problems the aim of our study was to see if there is an association between medication quality and quality of life methods 150 patients discharged from hospital inclusion criteria were living in ordinary homes  75 years and  5 drugs home visits were performed to all including prescription reviews and calculation of medication appropriateness index the patients were divided into three groups depending on index score and followed for 12 months the validated and recognized eq5d and eq vas instruments were used to assess quality of life results a lower medication quality was associated with a lower quality of life eq5d index was statistically significantly different declining for each group among the groups p  0001 at study start p  0001 at 6 months and p  0013 at 12 months as was eq vas p  0026 at study start p  0003 at 6 months and p  0007 at 12 months conclusions this study has shown the validity of the basic principle in prescribing the more appropriate medication the better quality of life since drug quality is related to the patients quality of life there is immense reason to continuously evaluate every prescription and treatment the evaluation and if possible deprescribing should be done as a process where both the patient and physician are involved,10.1186/1477-7525-9-95,medication quality and quality of life in the elderly a cohort study [SEP] aged aged 80 and over cohort studies comorbidity female humans male patient discharge polypharmacy practice patterns physiciansstatistics  numerical data quality of life surveys and questionnaires sweden [SEP] background modern drugs have made large contributions to better health and quality of life increasing proportions of negative side effects due to extensive pharmacological treatment are however observed especially among elderly patients who have multiple health problems the aim of our study was to see if there is an association between medication quality and quality of life methods 150 patients discharged from hospital inclusion criteria were living in ordinary homes  75 years and  5 drugs home visits were performed to all including prescription reviews and calculation of medication appropriateness index the patients were divided into three groups depending on index score and followed for 12 months the validated and recognized eq5d and eq vas instruments were used to assess quality of life results a lower medication quality was associated with a lower quality of life eq5d index was statistically significantly different declining for each group among the groups p  0001 at study start p  0001 at 6 months and p  0013 at 12 months as was eq vas p  0026 at study start p  0003 at 6 months and p  0007 at 12 months conclusions this study has shown the validity of the basic principle in prescribing the more appropriate medication the better quality of life since drug quality is related to the patients quality of life there is immense reason to continuously evaluate every prescription and treatment the evaluation and if possible deprescribing should be done as a process where both the patient and physician are involved,1,0.6616026
7996,antiinflammatory effect as a mechanism of effectiveness underlying the clinical benefits of pelotherapy in osteoarthritis patients regulation of the altered inflammatory and stress feedback response,aged cytokinesblood female hsp72 heatshock proteinsblood humans hydrocortisoneblood male middle aged mud therapy osteoarthritis kneebloodtherapy pain measurement quality of life balneotherapy cortisol cytokines osteoarthritis peloids ehsp72,the purpose of the present investigation was to evaluate whether an antiinflammatory effect together with an improvement of the regulation of the interaction between the inflammatory and stress responses underlies the clinical benefits of pelotherapy in osteoarthritis oa patients this study evaluated the effects of a 10day cycle of pelotherapy at the spa centre el raposo spain in a group of 21 oa patients diagnosed with primary knee oa clinical assessments included pain intensity using a visual analog scale pain stiffness and physical function using the western ontario and mcmaster universities arthritis index and healthrelated quality of life using the euroqol5d questionnaire serum inflammatory cytokine levels il1 tnf il8 il6 il10 and tgf were evaluated using the bioplex luminex system circulating neuroendocrinestress biomarkers such as cortisol and extracellular 72 kda heat shock protein ehsp72 were measured by elisa after the cycle of mud therapy oa patients improved the knee flexion angle and oarelated pain stiffness and physical function and they reported a better healthrelated quality of life serum concentrations of il1 tnf il8 il6 and tgf as well as ehsp72 were markedly decreased besides systemic levels of cortisol increased significantly these results confirm that the clinical benefits of mud therapy may well be mediated at least in part by its systemic antiinflammatory effects and neuroendocrineimmune regulation in oa patients thus mud therapy could be an effective alternative treatment in the management of oa,10.1007/s00484-017-1361-x,antiinflammatory effect as a mechanism of effectiveness underlying the clinical benefits of pelotherapy in osteoarthritis patients regulation of the altered inflammatory and stress feedback response [SEP] aged cytokinesblood female hsp72 heatshock proteinsblood humans hydrocortisoneblood male middle aged mud therapy osteoarthritis kneebloodtherapy pain measurement quality of life balneotherapy cortisol cytokines osteoarthritis peloids ehsp72 [SEP] the purpose of the present investigation was to evaluate whether an antiinflammatory effect together with an improvement of the regulation of the interaction between the inflammatory and stress responses underlies the clinical benefits of pelotherapy in osteoarthritis oa patients this study evaluated the effects of a 10day cycle of pelotherapy at the spa centre el raposo spain in a group of 21 oa patients diagnosed with primary knee oa clinical assessments included pain intensity using a visual analog scale pain stiffness and physical function using the western ontario and mcmaster universities arthritis index and healthrelated quality of life using the euroqol5d questionnaire serum inflammatory cytokine levels il1 tnf il8 il6 il10 and tgf were evaluated using the bioplex luminex system circulating neuroendocrinestress biomarkers such as cortisol and extracellular 72 kda heat shock protein ehsp72 were measured by elisa after the cycle of mud therapy oa patients improved the knee flexion angle and oarelated pain stiffness and physical function and they reported a better healthrelated quality of life serum concentrations of il1 tnf il8 il6 and tgf as well as ehsp72 were markedly decreased besides systemic levels of cortisol increased significantly these results confirm that the clinical benefits of mud therapy may well be mediated at least in part by its systemic antiinflammatory effects and neuroendocrineimmune regulation in oa patients thus mud therapy could be an effective alternative treatment in the management of oa,1,0.57278585
12300,patientreported outcomes and quality of life in profile 1007 a randomized trial of crizotinib compared with chemotherapy in previously treated patients with alkpositive advanced nonsmallcell lung cancer,anaplastic lymphoma kinase antineoplastic agentstherapeutic use carcinoma nonsmallcell lungdrug therapyenzymologygenetics crizotinib docetaxel humans lung neoplasmsdrug therapyenzymologygenetics pemetrexedtherapeutic use protein kinase inhibitorstherapeutic use pyrazolestherapeutic use pyridinestherapeutic use quality of life receptor proteintyrosine kinasesgeneticsmetabolism self report taxoidstherapeutic use treatment outcome,introduction the main objective of the current post hoc analysis was to compare patientreported outcomes between crizotinib n  172 and chemotherapy subgroups pemetrexed n  99 and docetaxel n  72 in previously treated patients with advanced alkpositive nonsmallcell lung cancer in profile 1007 study pfizer nct0093283 methods patientreported outcomes were assessed at baseline day 1 of each cycle and end of treatment general health status was measured using the euroqol5d visual analog scale and health utility index scores were assessed using the euroqol5d descriptive system functioning lung cancer symptoms and global quality of life qol were assessed using european organisation for research and treatment of cancer qlqc30 and the qlqlc13 lung cancer module repeated measures mixedeffects analyses compared overall scores and change from baseline scores controlling for baseline scores results the overall mean eq5d health utility index scores 95 ci on treatment were significantly greater p  005 for crizotinib 082 079085 than for chemotherapy 073 070077 074 070079 for pemetrexed and 066 058074 for docetaxel a significantly greater improvement from baseline was observed with crizotinib versus pemetrexed and versus docetaxel treatment groups for general health status physical functioning global qol dyspnea fatigue and pain improvement rates for fatigue cough pain dyspnea and global qol were significantly greater on crizotinib compared with pemetrexed and docetaxel respectively worsening rates for diarrhea and constipation were higher with crizotinib conclusion the benefits of crizotinib in improving symptoms and qol are demonstrated regardless of whether the comparator is pemetrexed or docetaxel,10.1097/JTO.0000000000000318,patientreported outcomes and quality of life in profile 1007 a randomized trial of crizotinib compared with chemotherapy in previously treated patients with alkpositive advanced nonsmallcell lung cancer [SEP] anaplastic lymphoma kinase antineoplastic agentstherapeutic use carcinoma nonsmallcell lungdrug therapyenzymologygenetics crizotinib docetaxel humans lung neoplasmsdrug therapyenzymologygenetics pemetrexedtherapeutic use protein kinase inhibitorstherapeutic use pyrazolestherapeutic use pyridinestherapeutic use quality of life receptor proteintyrosine kinasesgeneticsmetabolism self report taxoidstherapeutic use treatment outcome [SEP] introduction the main objective of the current post hoc analysis was to compare patientreported outcomes between crizotinib n  172 and chemotherapy subgroups pemetrexed n  99 and docetaxel n  72 in previously treated patients with advanced alkpositive nonsmallcell lung cancer in profile 1007 study pfizer nct0093283 methods patientreported outcomes were assessed at baseline day 1 of each cycle and end of treatment general health status was measured using the euroqol5d visual analog scale and health utility index scores were assessed using the euroqol5d descriptive system functioning lung cancer symptoms and global quality of life qol were assessed using european organisation for research and treatment of cancer qlqc30 and the qlqlc13 lung cancer module repeated measures mixedeffects analyses compared overall scores and change from baseline scores controlling for baseline scores results the overall mean eq5d health utility index scores 95 ci on treatment were significantly greater p  005 for crizotinib 082 079085 than for chemotherapy 073 070077 074 070079 for pemetrexed and 066 058074 for docetaxel a significantly greater improvement from baseline was observed with crizotinib versus pemetrexed and versus docetaxel treatment groups for general health status physical functioning global qol dyspnea fatigue and pain improvement rates for fatigue cough pain dyspnea and global qol were significantly greater on crizotinib compared with pemetrexed and docetaxel respectively worsening rates for diarrhea and constipation were higher with crizotinib conclusion the benefits of crizotinib in improving symptoms and qol are demonstrated regardless of whether the comparator is pemetrexed or docetaxel,1,0.6044735
6511,development and validation of the long coronavirus disease covid symptom and impact tools a set of patientreported instruments constructed from patients lived experience,adult covid19complications female humans male patient reported outcome measures psychometrics quality of life reproducibility of results sarscov2 surveys and questionnaires covid19 long covid patientreported outcome,background to develop and validate patientreported instruments based on patients lived experiences for monitoring the symptoms and impact of long coronavirus disease covid methods the long covid symptom and impact tools st and it were constructed from the answers to a survey with openended questions to 492 patients with long covid validation of the tools involved adult patients with suspected or confirmed coronavirus disease 2019 covid19 and symptoms extending over 3 weeks after onset construct validity was assessed by examining the relations of the st and it scores with healthrelated quality of life eq5d5l function pcfs postcovid functional scale and perceived health mymop2 measure yourself medical outcome profile 2 reliability was determined by a testretest the patient acceptable symptomatic state pass was determined by the percentile method results validation involved 1022 participants 55 with confirmed covid19 79 female and 125 hospitalized for covid19 the long covid st and it scores were strongly correlated with the eq5d5l rs  045 and rs  059 respectively the pcfs rs  039 and rs  055 and the mymop2 rs  040 and rs  059 reproducibility was excellent with an interclass correlation coefficient of 083 95 confidence interval 80 to 86 for the st score and 084 80 to 87 for the it score in total 793 775 patients reported an unacceptable symptomatic state thereby setting the pass for the long covid it score at 30 28 to 33 conclusions the long covid st and it tools constructed from patients lived experiences provide the first validated and reliable instruments for monitoring the symptoms and impact of long covid,10.1093/cid/ciab352,development and validation of the long coronavirus disease covid symptom and impact tools a set of patientreported instruments constructed from patients lived experience [SEP] adult covid19complications female humans male patient reported outcome measures psychometrics quality of life reproducibility of results sarscov2 surveys and questionnaires covid19 long covid patientreported outcome [SEP] background to develop and validate patientreported instruments based on patients lived experiences for monitoring the symptoms and impact of long coronavirus disease covid methods the long covid symptom and impact tools st and it were constructed from the answers to a survey with openended questions to 492 patients with long covid validation of the tools involved adult patients with suspected or confirmed coronavirus disease 2019 covid19 and symptoms extending over 3 weeks after onset construct validity was assessed by examining the relations of the st and it scores with healthrelated quality of life eq5d5l function pcfs postcovid functional scale and perceived health mymop2 measure yourself medical outcome profile 2 reliability was determined by a testretest the patient acceptable symptomatic state pass was determined by the percentile method results validation involved 1022 participants 55 with confirmed covid19 79 female and 125 hospitalized for covid19 the long covid st and it scores were strongly correlated with the eq5d5l rs  045 and rs  059 respectively the pcfs rs  039 and rs  055 and the mymop2 rs  040 and rs  059 reproducibility was excellent with an interclass correlation coefficient of 083 95 confidence interval 80 to 86 for the st score and 084 80 to 87 for the it score in total 793 775 patients reported an unacceptable symptomatic state thereby setting the pass for the long covid it score at 30 28 to 33 conclusions the long covid st and it tools constructed from patients lived experiences provide the first validated and reliable instruments for monitoring the symptoms and impact of long covid,1,0.6142057
7728,costeffectiveness of two dry needling interventions for plantar heel pain a secondary analysis of an rct,costbenefit analysis dry needling fasciitis plantar heel humans pain pain measurement quality of life qualityadjusted life years costeffectiveness analysis dry needling percutaneous needle electrolysis plantar heel pain quality of life,plantar heel pain is a common cause of foot pain that affects patients quality of life and represents a significant cost for the healthcare system dry needling and percutaneous needle electrolysis are two minimally invasive treatments that were shown to be effective for the management of plantar heel pain the aim of our study was to compare these two treatments in terms of health and economic consequences based on the results of a published randomized controlled trial for this we evaluated the costs from the point of view of the hospital and we carried out a costeffectiveness study using quality of life as the main variable according to the eq5d5l questionnaire the cost of the complete treatment with dry needling dn was 17886 while the percutaneous needle electrolysis pne was 20090 the quality of life of patients improved and was translated into 0615 qualityadjusted life years qalys for dn and 0669 for pne pne presented an average incremental costeffectiveness ratio icer of 41134qaly against dn these results indicate that pne had a better costeffectiveness ratio for the treatment of plantar heel pain than dn,10.3390/ijerph18041777,costeffectiveness of two dry needling interventions for plantar heel pain a secondary analysis of an rct [SEP] costbenefit analysis dry needling fasciitis plantar heel humans pain pain measurement quality of life qualityadjusted life years costeffectiveness analysis dry needling percutaneous needle electrolysis plantar heel pain quality of life [SEP] plantar heel pain is a common cause of foot pain that affects patients quality of life and represents a significant cost for the healthcare system dry needling and percutaneous needle electrolysis are two minimally invasive treatments that were shown to be effective for the management of plantar heel pain the aim of our study was to compare these two treatments in terms of health and economic consequences based on the results of a published randomized controlled trial for this we evaluated the costs from the point of view of the hospital and we carried out a costeffectiveness study using quality of life as the main variable according to the eq5d5l questionnaire the cost of the complete treatment with dry needling dn was 17886 while the percutaneous needle electrolysis pne was 20090 the quality of life of patients improved and was translated into 0615 qualityadjusted life years qalys for dn and 0669 for pne pne presented an average incremental costeffectiveness ratio icer of 41134qaly against dn these results indicate that pne had a better costeffectiveness ratio for the treatment of plantar heel pain than dn,1,0.6852168
3480,the cost and quality of life impact of glaucoma in tanzania an observational study,adolescent adult aged costbenefit analysismethods female glaucomaeconomicsepidemiologyphysiopathology humans male middle aged quality of lifepsychology surveys and questionnaires tanzaniaepidemiology vision ocularphysiology visual acuityphysiology visual fieldsphysiology,aims to determine the cost and quality of life impact imposed by glaucoma in tanzania east africa methods an expert panel of eye health professionals was convened to agree current glaucoma practice in tanzania in addition a structured patient survey was developed and administered supplemental cost and quality of life information was collected using cost questionnaires and validated quality of life measures including the eq5d and vfq25 results key findings include following nonadherence is a major issue especially in rural settings where over 50 of the patients may fail to return for review whilst medical therapy is overwhelmingly the first line treatment the cost of maintaining this represents up to 25 of a patients income there is an impact of glaucoma on patients general wellbeing as determined by the eq5d and more tellingly on visual function with particular impact on role limitations as determined by the vf25 despite our sample being taken in a private clinic and thus containing a much larger proportion of professionals than the general population one third of the population earned tanzanian shillings tzs 170000 per month which is below the minimum wage conclusion these findings are of great importance for health care planners seeking to determine costeffective acceptable methods of both identifying and treating this major cause of preventable blindness,10.1371/journal.pone.0232796,the cost and quality of life impact of glaucoma in tanzania an observational study [SEP] adolescent adult aged costbenefit analysismethods female glaucomaeconomicsepidemiologyphysiopathology humans male middle aged quality of lifepsychology surveys and questionnaires tanzaniaepidemiology vision ocularphysiology visual acuityphysiology visual fieldsphysiology [SEP] aims to determine the cost and quality of life impact imposed by glaucoma in tanzania east africa methods an expert panel of eye health professionals was convened to agree current glaucoma practice in tanzania in addition a structured patient survey was developed and administered supplemental cost and quality of life information was collected using cost questionnaires and validated quality of life measures including the eq5d and vfq25 results key findings include following nonadherence is a major issue especially in rural settings where over 50 of the patients may fail to return for review whilst medical therapy is overwhelmingly the first line treatment the cost of maintaining this represents up to 25 of a patients income there is an impact of glaucoma on patients general wellbeing as determined by the eq5d and more tellingly on visual function with particular impact on role limitations as determined by the vf25 despite our sample being taken in a private clinic and thus containing a much larger proportion of professionals than the general population one third of the population earned tanzanian shillings tzs 170000 per month which is below the minimum wage conclusion these findings are of great importance for health care planners seeking to determine costeffective acceptable methods of both identifying and treating this major cause of preventable blindness,1,0.6182252
8582,the impact of depression on healthrelated quality of life and wellbeing identifying important dimensions and assessing their inclusion in multiattribute utility instruments,adaptation psychological adult aged depressionpsychology depressive disorderpsychology female happiness health status healthy volunteerspsychology humans male mental health middle aged quality of lifepsychology self concept self report surveys and questionnaires young adult capability wellbeing depression healthrelated quality of life multiattribute utility subjective wellbeing,purpose wellbeing measures have been proposed for inclusion in economic evaluation to measure the effect of depression and compensate for shortcomings of existing multiattribute utility instruments mauis the aims of this study were to identify dimensions of healthrelated quality of life hrqol and wellbeing that are most affected by depression and to examine the extent to which these are captured by mauis methods data were used from the multiinstrument comparison study dimensions of hrqol sf36v2 and aqol8d dimensions capability wellbeing icecapa and subjective wellbeing including pwi swls and ihs were identified that distinguished most individuals with depression from a healthy public the extent to which these dimensions explain the content of five existing mauis 15d aqol8d eq5d5l hui3 and sf6d was examined using regression analyses additionally the sensitivity of all mauis was also assessed towards depressionspecific symptoms measured by dass21 and k10 results the sample consisted of 917 individuals with selfreported depression and 1760 healthy subjects dimensions that distinguished most individuals with depression from the healthy group effect size  2 included aqol8d coping aqol8d happiness aqol8d selfworth icecapa sf36 mental health and sf36 social functioning the aqol8d was most sensitive to the dimensions above as well as towards the depressionspecific measures the k10 dasss and dassd conclusions this study has shown that psychosocial dimensions of hrqol have the greatest ability to capture the impact of depression when compared with dimensions of capability wellbeing and swb some mauis such as the aqol8d are sensitive to most distinguishing dimensions of hrqol and wellbeing which may obviate the need for supplementary wellbeing instruments,10.1007/s11136-018-1936-y,the impact of depression on healthrelated quality of life and wellbeing identifying important dimensions and assessing their inclusion in multiattribute utility instruments [SEP] adaptation psychological adult aged depressionpsychology depressive disorderpsychology female happiness health status healthy volunteerspsychology humans male mental health middle aged quality of lifepsychology self concept self report surveys and questionnaires young adult capability wellbeing depression healthrelated quality of life multiattribute utility subjective wellbeing [SEP] purpose wellbeing measures have been proposed for inclusion in economic evaluation to measure the effect of depression and compensate for shortcomings of existing multiattribute utility instruments mauis the aims of this study were to identify dimensions of healthrelated quality of life hrqol and wellbeing that are most affected by depression and to examine the extent to which these are captured by mauis methods data were used from the multiinstrument comparison study dimensions of hrqol sf36v2 and aqol8d dimensions capability wellbeing icecapa and subjective wellbeing including pwi swls and ihs were identified that distinguished most individuals with depression from a healthy public the extent to which these dimensions explain the content of five existing mauis 15d aqol8d eq5d5l hui3 and sf6d was examined using regression analyses additionally the sensitivity of all mauis was also assessed towards depressionspecific symptoms measured by dass21 and k10 results the sample consisted of 917 individuals with selfreported depression and 1760 healthy subjects dimensions that distinguished most individuals with depression from the healthy group effect size  2 included aqol8d coping aqol8d happiness aqol8d selfworth icecapa sf36 mental health and sf36 social functioning the aqol8d was most sensitive to the dimensions above as well as towards the depressionspecific measures the k10 dasss and dassd conclusions this study has shown that psychosocial dimensions of hrqol have the greatest ability to capture the impact of depression when compared with dimensions of capability wellbeing and swb some mauis such as the aqol8d are sensitive to most distinguishing dimensions of hrqol and wellbeing which may obviate the need for supplementary wellbeing instruments,1,0.65648884
1376,a retrospective comparative cohort study of the effects of neural mobilization nm alone and nm combined with transcranial direct current stimulation in patients with cervical radiculopathy,cervical vertebrae cohort studies humans pain quality of life radiculopathytherapy retrospective studies transcranial direct current stimulation treatment outcome cervical radiculopathy cr neural mobilization nm neuromodulation retrospective observational study transcranial direct current stimulation tdcs,background transcranial direct current stimulation tdcs and neural mobilization nm are widely used in clinical practice as two effective treatment however there have existed few studies of the combination of these two treatments particularly in cervical radiculopathy cr to explore the value of combined tdcs and nm for the management of pain disability and quality of life qol in patients with cr authors designed this study methods according to certain inclusion criteria 36 subjects were selected from 224 patients with cr enrolled in zhejiang provincial peoples hospital between june 2021 and december 2021 subjects were divided into two groups based on the treatment they had already received at the hospital patients in the combined tdcs group received tdcs and nm therapy while patients in the nm group received nm therapy alone visual analog scale vas neck disability index ndi and euroquol5 dimensions eq5d scores were assessed at baseline immediately after treatment and at the 4week followup to evaluate pain neck disability and the qol of patients spss 220 software ibm corp armonk ny usa is used as main tool for data analysis results a total of 36 patients were enrolled 19 in the combined tdcs group and 17 in the nm group the baseline vas ndi and eq5d scores in the combined tdcs group were 543164 mm 351147 and 062015 respectively while the baseline vas ndi and eq5d scores in the nm group were 540165 mm 318128 and 064015 respectively there was no significant difference in baseline data between the two groups at the 4week posttreatment followup the vas score was significantly lower in the combined tdcs group than in the nm group 245161 and 407173 mm respectively p0008 and the ndi was also significantly lower in the combined tdcs group than in the nm group 161115 vs 266177 p0045 there was no significant difference between the combined tdcs and nm groups in eq5d 075015 vs 069009 p0192 conclusions compared with nm therapy alone combined tdcs and nm therapy may play a role in pain relief and neck disability improvement in cr patients,10.21037/apm-22-746,a retrospective comparative cohort study of the effects of neural mobilization nm alone and nm combined with transcranial direct current stimulation in patients with cervical radiculopathy [SEP] cervical vertebrae cohort studies humans pain quality of life radiculopathytherapy retrospective studies transcranial direct current stimulation treatment outcome cervical radiculopathy cr neural mobilization nm neuromodulation retrospective observational study transcranial direct current stimulation tdcs [SEP] background transcranial direct current stimulation tdcs and neural mobilization nm are widely used in clinical practice as two effective treatment however there have existed few studies of the combination of these two treatments particularly in cervical radiculopathy cr to explore the value of combined tdcs and nm for the management of pain disability and quality of life qol in patients with cr authors designed this study methods according to certain inclusion criteria 36 subjects were selected from 224 patients with cr enrolled in zhejiang provincial peoples hospital between june 2021 and december 2021 subjects were divided into two groups based on the treatment they had already received at the hospital patients in the combined tdcs group received tdcs and nm therapy while patients in the nm group received nm therapy alone visual analog scale vas neck disability index ndi and euroquol5 dimensions eq5d scores were assessed at baseline immediately after treatment and at the 4week followup to evaluate pain neck disability and the qol of patients spss 220 software ibm corp armonk ny usa is used as main tool for data analysis results a total of 36 patients were enrolled 19 in the combined tdcs group and 17 in the nm group the baseline vas ndi and eq5d scores in the combined tdcs group were 543164 mm 351147 and 062015 respectively while the baseline vas ndi and eq5d scores in the nm group were 540165 mm 318128 and 064015 respectively there was no significant difference in baseline data between the two groups at the 4week posttreatment followup the vas score was significantly lower in the combined tdcs group than in the nm group 245161 and 407173 mm respectively p0008 and the ndi was also significantly lower in the combined tdcs group than in the nm group 161115 vs 266177 p0045 there was no significant difference between the combined tdcs and nm groups in eq5d 075015 vs 069009 p0192 conclusions compared with nm therapy alone combined tdcs and nm therapy may play a role in pain relief and neck disability improvement in cr patients,0,0.5174503
12834,comparative responsiveness and minimal change of the knee quality of life 26item kqol26 questionnaire,arthroscopy data collection disability evaluation emotions female followup studies general practitionersstatistics  numerical data humans knee injuriesphysiopathologysurgery male middle aged psychometricsinstrumentation quality of life surveys and questionnaires,objectives to assess the responsiveness of the kqol26 and demonstrate minimal change for this instrument in two different samples of patients with suspected internal derangement of the knee methods data were collected from two surveys conducted alongside a clinical trial the arthroscopy sample and the general practitioner gp sample the effect size es was used to assess responsiveness anchorbased minimal change included minimal clinical important difference mcid and receiver operator characteristic curves standardized error of measurement and minimal detectable change mdc was employed for distributionbased approaches the kqol26 results are compared with those for the lysholm knee score eq5d and sf36 results the arthroscopy sample consisted of 121 participants and the gp sample of 218 participants at baseline the largest es was found for the kqol26 emotional functioning scale in both samples the results were in favour of the conditionspecific instrument the mcid for kqol26 physical functioning activities limitations and emotional functioning scales were 3 15 and 18 respectively in the arthroscopy sample they were 11 16 and 24 in the gp sample the mdc 95  was estimated as 18 28 and 34 and 15 24 and 30 in each sample respectively conclusions the kqol26 emotional functional scale was the most responsive of all scales it is recommended that an instrument such as the kqol26 that includes emotional functioning should be included rather than the lysholm in future clinical trials of patients with suspected internal derangement of the knee,10.1007/s11136-012-0298-0,comparative responsiveness and minimal change of the knee quality of life 26item kqol26 questionnaire [SEP] arthroscopy data collection disability evaluation emotions female followup studies general practitionersstatistics  numerical data humans knee injuriesphysiopathologysurgery male middle aged psychometricsinstrumentation quality of life surveys and questionnaires [SEP] objectives to assess the responsiveness of the kqol26 and demonstrate minimal change for this instrument in two different samples of patients with suspected internal derangement of the knee methods data were collected from two surveys conducted alongside a clinical trial the arthroscopy sample and the general practitioner gp sample the effect size es was used to assess responsiveness anchorbased minimal change included minimal clinical important difference mcid and receiver operator characteristic curves standardized error of measurement and minimal detectable change mdc was employed for distributionbased approaches the kqol26 results are compared with those for the lysholm knee score eq5d and sf36 results the arthroscopy sample consisted of 121 participants and the gp sample of 218 participants at baseline the largest es was found for the kqol26 emotional functioning scale in both samples the results were in favour of the conditionspecific instrument the mcid for kqol26 physical functioning activities limitations and emotional functioning scales were 3 15 and 18 respectively in the arthroscopy sample they were 11 16 and 24 in the gp sample the mdc 95  was estimated as 18 28 and 34 and 15 24 and 30 in each sample respectively conclusions the kqol26 emotional functional scale was the most responsive of all scales it is recommended that an instrument such as the kqol26 that includes emotional functioning should be included rather than the lysholm in future clinical trials of patients with suspected internal derangement of the knee,1,0.59075
10409,plate fixation of midshaft clavicular fractures patientreported outcomes and hardwarerelated complications,adolescent adult bone platesadverse effects child clavicleinjuries device removal diaphysesinjuriessurgery female followup studies fracture fixation internaladverse effectsinstrumentation fracture healing fractures bonesurgery fractures ununitedetiology humans male middle aged open fracture reduction patient reported outcome measures prosthesis designadverse effects quality of life reoperation retrospective studies surveys and questionnaires young adult clavicle fracture hardware removal national database nonunion patientreported outcomes plate fixation precontoured plates,background recent studies report high hardware removal rates after plate fixation of midshaft clavicular fractures precontoured clavicle plates may decrease hardwarerelated complications while improving healing rates and patientreported outcomes pros methods using a privatepayer national database we identified 7826 patients who underwent clavicle open reduction and internal fixation orif in 2007 to 2011 database patients were tracked for 2 years to assess hardware removal and revision fixation in addition we retrospectively identified 73 patients who underwent plate fixation of midshaft clavicular fractures at our institution these patients completed the disabilities of arm shoulder and hand dash assessment the eq5d euroqol rotterdam the netherlands quality of life assessment and a hardwarerelated outcomes survey results among 7826 database patients 994 127 underwent hardware removal and 78 1 required revision orif the annual incidence of clavicle orif increased 615 between 2007 and 2011 in our institutional cohort 56 patients 77 were fixed with precontoured plates and 17 23 with standard plates at a mean followup of 42 years 11 patients 15 underwent hardware removal and 1 patient 14 experienced nonunion patients reported excellent outcomes with average dash of 40  89 and eq5d of 089  019 there were no differences in pros hardware removal or union rate between plate types although our study was underpowered for these outcomes patients who underwent hardware removal reported lower dash eq5d satisfaction and shoulder function compared with patients with hardware retained women were more likely to undergo hardware removal in the institutional p  009 and the database p  001 cohorts conclusion displaced midshaft clavicle fractures have high union rates with precontoured plate fixation women are 4 times more likely than men to have hardware removed patients undergoing clavicle hardware removal report worse longterm outcomes than patients with hardware retained,10.1016/j.jse.2015.09.029,plate fixation of midshaft clavicular fractures patientreported outcomes and hardwarerelated complications [SEP] adolescent adult bone platesadverse effects child clavicleinjuries device removal diaphysesinjuriessurgery female followup studies fracture fixation internaladverse effectsinstrumentation fracture healing fractures bonesurgery fractures ununitedetiology humans male middle aged open fracture reduction patient reported outcome measures prosthesis designadverse effects quality of life reoperation retrospective studies surveys and questionnaires young adult clavicle fracture hardware removal national database nonunion patientreported outcomes plate fixation precontoured plates [SEP] background recent studies report high hardware removal rates after plate fixation of midshaft clavicular fractures precontoured clavicle plates may decrease hardwarerelated complications while improving healing rates and patientreported outcomes pros methods using a privatepayer national database we identified 7826 patients who underwent clavicle open reduction and internal fixation orif in 2007 to 2011 database patients were tracked for 2 years to assess hardware removal and revision fixation in addition we retrospectively identified 73 patients who underwent plate fixation of midshaft clavicular fractures at our institution these patients completed the disabilities of arm shoulder and hand dash assessment the eq5d euroqol rotterdam the netherlands quality of life assessment and a hardwarerelated outcomes survey results among 7826 database patients 994 127 underwent hardware removal and 78 1 required revision orif the annual incidence of clavicle orif increased 615 between 2007 and 2011 in our institutional cohort 56 patients 77 were fixed with precontoured plates and 17 23 with standard plates at a mean followup of 42 years 11 patients 15 underwent hardware removal and 1 patient 14 experienced nonunion patients reported excellent outcomes with average dash of 40  89 and eq5d of 089  019 there were no differences in pros hardware removal or union rate between plate types although our study was underpowered for these outcomes patients who underwent hardware removal reported lower dash eq5d satisfaction and shoulder function compared with patients with hardware retained women were more likely to undergo hardware removal in the institutional p  009 and the database p  001 cohorts conclusion displaced midshaft clavicle fractures have high union rates with precontoured plate fixation women are 4 times more likely than men to have hardware removed patients undergoing clavicle hardware removal report worse longterm outcomes than patients with hardware retained,0,0.52396655
9794,informal caregiving in amyotrophic lateral sclerosis als a high caregiver burden and drastic consequences on caregivers lives,amyotrophic lateral sclerosis als anxiety caregiver burden decreasing autonomy depression functional status healthrelated quality of life informal caregiving psychological support socioeconomic status,amyotrophic lateral sclerosis als is a fatal neurodegenerative disease that causes progressive autonomy loss and need for care this does not only affect patients themselves but also the patients informal caregivers cgs in their health personal and professional lives the big efforts of this multicenter study were not only to evaluate the caregivers burden and to identify its predictors but it also should provide a specific understanding of the needs of als patients cgs and fill the gap of knowledge on their personal and work lives using standardized questionnaires primary data from patients and their main informal cgs n  249 were collected patients functional status and disease severity were evaluated using the barthel index the revised amyotrophic lateral sclerosis functional rating scale alsfrsr and the kings stages for als the caregivers burden was recorded by the zarit burden interview zbi comorbid anxiety and depression of caregivers were assessed by the hospital anxiety and depression scale additionally the euroqol five dimension five level scale evaluated their healthrelated quality of life the caregivers burden was high mean zbi  2688 0  no burden 24  highly burdened and correlated with patients functional status rp  0555 p  0001 n  242 it was influenced by the cgs own mental health issues due to caregiving 1136 95 ci 684 1587 p  0001 patients wheelchair dependency 930 95 ci 594 1266 p  0001 and was interrelated with the cgs depression rp  0627 p  0001 n  234 anxiety rp  0550 p  0001 n  234 and poorer physical condition rp  0362 p  0001 n  237 moreover female cgs showed symptoms of anxiety more often which also correlated with the patients impairment in daily routine rs  0280 p  0001 n  169 as increasing disease severity along with decreasing autonomy was the main predictor of caregiver burden and showed to create relevant negative implications on cgs lives patient care and supportive therapies should address this issue moreover in order to preserve the mental and physical health of the cgs new concepts of care have to focus on both on not only patients but also their cgs and genderassociated specific issues as caregiving in als also significantly influences the socioeconomic status by restrictions in cgs work lives and income and the main reported needs being lack of psychological support and a high bureaucracy the situation of cgs needs more attention apart from their own multidisciplinary medical and psychological care more support in care and patient management issues is required,10.3390/brainsci11060748,informal caregiving in amyotrophic lateral sclerosis als a high caregiver burden and drastic consequences on caregivers lives [SEP] amyotrophic lateral sclerosis als anxiety caregiver burden decreasing autonomy depression functional status healthrelated quality of life informal caregiving psychological support socioeconomic status [SEP] amyotrophic lateral sclerosis als is a fatal neurodegenerative disease that causes progressive autonomy loss and need for care this does not only affect patients themselves but also the patients informal caregivers cgs in their health personal and professional lives the big efforts of this multicenter study were not only to evaluate the caregivers burden and to identify its predictors but it also should provide a specific understanding of the needs of als patients cgs and fill the gap of knowledge on their personal and work lives using standardized questionnaires primary data from patients and their main informal cgs n  249 were collected patients functional status and disease severity were evaluated using the barthel index the revised amyotrophic lateral sclerosis functional rating scale alsfrsr and the kings stages for als the caregivers burden was recorded by the zarit burden interview zbi comorbid anxiety and depression of caregivers were assessed by the hospital anxiety and depression scale additionally the euroqol five dimension five level scale evaluated their healthrelated quality of life the caregivers burden was high mean zbi  2688 0  no burden 24  highly burdened and correlated with patients functional status rp  0555 p  0001 n  242 it was influenced by the cgs own mental health issues due to caregiving 1136 95 ci 684 1587 p  0001 patients wheelchair dependency 930 95 ci 594 1266 p  0001 and was interrelated with the cgs depression rp  0627 p  0001 n  234 anxiety rp  0550 p  0001 n  234 and poorer physical condition rp  0362 p  0001 n  237 moreover female cgs showed symptoms of anxiety more often which also correlated with the patients impairment in daily routine rs  0280 p  0001 n  169 as increasing disease severity along with decreasing autonomy was the main predictor of caregiver burden and showed to create relevant negative implications on cgs lives patient care and supportive therapies should address this issue moreover in order to preserve the mental and physical health of the cgs new concepts of care have to focus on both on not only patients but also their cgs and genderassociated specific issues as caregiving in als also significantly influences the socioeconomic status by restrictions in cgs work lives and income and the main reported needs being lack of psychological support and a high bureaucracy the situation of cgs needs more attention apart from their own multidisciplinary medical and psychological care more support in care and patient management issues is required,1,0.54085815
8484,impact of respiratory muscle training on respiratory muscle strength respiratory function and quality of life in individuals with tetraplegia a randomised clinical trial,adult aged breathing exercises doubleblind method dyspneaetiology female humans inhalation lungphysiopathology male maximal respiratory pressures middle aged muscle strength quadriplegiacomplicationsphysiopathologyrehabilitation quality of life respiratory musclesphysiopathology symptom assessment exercise perception of asthmabreathlessness pulmonary rehabilitation respiratory infection respiratory measurement respiratory muscles,background respiratory complications remain a leading cause of morbidity and mortality in people with acute and chronic tetraplegia respiratory muscle weakness following spinal cord injuryinduced tetraplegia impairs lung function and the ability to cough in particular inspiratory muscle strength has been identified as the best predictor of the likelihood of developing pneumonia in individuals with tetraplegia we hypothesised that 6 weeks of progressive respiratory muscle training rmt increases respiratory muscle strength with improvements in lung function quality of life and respiratory health methods sixtytwo adults with tetraplegia participated in a doubleblind randomised controlled trial active or sham rmt was performed twice daily for 6 weeks inspiratory muscle strength measured as maximal inspiratory pressure pimax was the primary outcome secondary outcomes included lung function quality of life and respiratory health betweengroup comparisons were obtained with linear models adjusting for baseline values of the outcomes results after 6 weeks there was a greater improvement in pimax in the active group than in the sham group mean difference 115 cmh2o 95 ci 56 to 174 p0001 and respiratory symptoms were reduced st george respiratory questionnaire mean difference 103 points 0012065 p0046 significant improvements were observed in quality of life euroqolfive dimensional visual analogue scale 149 points 19279 p0023 and perceived breathlessness borg score 064 011117 p0021 there were no significant improvements in other measures of respiratory function p01260979 conclusions progressive rmt increases inspiratory muscle strength in people with tetraplegia by a magnitude which is likely to be clinically significant measurement of baseline pimax and provision of rmt to atrisk individuals may reduce respiratory complications after tetraplegia trial registration number australian new zealand clinical trials registry actrn 12612000929808,10.1136/thoraxjnl-2019-213917,impact of respiratory muscle training on respiratory muscle strength respiratory function and quality of life in individuals with tetraplegia a randomised clinical trial [SEP] adult aged breathing exercises doubleblind method dyspneaetiology female humans inhalation lungphysiopathology male maximal respiratory pressures middle aged muscle strength quadriplegiacomplicationsphysiopathologyrehabilitation quality of life respiratory musclesphysiopathology symptom assessment exercise perception of asthmabreathlessness pulmonary rehabilitation respiratory infection respiratory measurement respiratory muscles [SEP] background respiratory complications remain a leading cause of morbidity and mortality in people with acute and chronic tetraplegia respiratory muscle weakness following spinal cord injuryinduced tetraplegia impairs lung function and the ability to cough in particular inspiratory muscle strength has been identified as the best predictor of the likelihood of developing pneumonia in individuals with tetraplegia we hypothesised that 6 weeks of progressive respiratory muscle training rmt increases respiratory muscle strength with improvements in lung function quality of life and respiratory health methods sixtytwo adults with tetraplegia participated in a doubleblind randomised controlled trial active or sham rmt was performed twice daily for 6 weeks inspiratory muscle strength measured as maximal inspiratory pressure pimax was the primary outcome secondary outcomes included lung function quality of life and respiratory health betweengroup comparisons were obtained with linear models adjusting for baseline values of the outcomes results after 6 weeks there was a greater improvement in pimax in the active group than in the sham group mean difference 115 cmh2o 95 ci 56 to 174 p0001 and respiratory symptoms were reduced st george respiratory questionnaire mean difference 103 points 0012065 p0046 significant improvements were observed in quality of life euroqolfive dimensional visual analogue scale 149 points 19279 p0023 and perceived breathlessness borg score 064 011117 p0021 there were no significant improvements in other measures of respiratory function p01260979 conclusions progressive rmt increases inspiratory muscle strength in people with tetraplegia by a magnitude which is likely to be clinically significant measurement of baseline pimax and provision of rmt to atrisk individuals may reduce respiratory complications after tetraplegia trial registration number australian new zealand clinical trials registry actrn 12612000929808,0,0.51088834
3172,does obesity affect patientreported outcomes following total knee arthroplasty,aged albertaepidemiology arthroplasty replacement kneeadverse effects humans obesitydiagnosisepidemiologysurgery osteoarthritis kneesurgery patient reported outcome measures quality of life retrospective studies treatment outcome function obesity osteoarthritis pain patientreported outcome measures quality of life total knee arthroplasty,background there is an existing perception that obesity has a negative impact on complications following total knee arthroplasty tka however data on the impact of obesity levels on patientreported outcomes proms is sparse we investigated the association between different obesity classes with proms among patients who underwent tka methods we performed retrospective secondary analyses on data extracted from the total joint replacement data repository alberta canada managed by the alberta bone and joint health institute abjhi patients had womac and eq5d scores measured at baseline in addition to 3 andor 12 months following tka patients were stratified according to the world health organization who classification into five body mass index bmi groups of normal overweight bmi class i bmi class ii and bmi class iii the association between bmi and mean changes in womac subscales pain function and stiffness and eq5d5l index over the time intervals of baseline to 3 months and 3 to 12 months following tka was assessed linear mixedeffects models were used and the models were adjusted for age sex length of surgery comorbidities year of surgery and geographical zone where the surgery was performed results mean age was 655 years sd  87 postoperatively there was a significant improvement p  0001 in womac subscales of patientreported pain function and stiffness as well as eq5d5l regardless of bmi group although patients in bmi class ii and class iii reported significantly improved pain 3 months after tka compared to those with normal bmi all bmi groups attained similar level of pain reduction at 12 months after tka the greatest improvement in all womac subscales as well as eq5d index occurred between baseline and 3 months adjusted p  00001 conclusion the findings indicate that patients reported improved pain function and stiffness across all bmi groups following tka patients with bmi classified as obese reported similar benefits to those with bmi classified as normal weight these results may help health care providers to discuss expectations regarding the tka recovery in terms of pain function and quality of life improvements with their tka candidates,10.1186/s12891-022-04997-4,does obesity affect patientreported outcomes following total knee arthroplasty [SEP] aged albertaepidemiology arthroplasty replacement kneeadverse effects humans obesitydiagnosisepidemiologysurgery osteoarthritis kneesurgery patient reported outcome measures quality of life retrospective studies treatment outcome function obesity osteoarthritis pain patientreported outcome measures quality of life total knee arthroplasty [SEP] background there is an existing perception that obesity has a negative impact on complications following total knee arthroplasty tka however data on the impact of obesity levels on patientreported outcomes proms is sparse we investigated the association between different obesity classes with proms among patients who underwent tka methods we performed retrospective secondary analyses on data extracted from the total joint replacement data repository alberta canada managed by the alberta bone and joint health institute abjhi patients had womac and eq5d scores measured at baseline in addition to 3 andor 12 months following tka patients were stratified according to the world health organization who classification into five body mass index bmi groups of normal overweight bmi class i bmi class ii and bmi class iii the association between bmi and mean changes in womac subscales pain function and stiffness and eq5d5l index over the time intervals of baseline to 3 months and 3 to 12 months following tka was assessed linear mixedeffects models were used and the models were adjusted for age sex length of surgery comorbidities year of surgery and geographical zone where the surgery was performed results mean age was 655 years sd  87 postoperatively there was a significant improvement p  0001 in womac subscales of patientreported pain function and stiffness as well as eq5d5l regardless of bmi group although patients in bmi class ii and class iii reported significantly improved pain 3 months after tka compared to those with normal bmi all bmi groups attained similar level of pain reduction at 12 months after tka the greatest improvement in all womac subscales as well as eq5d index occurred between baseline and 3 months adjusted p  00001 conclusion the findings indicate that patients reported improved pain function and stiffness across all bmi groups following tka patients with bmi classified as obese reported similar benefits to those with bmi classified as normal weight these results may help health care providers to discuss expectations regarding the tka recovery in terms of pain function and quality of life improvements with their tka candidates,1,0.6314884
12705,healthrelated utility among adults with atopic dermatitis treated with 01 tacrolimus ointment as maintenance therapy over the long term findings from the protopic control study,adult dermatitis atopicdrug therapypsychology doubleblind method drug administration schedule female humans immunosuppressive agentsadministration  dosage male ointments quality of lifepsychology tacrolimusadministration  dosage time factors treatment outcome young adult,background longterm maintenance treatment with 01 tacrolimus ointment for the prevention of flares has been demonstrated to be well tolerated and effective in adults for the treatment of atopic dermatitis ad but its impact on healthrelated utility has not been reported objectives the purpose of this study was to estimate utility changes associated with the use of tacrolimus ointment in the maintenance treatment of adults with ad methods data were collected from a clinical trial investigating longterm maintenance treatment with 01 tacrolimus ointment in adults with ad all patients were treated with twicedaily tacrolimus ointment during an openlabel period olp of up to 6 weeks with subsequent randomization to a doubleblind diseasecontrol period dcp of 12 months comparing tacrolimus ointment used twice weekly as maintenance treatment vs the emollient vehicle as standard treatment healthrelated utility eq5dindex was estimated by monte carlo simulation from sf12 responses by application of a published response mapping algorithm and the uk tariff for eq5d responses and sf6d responses respectively results evaluable data were available for 257 patients stratified into mild moderate or severe ad with a median age at screening of 28 years interquartile range iqr 2238 and 40 male at screening the median eq5dindex across the strata was 0848 units iqr 07040882 for mild cases 0796 07370876 for moderate cases and 0760 06610823 p  0001 for those with severe disease at the end of the olp mean utility improvement across all strata was 0027 95 confidence interval ci 0011 to 0065 p  0165 for mild cases 0046 95 ci 00150064 p  0002 for moderate cases and 0076 95 ci 00350118 p  0001 for those with severe disease at the end of the blinded dcp repeated measures analysis showed an age and sexadjusted mean change of 0045 units p  0001 for subjects treated with tacrolimus ointment over those treated with emollient vehicle conclusions patients with ad of all severities showed considerable decrements in healthrelated utility however treatment with 01 tacrolimus ointment was associated with clinically significant improvement in healthrelated utility for patients with moderate and severe ad which was sustained over a 12month maintenance period compared with those using standard treatment with an emollient vehicle,10.1111/j.1365-2133.2009.09379.x,healthrelated utility among adults with atopic dermatitis treated with 01 tacrolimus ointment as maintenance therapy over the long term findings from the protopic control study [SEP] adult dermatitis atopicdrug therapypsychology doubleblind method drug administration schedule female humans immunosuppressive agentsadministration  dosage male ointments quality of lifepsychology tacrolimusadministration  dosage time factors treatment outcome young adult [SEP] background longterm maintenance treatment with 01 tacrolimus ointment for the prevention of flares has been demonstrated to be well tolerated and effective in adults for the treatment of atopic dermatitis ad but its impact on healthrelated utility has not been reported objectives the purpose of this study was to estimate utility changes associated with the use of tacrolimus ointment in the maintenance treatment of adults with ad methods data were collected from a clinical trial investigating longterm maintenance treatment with 01 tacrolimus ointment in adults with ad all patients were treated with twicedaily tacrolimus ointment during an openlabel period olp of up to 6 weeks with subsequent randomization to a doubleblind diseasecontrol period dcp of 12 months comparing tacrolimus ointment used twice weekly as maintenance treatment vs the emollient vehicle as standard treatment healthrelated utility eq5dindex was estimated by monte carlo simulation from sf12 responses by application of a published response mapping algorithm and the uk tariff for eq5d responses and sf6d responses respectively results evaluable data were available for 257 patients stratified into mild moderate or severe ad with a median age at screening of 28 years interquartile range iqr 2238 and 40 male at screening the median eq5dindex across the strata was 0848 units iqr 07040882 for mild cases 0796 07370876 for moderate cases and 0760 06610823 p  0001 for those with severe disease at the end of the olp mean utility improvement across all strata was 0027 95 confidence interval ci 0011 to 0065 p  0165 for mild cases 0046 95 ci 00150064 p  0002 for moderate cases and 0076 95 ci 00350118 p  0001 for those with severe disease at the end of the blinded dcp repeated measures analysis showed an age and sexadjusted mean change of 0045 units p  0001 for subjects treated with tacrolimus ointment over those treated with emollient vehicle conclusions patients with ad of all severities showed considerable decrements in healthrelated utility however treatment with 01 tacrolimus ointment was associated with clinically significant improvement in healthrelated utility for patients with moderate and severe ad which was sustained over a 12month maintenance period compared with those using standard treatment with an emollient vehicle,1,0.68154305
7437,movement disorders in multiple sclerosis and neuromyelitis optica a clinical marker of neurological disability,adult crosssectional studies dystoniaetiologyphysiopathology female humans male middle aged movement disordersetiologyphysiopathology multiple sclerosiscomplicationsphysiopathology neuromyelitis opticacomplicationsphysiopathology severity of illness index movement disorders multiple sclerosis neuromyelitis optica paroxysmal dystonia tremor,introduction movement disorders are not rare in demyelinating diseases but there are few studies comparing their frequency between multiple sclerosis and neuromyelitis optica spectrum disorder our aim was to determine the frequency and the related features of movement disorders in a cohort of patients with multiple sclerosis and neuromyelitis optica spectrum disorder methods it is a crosssectional study of patients with multiple sclerosis and neuromyelitis optica spectrum disorder patients were evaluated by a movement disorder specialist data from a personal interview and neurological examination were collected fahntolosamarin tremor rating scale was used for tremor evaluation healthrelated quality of life was assessed using euroqol instrument results two hundred fiftythree patients were included mean sd age 40 12 years 743 female median iqr edss score 25 1060 26 presented with movement disorders paroxysmal dystonia n  32 and tremor n  27 were the most common movement disorders patients with multiple sclerosis and low expanded disability status scale score below 40 have fewer movement disorders than patients with neuromyelitis optica spectrum disorder the diagnosis of neuromyelitis optica spectrum disorder was strongly associated with paroxysmal dystonia or  2207 95 ci  25618978 p  0005 patients with multiple sclerosis and patients without movement disorders have a slightly better quality of life conclusions paroxysmal dystonia was the most common movement disorder in demyelinating diseases and strongly associated with neuromyelitis optica spectrum disorder,10.1016/j.parkreldis.2018.03.001,movement disorders in multiple sclerosis and neuromyelitis optica a clinical marker of neurological disability [SEP] adult crosssectional studies dystoniaetiologyphysiopathology female humans male middle aged movement disordersetiologyphysiopathology multiple sclerosiscomplicationsphysiopathology neuromyelitis opticacomplicationsphysiopathology severity of illness index movement disorders multiple sclerosis neuromyelitis optica paroxysmal dystonia tremor [SEP] introduction movement disorders are not rare in demyelinating diseases but there are few studies comparing their frequency between multiple sclerosis and neuromyelitis optica spectrum disorder our aim was to determine the frequency and the related features of movement disorders in a cohort of patients with multiple sclerosis and neuromyelitis optica spectrum disorder methods it is a crosssectional study of patients with multiple sclerosis and neuromyelitis optica spectrum disorder patients were evaluated by a movement disorder specialist data from a personal interview and neurological examination were collected fahntolosamarin tremor rating scale was used for tremor evaluation healthrelated quality of life was assessed using euroqol instrument results two hundred fiftythree patients were included mean sd age 40 12 years 743 female median iqr edss score 25 1060 26 presented with movement disorders paroxysmal dystonia n  32 and tremor n  27 were the most common movement disorders patients with multiple sclerosis and low expanded disability status scale score below 40 have fewer movement disorders than patients with neuromyelitis optica spectrum disorder the diagnosis of neuromyelitis optica spectrum disorder was strongly associated with paroxysmal dystonia or  2207 95 ci  25618978 p  0005 patients with multiple sclerosis and patients without movement disorders have a slightly better quality of life conclusions paroxysmal dystonia was the most common movement disorder in demyelinating diseases and strongly associated with neuromyelitis optica spectrum disorder,1,0.5388777
14630,quality of life of severe sepsis survivors after hospital discharge,adolescent adult casecontrol studies female humans male middle aged patient discharge quality of life sepsis surveys and questionnaires survivors young adult,aims to evaluate the quality of life in severe sepsis survivors using specific qol questionnaires the euroqol5 dimensions and the visual analogue scale eqvas method this casecontrol study was performed in patients discharged from a teaching hospital after being admitted to the icu with severe sepsis medical records from 349 patients were retrieved from the hospital sepsis registry each patient with sepsis was considered as a case patients who were admitted immediately after the sepsis episode were considered as controls provided that they did not have sepsis and survived the icu admission this specific study population included 100 patients results the sepsis group showed higher mortality at 1 year compared with critically ill patients however the control group showed no sepsis older patients 60 years in the sepsis group had a significantly higher prevalence of problems there were no differences in eqvas between respondents from both groups conclusions after discharge from icu sepsis survivors of sepsis had a higher mortality rate than critically ill patients without sepsis older patients with sepsis had more moderate and severe problems in all five quality of life dimensions evaluated,10.1590/S0104-11692013000300020,quality of life of severe sepsis survivors after hospital discharge [SEP] adolescent adult casecontrol studies female humans male middle aged patient discharge quality of life sepsis surveys and questionnaires survivors young adult [SEP] aims to evaluate the quality of life in severe sepsis survivors using specific qol questionnaires the euroqol5 dimensions and the visual analogue scale eqvas method this casecontrol study was performed in patients discharged from a teaching hospital after being admitted to the icu with severe sepsis medical records from 349 patients were retrieved from the hospital sepsis registry each patient with sepsis was considered as a case patients who were admitted immediately after the sepsis episode were considered as controls provided that they did not have sepsis and survived the icu admission this specific study population included 100 patients results the sepsis group showed higher mortality at 1 year compared with critically ill patients however the control group showed no sepsis older patients 60 years in the sepsis group had a significantly higher prevalence of problems there were no differences in eqvas between respondents from both groups conclusions after discharge from icu sepsis survivors of sepsis had a higher mortality rate than critically ill patients without sepsis older patients with sepsis had more moderate and severe problems in all five quality of life dimensions evaluated,1,0.6410969
14568,the avon patellofemoral joint replacement fiveyear results from an independent centre,adult aged aged 80 and over arthroplasty replacementinstrumentation female followup studies humans joint prosthesis male middle aged osteoarthritis kneediagnostic imagingsurgery patellofemoral jointdiagnostic imagingsurgery prosthesis design radiography range of motion articularphysiology retrospective studies survival analysis,between may 1998 and may 2007 we carried out 50 avon patellofemoral joint replacements in 32 patients with isolated patellofemoral osteoarthritis there were no revisions in the first five years giving a cumulative survival of 100 for those with a minimum followup of five years the mean followup was 53 years 21 to 102 the median oxford knee score was 305 interquartile range 2225 to 4225 in patients with bilateral replacements the median euroqol general health score was 50 which was significantly lower than that of 75 in those with a unilateral replacement p  0047 the main complication was progression of disease which was identified radiologically in 11 knees 22 this highlights the need for accurate selection of patients our findings suggest that the avon prosthesis survives well and gives a satisfactory functional outcome in the medium term,10.1302/0301-620X.92B1.23135,the avon patellofemoral joint replacement fiveyear results from an independent centre [SEP] adult aged aged 80 and over arthroplasty replacementinstrumentation female followup studies humans joint prosthesis male middle aged osteoarthritis kneediagnostic imagingsurgery patellofemoral jointdiagnostic imagingsurgery prosthesis design radiography range of motion articularphysiology retrospective studies survival analysis [SEP] between may 1998 and may 2007 we carried out 50 avon patellofemoral joint replacements in 32 patients with isolated patellofemoral osteoarthritis there were no revisions in the first five years giving a cumulative survival of 100 for those with a minimum followup of five years the mean followup was 53 years 21 to 102 the median oxford knee score was 305 interquartile range 2225 to 4225 in patients with bilateral replacements the median euroqol general health score was 50 which was significantly lower than that of 75 in those with a unilateral replacement p  0047 the main complication was progression of disease which was identified radiologically in 11 knees 22 this highlights the need for accurate selection of patients our findings suggest that the avon prosthesis survives well and gives a satisfactory functional outcome in the medium term,0,0.5070414
1451,is healthrelated quality of life between 90 and 180 days following stroke associated with longterm unmet needs,aged female humans longterm caremethods male middle aged sickness impact profile strokemortalityphysiopathologypsychology time factors eq5d healthrelated quality of life international classification of function longterm outcomes stroke unmet needs,purpose understanding the relationship between healthrelated quality of life hrqol and longterm unmet needs is important for guiding services to optimise life following stroke we investigated whether hrqol between 90 and 180 days following stroke was associated with longterm unmet needs methods data from australian stroke clinical registry auscr registrants who participated in the australian stroke survivor needs survey were used outcome data including the eq5d are routinely collected in auscr between 90 and 180 days poststroke unmet needs were assessed at a median of 2 years and categorised into health everyday living workleisure and support domains multivariable regression was used to determine associations between the eq5d dimensions and the likelihood of experiencing unmet needs and the visual analogue scale vas rating 0100 and number of reported unmet needs results in total 173 auscr registrants completed the needs survey median age 69 years 67  male 77  ischaemic stroke vas scores were negatively associated with the number of reported longterm unmet needs irr 098 95  ci 097 0 99 p  0001 having eq5d activity limitations was associated with unmet living needs aor 45 95  ci 11 188 requiring living supports at 90180 days was associated with unmet health needs aor 49 95  ci 15 161 those with pain at 90180 days were less likely to report unmet health aor 009 95  ci 002 04 and support needs aor 02 95  ci 006 06 conclusion routinely collected hrqol data can identify survivors at risk of experiencing longterm unmet needs this information is important for targeting service delivery to optimise outcomes following stroke,10.1007/s11136-016-1234-5,is healthrelated quality of life between 90 and 180 days following stroke associated with longterm unmet needs [SEP] aged female humans longterm caremethods male middle aged sickness impact profile strokemortalityphysiopathologypsychology time factors eq5d healthrelated quality of life international classification of function longterm outcomes stroke unmet needs [SEP] purpose understanding the relationship between healthrelated quality of life hrqol and longterm unmet needs is important for guiding services to optimise life following stroke we investigated whether hrqol between 90 and 180 days following stroke was associated with longterm unmet needs methods data from australian stroke clinical registry auscr registrants who participated in the australian stroke survivor needs survey were used outcome data including the eq5d are routinely collected in auscr between 90 and 180 days poststroke unmet needs were assessed at a median of 2 years and categorised into health everyday living workleisure and support domains multivariable regression was used to determine associations between the eq5d dimensions and the likelihood of experiencing unmet needs and the visual analogue scale vas rating 0100 and number of reported unmet needs results in total 173 auscr registrants completed the needs survey median age 69 years 67  male 77  ischaemic stroke vas scores were negatively associated with the number of reported longterm unmet needs irr 098 95  ci 097 0 99 p  0001 having eq5d activity limitations was associated with unmet living needs aor 45 95  ci 11 188 requiring living supports at 90180 days was associated with unmet health needs aor 49 95  ci 15 161 those with pain at 90180 days were less likely to report unmet health aor 009 95  ci 002 04 and support needs aor 02 95  ci 006 06 conclusion routinely collected hrqol data can identify survivors at risk of experiencing longterm unmet needs this information is important for targeting service delivery to optimise outcomes following stroke,1,0.70501757
8403,effects of bojungikgitang on anorexic patients with atopic dermatitis a protocol for a randomized usual carecontrolled assessorblinded parallel pilot clinical trial,anorexiacomplicationsdrug therapy dermatitis atopiccomplicationsdrug therapy doubleblind method drugs chinese herbaltherapeutic use humans multicenter studies as topic pilot projects prospective studies randomized controlled trials as topic treatment outcome,background anorexia and atopic dermatitis ad are highly prevalent diseases and the herbal medicine bojungikgitang bjt has been frequently used for the treatment of both anorexia and ad however no study has simultaneously evaluated the effects of bjt for both anorexia and ad methods a prospective randomized usual carecontrolled assessorblinded parallel pilot clinical trial has been designed to explore the feasibility preliminary effectiveness and safety of bjt for the treatment of anorexic patients with ad forty anorexic patients with ad will be randomly assigned 11 to bjt or the usual care group the bjt group will be administered bjt granules twice a day for 8 weeks and followed up for 4 weeks whereas the usual care group will not receive bjt granules all participants in both groups will be provided with overthecounter topical corticosteroids as a relief drug data will be collected at baseline and at 4 8 and 12 weeks after randomization the primary outcome is the score on the anorexia visual analog scale at 8 weeks posttreatment the secondary outcomes include body weight body fat percentage body fat mass skeletal muscle mass scoring of atopic dermatitis index validated investigator global assessment scale for atopic dermatitis dermatology life quality index euroqol 5 dimension 5 level deficiency and excess pattern identification questionnaire total immunoglobulin e eosinophil count and frequency and amount of use of topical corticosteroids adverse events and laboratory test results will be monitored to assess safety fecal samples to check for gut microbiome changes and blood samples to check immune and metabolic markers will be collected before and after taking bjt discussion this is the first trial that explores the preliminary effectiveness and safety of bjt for the treatment of anorexic patients with ad the results of this pilot study will provide the basic evidence for largescale confirmatory multicenter highquality clinical trials trial registration clinical research information service kct0006784 registered on november 26 2021,10.1097/MD.0000000000028965,effects of bojungikgitang on anorexic patients with atopic dermatitis a protocol for a randomized usual carecontrolled assessorblinded parallel pilot clinical trial [SEP] anorexiacomplicationsdrug therapy dermatitis atopiccomplicationsdrug therapy doubleblind method drugs chinese herbaltherapeutic use humans multicenter studies as topic pilot projects prospective studies randomized controlled trials as topic treatment outcome [SEP] background anorexia and atopic dermatitis ad are highly prevalent diseases and the herbal medicine bojungikgitang bjt has been frequently used for the treatment of both anorexia and ad however no study has simultaneously evaluated the effects of bjt for both anorexia and ad methods a prospective randomized usual carecontrolled assessorblinded parallel pilot clinical trial has been designed to explore the feasibility preliminary effectiveness and safety of bjt for the treatment of anorexic patients with ad forty anorexic patients with ad will be randomly assigned 11 to bjt or the usual care group the bjt group will be administered bjt granules twice a day for 8 weeks and followed up for 4 weeks whereas the usual care group will not receive bjt granules all participants in both groups will be provided with overthecounter topical corticosteroids as a relief drug data will be collected at baseline and at 4 8 and 12 weeks after randomization the primary outcome is the score on the anorexia visual analog scale at 8 weeks posttreatment the secondary outcomes include body weight body fat percentage body fat mass skeletal muscle mass scoring of atopic dermatitis index validated investigator global assessment scale for atopic dermatitis dermatology life quality index euroqol 5 dimension 5 level deficiency and excess pattern identification questionnaire total immunoglobulin e eosinophil count and frequency and amount of use of topical corticosteroids adverse events and laboratory test results will be monitored to assess safety fecal samples to check for gut microbiome changes and blood samples to check immune and metabolic markers will be collected before and after taking bjt discussion this is the first trial that explores the preliminary effectiveness and safety of bjt for the treatment of anorexic patients with ad the results of this pilot study will provide the basic evidence for largescale confirmatory multicenter highquality clinical trials trial registration clinical research information service kct0006784 registered on november 26 2021,1,0.5516401
1439,influence of culture residential segregation and socioeconomic development on rural elderly healthrelated quality of life in guangxi china,aged aged 80 and over china crosssectional studies culture female health status humans income male middle aged quality of life residence characteristics rural populationstatistics  numerical data socioeconomic factors surveys and questionnaires ethnic culture guangxi hrqol residential segregation rural elderly,background this study aimed to assess ethnic differences in healthrelated quality of life hrqol among the rural elderly and to examine the influence of ethnic culture residential segregation and socioeconomic development on hrqol methods a total of 6511 rural elderly aged 60 years and older from 5541 households in 116 villages across eight ethnic groups in guangxi zhuang autonomous region were selected and assessed for hrqol the eq5d index values were calculated based on the chinese time tradeoff values set the eq5d descriptive system scores visual analogue scale scores and index values were described by ethnic group the eq5d index was modeled against ethnic culture residential segregation and socioeconomic development using villages as random effects results the median iqr of hrqol among all the ethnic groups was 088 080 096 paindiscomfort was the most prevalent problem followed by anxietydepression after controlling for sociodemographic characteristics a significant difference in hrqol among ethnic groups persisted but this was not true for residential segregation conclusion social welfare and health policies designed to improve the health of the rural elderly should focus more on older female lesseducated yao minority individuals as well as lowerincome households,10.1186/s12955-016-0499-2,influence of culture residential segregation and socioeconomic development on rural elderly healthrelated quality of life in guangxi china [SEP] aged aged 80 and over china crosssectional studies culture female health status humans income male middle aged quality of life residence characteristics rural populationstatistics  numerical data socioeconomic factors surveys and questionnaires ethnic culture guangxi hrqol residential segregation rural elderly [SEP] background this study aimed to assess ethnic differences in healthrelated quality of life hrqol among the rural elderly and to examine the influence of ethnic culture residential segregation and socioeconomic development on hrqol methods a total of 6511 rural elderly aged 60 years and older from 5541 households in 116 villages across eight ethnic groups in guangxi zhuang autonomous region were selected and assessed for hrqol the eq5d index values were calculated based on the chinese time tradeoff values set the eq5d descriptive system scores visual analogue scale scores and index values were described by ethnic group the eq5d index was modeled against ethnic culture residential segregation and socioeconomic development using villages as random effects results the median iqr of hrqol among all the ethnic groups was 088 080 096 paindiscomfort was the most prevalent problem followed by anxietydepression after controlling for sociodemographic characteristics a significant difference in hrqol among ethnic groups persisted but this was not true for residential segregation conclusion social welfare and health policies designed to improve the health of the rural elderly should focus more on older female lesseducated yao minority individuals as well as lowerincome households,1,0.64703995
10317,proxyperceived prior health status and hospital outcome among the critically ill is there any relationship,adult aged critical care critical illnessmortality female health status hospital mortality humans intensive care unitsstatistics  numerical data length of staystatistics  numerical data likelihood functions male middle aged patient admission quality of life reproducibility of results retrospective studies socioeconomic factors spainepidemiology survival analysis,objectives to measure the health status of critically ill patients prior to hospital admission and to study the relationship between prior health status phs and hospital mortality design 523 patients admitted to the intensive care department from october 1994 to june 1995 were included consecutively in the study health status 3 months prior to admission was assessed retrospectively by proxies using the euroqol 5d eq5d and the karnofsky performance status scale kf patients were classified into four admission categories trauma injury scheduled surgery unscheduled surgery and other medical conditions setting department of intensive medicine university hospital of bellvitge barcelona spain patients 84 trauma injury patients 239 scheduled surgery patients 57 unscheduled surgery patients and 143 patients with other medical conditions interventions the descriptive system and visual analogue scale vas of the eq5d and the kf measurements and main results using proxy responses we found that trauma injury patients had the best phs and scheduled surgery patients the worst there were statistically significant differences in mean vas scores and all eq5d dimensions except selfcare when trauma injury patients or scheduled surgery patients were compared with the other admission categories no significant differences were found on these variables between unscheduled surgery patients and medical patients we found no statistically significant differences in phs health status between patients who died and those who survived either within each admission category or in the sample as a whole conclusions the phs of critically ill patients varied according to admission category given the instruments used and population studied there was no association between phs and hospital outcome,10.1007/s001340050646,proxyperceived prior health status and hospital outcome among the critically ill is there any relationship [SEP] adult aged critical care critical illnessmortality female health status hospital mortality humans intensive care unitsstatistics  numerical data length of staystatistics  numerical data likelihood functions male middle aged patient admission quality of life reproducibility of results retrospective studies socioeconomic factors spainepidemiology survival analysis [SEP] objectives to measure the health status of critically ill patients prior to hospital admission and to study the relationship between prior health status phs and hospital mortality design 523 patients admitted to the intensive care department from october 1994 to june 1995 were included consecutively in the study health status 3 months prior to admission was assessed retrospectively by proxies using the euroqol 5d eq5d and the karnofsky performance status scale kf patients were classified into four admission categories trauma injury scheduled surgery unscheduled surgery and other medical conditions setting department of intensive medicine university hospital of bellvitge barcelona spain patients 84 trauma injury patients 239 scheduled surgery patients 57 unscheduled surgery patients and 143 patients with other medical conditions interventions the descriptive system and visual analogue scale vas of the eq5d and the kf measurements and main results using proxy responses we found that trauma injury patients had the best phs and scheduled surgery patients the worst there were statistically significant differences in mean vas scores and all eq5d dimensions except selfcare when trauma injury patients or scheduled surgery patients were compared with the other admission categories no significant differences were found on these variables between unscheduled surgery patients and medical patients we found no statistically significant differences in phs health status between patients who died and those who survived either within each admission category or in the sample as a whole conclusions the phs of critically ill patients varied according to admission category given the instruments used and population studied there was no association between phs and hospital outcome,1,0.69102114
3973,worse preadmission quality of life is a strong predictor of mortality in critically ill patients,eq5d5l scores intensive care unit preadmission prognosis quality of life analysis short form12,objectives in this study we aimed to investigate whether quality of life qol before intensive care unit icu admission could predict icu mortality in critically ill patients patients and methods between january 2019 and april 2019 a total of 105 icu patients 54 males 51 females mean age 58 years range 18 to 91 years from two icus of a tertiary care hospital were included in this crosssectional prospective study preadmission qol was measured by the short form sf12 physical component scores pcs and mental component scores mcs and euroqol fivedimension fivelevel scale eq5d5l within 24 h of icu admission and mortality rates were estimated results the overall mortality rate was 285 preadmission qol was worse in the nonsurvivors independent from age sex socioeconomic and education status and comorbidities during the hospitalization the rate of sepsis and ventilatorhospitalacquired pneumonia were similar among the two groups p005 logistic regression analysis adjusted for sex age education status and acute physiology and chronic health evaluation ii apache ii scores showed that preadmission functional status as assessed by the sf12 mcs odds ratio or 142 95 confidence interval ci 25790 sf12 pcs or 106 95 ci 18627 and eq5d5l or 80 95 ci 15445 were found to be independently associated with mortality conclusion worse preadmission qol is a strong predictor of mortality in critically ill patients the sf12 and eq5d5l scores are both valuable tools for this assessment not only the physical status but also the mental status before icu admission should be evaluated in terms of qol to better utilize icu resources,10.5606/tftrd.2022.5287,worse preadmission quality of life is a strong predictor of mortality in critically ill patients [SEP] eq5d5l scores intensive care unit preadmission prognosis quality of life analysis short form12 [SEP] objectives in this study we aimed to investigate whether quality of life qol before intensive care unit icu admission could predict icu mortality in critically ill patients patients and methods between january 2019 and april 2019 a total of 105 icu patients 54 males 51 females mean age 58 years range 18 to 91 years from two icus of a tertiary care hospital were included in this crosssectional prospective study preadmission qol was measured by the short form sf12 physical component scores pcs and mental component scores mcs and euroqol fivedimension fivelevel scale eq5d5l within 24 h of icu admission and mortality rates were estimated results the overall mortality rate was 285 preadmission qol was worse in the nonsurvivors independent from age sex socioeconomic and education status and comorbidities during the hospitalization the rate of sepsis and ventilatorhospitalacquired pneumonia were similar among the two groups p005 logistic regression analysis adjusted for sex age education status and acute physiology and chronic health evaluation ii apache ii scores showed that preadmission functional status as assessed by the sf12 mcs odds ratio or 142 95 confidence interval ci 25790 sf12 pcs or 106 95 ci 18627 and eq5d5l or 80 95 ci 15445 were found to be independently associated with mortality conclusion worse preadmission qol is a strong predictor of mortality in critically ill patients the sf12 and eq5d5l scores are both valuable tools for this assessment not only the physical status but also the mental status before icu admission should be evaluated in terms of qol to better utilize icu resources,1,0.7029239
10286,healthrelated quality of life and cost impact of irritable bowel syndrome in a uk primary care setting,adult aged colonic diseases functionaleconomicspsychology cost of illness female humans male middle aged primary health care quality of life united kingdom,objectives to identify the impact of irritable bowel syndrome ibs on healthrelated quality of life hrqol time off work and the utilisation and cost of health services design a casecontrol study was undertaken matching patients with ibs and controls qualityoflife information was collected using the medical outcomes study 36item short form sf36 health survey euroqol instrument eq5d and ibs qualityoflife ibsqol instruments data on time off work was also collected national health service nhs resource use in primary and secondary care was estimated by review of general practitioner gp and hospital records over a 12month period setting recruitment was from six gps surgeries in the trent region of the united kingdom participants 161 patients with ibs as defined by the rome criteria i were recruited these were compared with 213 controls matched for age sex and social characteristics main outcome measures sf36 and eq5d scores mean number of days off work mean nhs costs per person during the 12month study period results patients with ibs had considerably lower hrqol than controls they scored worse in all dimensions of the sf36 and the eq5d and they had more time off work on average patients with ibs cost the nhs 123 uk pounds 95 confidence interval 35 uk pounds to 221 uk pounds 1999 values more per year than individuals in the control group p  004 conclusions ibs affects patients through reduced quality of life more time off work and greater healthcare utilisation than a control group of patients without ibs the difference in quality of life was pronounced and unusual in that it was influential in every dimension of both the sf36 and the eq5d,10.2165/00019053-200220070-00003,healthrelated quality of life and cost impact of irritable bowel syndrome in a uk primary care setting [SEP] adult aged colonic diseases functionaleconomicspsychology cost of illness female humans male middle aged primary health care quality of life united kingdom [SEP] objectives to identify the impact of irritable bowel syndrome ibs on healthrelated quality of life hrqol time off work and the utilisation and cost of health services design a casecontrol study was undertaken matching patients with ibs and controls qualityoflife information was collected using the medical outcomes study 36item short form sf36 health survey euroqol instrument eq5d and ibs qualityoflife ibsqol instruments data on time off work was also collected national health service nhs resource use in primary and secondary care was estimated by review of general practitioner gp and hospital records over a 12month period setting recruitment was from six gps surgeries in the trent region of the united kingdom participants 161 patients with ibs as defined by the rome criteria i were recruited these were compared with 213 controls matched for age sex and social characteristics main outcome measures sf36 and eq5d scores mean number of days off work mean nhs costs per person during the 12month study period results patients with ibs had considerably lower hrqol than controls they scored worse in all dimensions of the sf36 and the eq5d and they had more time off work on average patients with ibs cost the nhs 123 uk pounds 95 confidence interval 35 uk pounds to 221 uk pounds 1999 values more per year than individuals in the control group p  004 conclusions ibs affects patients through reduced quality of life more time off work and greater healthcare utilisation than a control group of patients without ibs the difference in quality of life was pronounced and unusual in that it was influential in every dimension of both the sf36 and the eq5d,1,0.6491235
3433,risk of malnutrition in orthopedic trauma patients with surgical site infections is associated with increased morbidity and mortality  a 3year followup study,activities of daily living female followup studies humans male malnutrition morbidity nutritional status prospective studies quality of life risk factors surgical wound infectionepidemiology 3year followup morbidity mortality orthopedic trauma patients with surgical site infections ssi risk of malnutrition,background malnutrition is a worldwide problem which can result in prolonged hospitalization from complications such as poor wound healing and increased morbidity there is increasing evidence of the effect of risk of malnutrition rom on outcomes in orthopedic surgical patients however there is little data on the effect of nutritional status on clinical outcomes in orthopedic trauma patients with surgical site infections ssi therefore our aim was to investigate how malnutrition risk affects clinical outcomes in a prospective cohort of orthopedic trauma patients with ssi methods the study included 345 patients who underwent surgery due to ssi at a level 1 trauma center all patients were evaluated on their nutritional status as assessed by the nutritional risk screening in 201415 and 201718 238 690 datasets were available for the followup analysis twenty patients 84 had died resulting in 218 patients outcomes investigated included comorbidities medication intake destination of discharge degree of mobility support for procuring food mortality risk and quality of life results 328 were at risk of malnutrition rom at exam1 female patients had a higher rom than males p  005 patients with rom had more comorbidities p  0001 an increased need for medication intake p  0001 a decreased level of mobility p  0001 and increased need of support in procuring food p  0001 the destination of discharge was independent of the nutritional status p  0641 twenty 84 of the available 238 patients had died during followup time period resulting in a 62times higher risk of mortality in patients with rom eq5d revealed that mobility selfsupply and usual activities of daily living were increased in wellnourished patients p  0001 conclusion rom in orthopedic trauma patients with ssi is associated with an increased number of comorbidities and need for medication intake a decrease in mobility and a higher dependency for food acquisition patients at rom exhibited a 62times higher mortality rate than wellnourished patients eq5d evaluation showed better mobility selfsupply and activity of daily living in wellnourished patients we therefore strongly recommend supplementing patients with rom with a specific diet during and after discharge from the hospital in order to reduce postoperative complications and longterm mortality,10.1016/j.injury.2020.06.019,risk of malnutrition in orthopedic trauma patients with surgical site infections is associated with increased morbidity and mortality  a 3year followup study [SEP] activities of daily living female followup studies humans male malnutrition morbidity nutritional status prospective studies quality of life risk factors surgical wound infectionepidemiology 3year followup morbidity mortality orthopedic trauma patients with surgical site infections ssi risk of malnutrition [SEP] background malnutrition is a worldwide problem which can result in prolonged hospitalization from complications such as poor wound healing and increased morbidity there is increasing evidence of the effect of risk of malnutrition rom on outcomes in orthopedic surgical patients however there is little data on the effect of nutritional status on clinical outcomes in orthopedic trauma patients with surgical site infections ssi therefore our aim was to investigate how malnutrition risk affects clinical outcomes in a prospective cohort of orthopedic trauma patients with ssi methods the study included 345 patients who underwent surgery due to ssi at a level 1 trauma center all patients were evaluated on their nutritional status as assessed by the nutritional risk screening in 201415 and 201718 238 690 datasets were available for the followup analysis twenty patients 84 had died resulting in 218 patients outcomes investigated included comorbidities medication intake destination of discharge degree of mobility support for procuring food mortality risk and quality of life results 328 were at risk of malnutrition rom at exam1 female patients had a higher rom than males p  005 patients with rom had more comorbidities p  0001 an increased need for medication intake p  0001 a decreased level of mobility p  0001 and increased need of support in procuring food p  0001 the destination of discharge was independent of the nutritional status p  0641 twenty 84 of the available 238 patients had died during followup time period resulting in a 62times higher risk of mortality in patients with rom eq5d revealed that mobility selfsupply and usual activities of daily living were increased in wellnourished patients p  0001 conclusion rom in orthopedic trauma patients with ssi is associated with an increased number of comorbidities and need for medication intake a decrease in mobility and a higher dependency for food acquisition patients at rom exhibited a 62times higher mortality rate than wellnourished patients eq5d evaluation showed better mobility selfsupply and activity of daily living in wellnourished patients we therefore strongly recommend supplementing patients with rom with a specific diet during and after discharge from the hospital in order to reduce postoperative complications and longterm mortality,1,0.6409879
6292,health related quality of life in patients with communityacquired pneumococcal pneumonia in france,activities of daily living adult age factors aged aged 80 and over communityacquired infectionspsychology female france humans length of staystatistics  numerical data male middle aged pneumonia pneumococcalpsychology prospective studies quality of life severity of illness index surveys and questionnaires time factors young adult cap eq5d pneumonia quality of life tobit model,background community acquired pneumococcal pneumonia is a lung infection that causes serious health problems and can lead to complications and death the aim of this study was to observe and analyze health related quality of life after a hospital episode for patients with community acquired pneumococcal pneumonia in france methods a total of 524 individuals were enrolled prospectively in the study and were followed for 12 months after hospital discharge presence of streptococcus pneumoniae was confirmed by microbiological sampling quality of life was reported at four different points of time with the eq5d3 l health states using the french reference tariff complete data on all four periods was available for 269 patients we used descriptive and econometric analysis to assess quality of life over time during followup and to identify factors that impact the utility indexes and their evolution through time we used tobit panel data estimators to deal with the bounded nature of utility values results average age of patients was 63 and 55 of patients were men negative predictors of quality of life were the severity of the initial event history of pneumonia smokers age and being male on average quality of life improved in the first 6 months after discharge and stabilized beyond at month 1 mean utility index was 053 sd 034 for men and 045 sd 034 for women versus mean of 069 sd 033 and 070 sd 035 at month 12 usual activities was the dimension the most impacted by the disease episode utilities for men were significantly higher than for women although male patients were more severe individuals over 85 years old did not improve quality of life during followup and quality of life did not improve or deteriorated for 34 of patients we found that length of hospital stay was negatively correlated with quality of life immediately after discharge conclusion this study provides with evidence that quality of life after an episode of community acquired pneumococcal pneumonia improves overall until the sixth month after hospital discharge but older patients with previous history of pneumonia may not experience health gains after the initial episode,10.1186/s12955-018-0854-6,health related quality of life in patients with communityacquired pneumococcal pneumonia in france [SEP] activities of daily living adult age factors aged aged 80 and over communityacquired infectionspsychology female france humans length of staystatistics  numerical data male middle aged pneumonia pneumococcalpsychology prospective studies quality of life severity of illness index surveys and questionnaires time factors young adult cap eq5d pneumonia quality of life tobit model [SEP] background community acquired pneumococcal pneumonia is a lung infection that causes serious health problems and can lead to complications and death the aim of this study was to observe and analyze health related quality of life after a hospital episode for patients with community acquired pneumococcal pneumonia in france methods a total of 524 individuals were enrolled prospectively in the study and were followed for 12 months after hospital discharge presence of streptococcus pneumoniae was confirmed by microbiological sampling quality of life was reported at four different points of time with the eq5d3 l health states using the french reference tariff complete data on all four periods was available for 269 patients we used descriptive and econometric analysis to assess quality of life over time during followup and to identify factors that impact the utility indexes and their evolution through time we used tobit panel data estimators to deal with the bounded nature of utility values results average age of patients was 63 and 55 of patients were men negative predictors of quality of life were the severity of the initial event history of pneumonia smokers age and being male on average quality of life improved in the first 6 months after discharge and stabilized beyond at month 1 mean utility index was 053 sd 034 for men and 045 sd 034 for women versus mean of 069 sd 033 and 070 sd 035 at month 12 usual activities was the dimension the most impacted by the disease episode utilities for men were significantly higher than for women although male patients were more severe individuals over 85 years old did not improve quality of life during followup and quality of life did not improve or deteriorated for 34 of patients we found that length of hospital stay was negatively correlated with quality of life immediately after discharge conclusion this study provides with evidence that quality of life after an episode of community acquired pneumococcal pneumonia improves overall until the sixth month after hospital discharge but older patients with previous history of pneumonia may not experience health gains after the initial episode,1,0.72775614
2560,defining the minimum clinically important difference for grade i degenerative lumbar spondylolisthesis insights from the quality outcomes database,adult aged back painetiologysurgery female humans lumbar vertebraesurgery lumbosacral regionsurgery male middle aged pain measurementmethods patient satisfaction spondylolisthesisdiagnosissurgery treatment outcome auc  area under the curve hti  health transition item mcid mcid  minimum clinically important difference mdc  minimum detectable change nass  north american spine society nrsbp  numeric rating scale for back pain nrslp  nrs for leg pain odi  oswestry disability index pro  patientreported outcome qod  quality outcomes database quality outcomes database roc  receiver operating characteristic sd  standard deviation sem  standard error of measurement tlif  transforaminal interbody fusion vas  visual analog scale lumbar minimum clinically important difference patientreported outcomes quality of life spondylolisthesis,objective patientreported outcomes pros play a pivotal role in defining the value of surgical interventions for spinal disease the concept of minimum clinically important difference mcid is considered the new standard for determining the effectiveness of a given treatment and describing patient satisfaction in response to that treatment the purpose of this study was to determine the mcid associated with surgical treatment for degenerative lumbar spondylolisthesis methods the authors queried the quality outcomes database registry from july 2014 through december 2015 for patients who underwent posterior lumbar surgery for grade i degenerative spondylolisthesis recorded pros included scores on the oswestry disability index odi eq5d and numeric rating scale nrs for leg pain nrslp and back pain nrsbp anchorbased using the north american spine society satisfaction scale and distributionbased half a standard deviation small cohens effect size standard error of measurement and minimum detectable change mdc methods were used to calculate the mcid for each pro results a total of 441 patients 80 who underwent laminectomies alone and 361 who underwent fusion procedures from 11 participating sites were included in the analysis the changes in functional outcome scores between baseline and the 1year postoperative evaluation were as follows 235  174 points for odi 024  023 for eq5d 41  35 for nrslp and 37  32 for nrsbp the different calculation methods generated a range of mcid values for each pro 33265 points for odi 00403 points for eq5d 0645 points for nrslp and 0542 points for nrsbp the mdc approach appeared to be the most appropriate for calculating mcid because it provided a threshold greater than the measurement error and was closest to the average change difference between the satisfied and notsatisfied patients on subgroup analysis the mcid thresholds for laminectomyalone patients were comparable to those for the patients who underwent arthrodesis as well as for the entire cohort conclusions the mcid for pros was highly variable depending on the calculation technique the mdc seems to be a statistically and clinically sound method for defining the appropriate mcid value for patients with grade i degenerative lumbar spondylolisthesis based on this method the mcid values are 143 points for odi 02 points for eq5d 17 points for nrslp and 16 points for nrsbp,10.3171/2017.10.FOCUS17554,defining the minimum clinically important difference for grade i degenerative lumbar spondylolisthesis insights from the quality outcomes database [SEP] adult aged back painetiologysurgery female humans lumbar vertebraesurgery lumbosacral regionsurgery male middle aged pain measurementmethods patient satisfaction spondylolisthesisdiagnosissurgery treatment outcome auc  area under the curve hti  health transition item mcid mcid  minimum clinically important difference mdc  minimum detectable change nass  north american spine society nrsbp  numeric rating scale for back pain nrslp  nrs for leg pain odi  oswestry disability index pro  patientreported outcome qod  quality outcomes database quality outcomes database roc  receiver operating characteristic sd  standard deviation sem  standard error of measurement tlif  transforaminal interbody fusion vas  visual analog scale lumbar minimum clinically important difference patientreported outcomes quality of life spondylolisthesis [SEP] objective patientreported outcomes pros play a pivotal role in defining the value of surgical interventions for spinal disease the concept of minimum clinically important difference mcid is considered the new standard for determining the effectiveness of a given treatment and describing patient satisfaction in response to that treatment the purpose of this study was to determine the mcid associated with surgical treatment for degenerative lumbar spondylolisthesis methods the authors queried the quality outcomes database registry from july 2014 through december 2015 for patients who underwent posterior lumbar surgery for grade i degenerative spondylolisthesis recorded pros included scores on the oswestry disability index odi eq5d and numeric rating scale nrs for leg pain nrslp and back pain nrsbp anchorbased using the north american spine society satisfaction scale and distributionbased half a standard deviation small cohens effect size standard error of measurement and minimum detectable change mdc methods were used to calculate the mcid for each pro results a total of 441 patients 80 who underwent laminectomies alone and 361 who underwent fusion procedures from 11 participating sites were included in the analysis the changes in functional outcome scores between baseline and the 1year postoperative evaluation were as follows 235  174 points for odi 024  023 for eq5d 41  35 for nrslp and 37  32 for nrsbp the different calculation methods generated a range of mcid values for each pro 33265 points for odi 00403 points for eq5d 0645 points for nrslp and 0542 points for nrsbp the mdc approach appeared to be the most appropriate for calculating mcid because it provided a threshold greater than the measurement error and was closest to the average change difference between the satisfied and notsatisfied patients on subgroup analysis the mcid thresholds for laminectomyalone patients were comparable to those for the patients who underwent arthrodesis as well as for the entire cohort conclusions the mcid for pros was highly variable depending on the calculation technique the mdc seems to be a statistically and clinically sound method for defining the appropriate mcid value for patients with grade i degenerative lumbar spondylolisthesis based on this method the mcid values are 143 points for odi 02 points for eq5d 17 points for nrslp and 16 points for nrsbp,1,0.58079743
5947,personality traits and income inequalities in selfrated oral and general health,adult australia crosssectional studies humans oral health patient outcome assessment personality quality of lifepsychology self report social class surveys and questionnaires healthrelated quality of life patient outcome assessments personality inventory population health socioeconomic status,the association of low income with poor health is widely recognized but why some lowincome individuals do not experience poor health remains unclear the aim of this study was to determine whether greater positive personality trait scores modify the association between income and oral and general healthrelated quality of life ohrqol and hrqol among a representative sample of the south australian population crosssectional selfrated questionnaire data from a sample of 3645 adults in 20152016 were used for secondary analysis in four factorial anova models the main effects interaction and effect modification of personality traits measured using the tenitem personality inventory tipi on the association between income and ohrqol measured using the oral health impact profile ohip14 and hrqol measured using the european quality of life indicator eq5d3l were assessed in the lowincome group participants with greater tipi scale scores had lower means for the ohip14 and the eq5d3l better ohrqol and hrqol greater emotional stability scores modified the association between low income and hrqol and ohrqol stronger positive personality traits such as emotional stability appear to ameliorate the adverse effect of income inequalities in health,10.1111/eos.12893,personality traits and income inequalities in selfrated oral and general health [SEP] adult australia crosssectional studies humans oral health patient outcome assessment personality quality of lifepsychology self report social class surveys and questionnaires healthrelated quality of life patient outcome assessments personality inventory population health socioeconomic status [SEP] the association of low income with poor health is widely recognized but why some lowincome individuals do not experience poor health remains unclear the aim of this study was to determine whether greater positive personality trait scores modify the association between income and oral and general healthrelated quality of life ohrqol and hrqol among a representative sample of the south australian population crosssectional selfrated questionnaire data from a sample of 3645 adults in 20152016 were used for secondary analysis in four factorial anova models the main effects interaction and effect modification of personality traits measured using the tenitem personality inventory tipi on the association between income and ohrqol measured using the oral health impact profile ohip14 and hrqol measured using the european quality of life indicator eq5d3l were assessed in the lowincome group participants with greater tipi scale scores had lower means for the ohip14 and the eq5d3l better ohrqol and hrqol greater emotional stability scores modified the association between low income and hrqol and ohrqol stronger positive personality traits such as emotional stability appear to ameliorate the adverse effect of income inequalities in health,1,0.6663967
10062,improvements in quality of life associated with biphasic insulin aspart 30 in type 2 diabetes patients in china results from the a1chieve observational study,adult aged biphasic insulinstherapeutic use china diabetes mellitus type 2drug therapypsychology female glycated hemoglobin aanalysis humans hypoglycemic agentstherapeutic use insulin asparttherapeutic use insulin isophanetherapeutic use male middle aged prospective studies quality of life surveys and questionnaires treatment outcome,background based on the 24week prospective noninterventional observational study a1chieve we investigated how healthrelated quality of life hrqol changed and the predictors of such changes in chinese people with type 2 diabetes mellitus t2dm after starting with or switching to biphasic insulin aspart 30 biasp 30 methods in total 8578 people with t2dm starting treatment with or switching to biasp 30 were recruited from 130 urban hospitals in china hrqol was assessed at baseline and 24 weeks using the euroqol5 dimensions eq5d questionnaire descriptive statistics paired ttest and chisquare test were conducted and the linear ordinary least squares regression model was used to determine predictors for changes in eq5d score results haemoglobin a1c hba1c decreased from 95 to 70 after 24 weeks the reported hrqol measured by the eq5d visual analogue scale score increased by 62 p  0001 from 758 to 820 and eq5d index score increased by 0018 p  0001 from 0875 to 0893 for the cohort over 24 weeks the percentage of patients reporting no problems in the mobility paindiscomfort and anxietydepression dimensions of eq5d increased significantly p  0001 from 884 to 914 773 to 828 and 742 to 771 respectively patients with higher hba1c levels at baseline major hypoglycaemia or microcomplications exhibited significantly larger changes in eq5d scores than those with lower baseline hba1c levels without major hypoglycaemia or microcomplications after controlling for demographics and other baseline characteristics conclusions biasp 30 treatment was associated with improved glycaemic control and hrqol in t2dm patients in china patients with worse health conditions were more likely to experience larger improvements in hrqol than those with better health conditions trial registration clinicaltrialsgov nct00869908 ,10.1186/s12955-014-0137-9,improvements in quality of life associated with biphasic insulin aspart 30 in type 2 diabetes patients in china results from the a1chieve observational study [SEP] adult aged biphasic insulinstherapeutic use china diabetes mellitus type 2drug therapypsychology female glycated hemoglobin aanalysis humans hypoglycemic agentstherapeutic use insulin asparttherapeutic use insulin isophanetherapeutic use male middle aged prospective studies quality of life surveys and questionnaires treatment outcome [SEP] background based on the 24week prospective noninterventional observational study a1chieve we investigated how healthrelated quality of life hrqol changed and the predictors of such changes in chinese people with type 2 diabetes mellitus t2dm after starting with or switching to biphasic insulin aspart 30 biasp 30 methods in total 8578 people with t2dm starting treatment with or switching to biasp 30 were recruited from 130 urban hospitals in china hrqol was assessed at baseline and 24 weeks using the euroqol5 dimensions eq5d questionnaire descriptive statistics paired ttest and chisquare test were conducted and the linear ordinary least squares regression model was used to determine predictors for changes in eq5d score results haemoglobin a1c hba1c decreased from 95 to 70 after 24 weeks the reported hrqol measured by the eq5d visual analogue scale score increased by 62 p  0001 from 758 to 820 and eq5d index score increased by 0018 p  0001 from 0875 to 0893 for the cohort over 24 weeks the percentage of patients reporting no problems in the mobility paindiscomfort and anxietydepression dimensions of eq5d increased significantly p  0001 from 884 to 914 773 to 828 and 742 to 771 respectively patients with higher hba1c levels at baseline major hypoglycaemia or microcomplications exhibited significantly larger changes in eq5d scores than those with lower baseline hba1c levels without major hypoglycaemia or microcomplications after controlling for demographics and other baseline characteristics conclusions biasp 30 treatment was associated with improved glycaemic control and hrqol in t2dm patients in china patients with worse health conditions were more likely to experience larger improvements in hrqol than those with better health conditions trial registration clinicaltrialsgov nct00869908 ,1,0.7106531
10599,quality of life in adults who stutter,activities of daily livingpsychology adaptation psychological adult female humans male psychological tests quality of lifepsychology severity of illness index stutteringpsychology surveys and questionnaires,although persistent developmental stuttering is known to affect daily living just how great the impact is remains unclear furthermore little is known about the underlying mechanisms which lead to a diminished quality of life qol the primary objective of this study is to explore to what extent qol is impaired in adults who stutter aws in addition this study aims to identify determinants of qol in aws by testing relationships between stuttering severity coping functioning and qol and by testing for differences in variable scores between two aws subgroups receiving therapy versus not receiving therapy a total of 91 aws filled in several questionnaires to assess their stuttering severity daily functioning coping style and qol the qol instruments used were the health utility index 3 hui3 and the euroqol eq5d and eqvas the results indicated that moderate to severe stuttering has a negative impact on overall quality of life hui3 derived qol values varied from 91 for mild stuttering to 73 for severe stuttering the domains of functioning that were predominantly affected were the individuals speech emotion cognition and pain as measured by the hui3 and daily activities and anxietydepression as measured by the eq5d aws in the therapy group rated their stuttering as more severe and recorded more problems on the hui3 speech domain than aws in the nontherapy group the eqvas was the only instrument that showed a significant difference in overall qol between groups finally it was found that the relationship between stuttering severity and qol was influenced by the individuals coping style emotionoriented and taskoriented these findings highlight the need for further research into stuttering in relation to qol and for a broader perspective on the diagnosis and treatment of stuttering which would take into consideration quality of life and its determinants,10.1016/j.jcomdis.2011.02.002,quality of life in adults who stutter [SEP] activities of daily livingpsychology adaptation psychological adult female humans male psychological tests quality of lifepsychology severity of illness index stutteringpsychology surveys and questionnaires [SEP] although persistent developmental stuttering is known to affect daily living just how great the impact is remains unclear furthermore little is known about the underlying mechanisms which lead to a diminished quality of life qol the primary objective of this study is to explore to what extent qol is impaired in adults who stutter aws in addition this study aims to identify determinants of qol in aws by testing relationships between stuttering severity coping functioning and qol and by testing for differences in variable scores between two aws subgroups receiving therapy versus not receiving therapy a total of 91 aws filled in several questionnaires to assess their stuttering severity daily functioning coping style and qol the qol instruments used were the health utility index 3 hui3 and the euroqol eq5d and eqvas the results indicated that moderate to severe stuttering has a negative impact on overall quality of life hui3 derived qol values varied from 91 for mild stuttering to 73 for severe stuttering the domains of functioning that were predominantly affected were the individuals speech emotion cognition and pain as measured by the hui3 and daily activities and anxietydepression as measured by the eq5d aws in the therapy group rated their stuttering as more severe and recorded more problems on the hui3 speech domain than aws in the nontherapy group the eqvas was the only instrument that showed a significant difference in overall qol between groups finally it was found that the relationship between stuttering severity and qol was influenced by the individuals coping style emotionoriented and taskoriented these findings highlight the need for further research into stuttering in relation to qol and for a broader perspective on the diagnosis and treatment of stuttering which would take into consideration quality of life and its determinants,1,0.5987311
7730,quality of life among female childhood cancer survivors with and without premature ovarian insufficiency,childhood cancer survivors female premature ovarian insufficiency quality of life,purpose due to an increase in survival a growing population of childhood cancer survivors ccs is present however female ccs are at risk of developing premature ovarian insufficiency poi after cancer treatment poi involves a decreased chance of conceiving and the increased infertility state has a large impact on affected individuals health and mental life the objective of this study was to investigate health state and wellbeing among female ccs with and without poi and healthy controls hc methods female ccs treated in southern sweden between 1964 and 2008 were included each patient was matched with a hc the final study population included 167 female ccs and 164 hc that were examined between october 2010 and january 2015 at the reproductive medicine centre at skne university hospital in malm sweden all participants except for two hcs answered an eq5d3l questionnaire for measuring health state including a visual analogue scale vas for estimating wellbeing results there were 22 ccs with poi none of the hc had poi the mean health state differed among groups unadjusted p  0002 adjusted p  0007 a difference in mean experienced wellbeing among groups was noted unadjusted p  0003 adjusted p  0012 lowest wellbeing was found in the ccs group with poi p  0024 conclusions female ccs have a significantly decreased health state and wellbeing female ccs with poi additionally have the lowest selfestimated wellbeing implications for cancer survivors female ccs with poi should be identified early in order to give them adequate information and support,10.1007/s11764-021-00987-y,quality of life among female childhood cancer survivors with and without premature ovarian insufficiency [SEP] childhood cancer survivors female premature ovarian insufficiency quality of life [SEP] purpose due to an increase in survival a growing population of childhood cancer survivors ccs is present however female ccs are at risk of developing premature ovarian insufficiency poi after cancer treatment poi involves a decreased chance of conceiving and the increased infertility state has a large impact on affected individuals health and mental life the objective of this study was to investigate health state and wellbeing among female ccs with and without poi and healthy controls hc methods female ccs treated in southern sweden between 1964 and 2008 were included each patient was matched with a hc the final study population included 167 female ccs and 164 hc that were examined between october 2010 and january 2015 at the reproductive medicine centre at skne university hospital in malm sweden all participants except for two hcs answered an eq5d3l questionnaire for measuring health state including a visual analogue scale vas for estimating wellbeing results there were 22 ccs with poi none of the hc had poi the mean health state differed among groups unadjusted p  0002 adjusted p  0007 a difference in mean experienced wellbeing among groups was noted unadjusted p  0003 adjusted p  0012 lowest wellbeing was found in the ccs group with poi p  0024 conclusions female ccs have a significantly decreased health state and wellbeing female ccs with poi additionally have the lowest selfestimated wellbeing implications for cancer survivors female ccs with poi should be identified early in order to give them adequate information and support,1,0.6070009
10887,quality of life and costs in parkinsons disease a cross sectional study in hungary,cost of illness crosssectional studies female health care costsstatistics  numerical data health status humans hungaryepidemiology male middle aged parkinson diseaseeconomicsepidemiology patient acceptance of health carestatistics  numerical data quality of life surveys and questionnaires,background patient reported outcomes and costs of illness are useful to capture some of the multiple effects of a disease and its treatments our aim was to assess quality of life qol and costs of parkinsons disease pd in hungary and to analyze their associations methods a crosssectional questionnaire survey was conducted in one neurology university clinic clinical characteristics pd related resource utilizations and productivity loss in the past 12 months were recorded the hoehnyahr hy scale pdq39 and eq5d questionnaires were applied cost calculation was performed from the societal perspective results 110 patients 345 female were involved with mean age of 633 sd113 and disease duration of 82 sd58 years pdq39 summary score was 481 sd134 the average eq5d score was 059 sd028 and was significantly lower than the population norm in agegroups 4574 the correlation was significant between eq5d and pdq39 047 p0000 the hy scale and eq5d 03416 p00008 and pdq39 03419 p00006 scores the total mean cost was 60302 sd61630patientyear direct medical 357 direct nonmedical 294 indirect cost 349 a one year increase in disease duration and 01 decrease of the eq5d utility score increase the yearly costs by 8 to 10 and 78 respectively the effect of the pdq39 score on total cost was not significant conclusions disease severity and public health importance of pd are clearly demonstrated by the magnitude of qol loss pdrelated costs are substantial but are much lower in hungary than in western european countries disease duration and eq5d score are significant proxy of costs,10.1371/journal.pone.0107704,quality of life and costs in parkinsons disease a cross sectional study in hungary [SEP] cost of illness crosssectional studies female health care costsstatistics  numerical data health status humans hungaryepidemiology male middle aged parkinson diseaseeconomicsepidemiology patient acceptance of health carestatistics  numerical data quality of life surveys and questionnaires [SEP] background patient reported outcomes and costs of illness are useful to capture some of the multiple effects of a disease and its treatments our aim was to assess quality of life qol and costs of parkinsons disease pd in hungary and to analyze their associations methods a crosssectional questionnaire survey was conducted in one neurology university clinic clinical characteristics pd related resource utilizations and productivity loss in the past 12 months were recorded the hoehnyahr hy scale pdq39 and eq5d questionnaires were applied cost calculation was performed from the societal perspective results 110 patients 345 female were involved with mean age of 633 sd113 and disease duration of 82 sd58 years pdq39 summary score was 481 sd134 the average eq5d score was 059 sd028 and was significantly lower than the population norm in agegroups 4574 the correlation was significant between eq5d and pdq39 047 p0000 the hy scale and eq5d 03416 p00008 and pdq39 03419 p00006 scores the total mean cost was 60302 sd61630patientyear direct medical 357 direct nonmedical 294 indirect cost 349 a one year increase in disease duration and 01 decrease of the eq5d utility score increase the yearly costs by 8 to 10 and 78 respectively the effect of the pdq39 score on total cost was not significant conclusions disease severity and public health importance of pd are clearly demonstrated by the magnitude of qol loss pdrelated costs are substantial but are much lower in hungary than in western european countries disease duration and eq5d score are significant proxy of costs,1,0.63942677
5383,determinants of quality of life in acute heart failure patients with and without comorbidities a prospective observational study,comorbidity female heart failurecomplicationsepidemiology humans prospective studies pulmonary disease chronic obstructiveepidemiology quality of life comorbidity healthrelated quality of life heart failure,aims the relation between noncardiac comorbidities and healthrelated quality of life hrqol in patients with heart failure hf has been studied to a limited extent to investigate the hrqol and their determinants among hf patients with and without comorbidities methods and results triumph translational initiative on unique and novel strategies for management of patients with heart failure is a dutch prospective multicentre study enrolling 496 acute hf patients between 2009 and 2014 we included 334 patients who had completed the hrqol questionnaires at baseline the hrqol was measured by the kansas city cardiomyopathy questionnaire kccq en euroqualityoflife five dimensions eq5d comorbidity was defined as having a history of at least one of the following comorbidities chronic kidney disease diabetes mellitus chronic obstructive pulmonary disease copd andor cerebrovascular accident patients with comorbidity n  205 61 had lower scores on the physical limitation scale and clinical summary score of the kccq p  003 and p  001 respectively female sex copd previous hf increasing body mass index bmi elevated nterminal probtype natriuretic peptide ntprobnp high systolic blood pressure and the presence of anxiety andor depression negatively influenced the hrqol among hf patients with comorbidity besides anxiety and depression we hardly found any other determinant of hrqol in patients without comorbidity conclusion heart failure patients without comorbidity had better hrqol than patients with comorbidity sex previous hf bmi copd systolic blood pressure ntprobnp levels and also anxiety and depression were determinants of hrqol in patients with comorbidity in those without comorbidity apart from anxiety and depression no further determinants of hrqol were found,10.1093/eurjcn/zvab061,determinants of quality of life in acute heart failure patients with and without comorbidities a prospective observational study [SEP] comorbidity female heart failurecomplicationsepidemiology humans prospective studies pulmonary disease chronic obstructiveepidemiology quality of life comorbidity healthrelated quality of life heart failure [SEP] aims the relation between noncardiac comorbidities and healthrelated quality of life hrqol in patients with heart failure hf has been studied to a limited extent to investigate the hrqol and their determinants among hf patients with and without comorbidities methods and results triumph translational initiative on unique and novel strategies for management of patients with heart failure is a dutch prospective multicentre study enrolling 496 acute hf patients between 2009 and 2014 we included 334 patients who had completed the hrqol questionnaires at baseline the hrqol was measured by the kansas city cardiomyopathy questionnaire kccq en euroqualityoflife five dimensions eq5d comorbidity was defined as having a history of at least one of the following comorbidities chronic kidney disease diabetes mellitus chronic obstructive pulmonary disease copd andor cerebrovascular accident patients with comorbidity n  205 61 had lower scores on the physical limitation scale and clinical summary score of the kccq p  003 and p  001 respectively female sex copd previous hf increasing body mass index bmi elevated nterminal probtype natriuretic peptide ntprobnp high systolic blood pressure and the presence of anxiety andor depression negatively influenced the hrqol among hf patients with comorbidity besides anxiety and depression we hardly found any other determinant of hrqol in patients without comorbidity conclusion heart failure patients without comorbidity had better hrqol than patients with comorbidity sex previous hf bmi copd systolic blood pressure ntprobnp levels and also anxiety and depression were determinants of hrqol in patients with comorbidity in those without comorbidity apart from anxiety and depression no further determinants of hrqol were found,1,0.6297652
8679,patient reported outcomes measures proms trajectories after elective hip arthroplasty a latent class and growth mixture analysis,arthroplasty hip implant registry proms patientreported outcome measures quality improvement,background patientreported outcome measures proms are an extensively used tool to assess and improve the quality of healthcare services proms can be related to individual demographic and clinical characteristics in patients undergoing hip arthroplasty ha the aim of this study is to identify distinct subgroups of patients with unique trajectories of proms scores and to determine patients features associated with these subgroups methods we conducted a prospective cohort study in which proms questionnaires euro quality 5 dimensions 3l eq5d3l euroqualityvisualanalyticscore eqvas hip disability and osteoarthritis outcome score hoosps were administered to patients undergoing elective ha preoperatively and at 6 and 12 months after surgery for each measure latent class growth analysis and growth mixture models were used to identify subgroups of patients with distinct trajectories of scores demografic and clinical predictors of the latent classes in growth mixture model were identified using a 3step approach results we found three distinct trajectories for each prom score these trajectories indicated a response heterogeneity to the ha among the patients n  991 patients gender asa score and obesity were significantly associated with different proms trajectories conclusions we identified three distinct trajectories for each of the three proms indicators several demographic and clinical characteristics are associated with the different trajectories of proms at 6 and 12 months after ha and could be used to identify groups of patients with different outcomes following ha surgery these findings underline the importance of patientcentered care supporting the usefulness of integrating proms data alongside routinely collected healthcare records for guiding clinical care and maximizing patients positive outcomes trial registration protocol version 10 and trial registration data are available on the platform www clinicaltrial gov with the identifier nct03790267 posted on december 31 2018,10.1186/s41687-022-00503-5,patient reported outcomes measures proms trajectories after elective hip arthroplasty a latent class and growth mixture analysis [SEP] arthroplasty hip implant registry proms patientreported outcome measures quality improvement [SEP] background patientreported outcome measures proms are an extensively used tool to assess and improve the quality of healthcare services proms can be related to individual demographic and clinical characteristics in patients undergoing hip arthroplasty ha the aim of this study is to identify distinct subgroups of patients with unique trajectories of proms scores and to determine patients features associated with these subgroups methods we conducted a prospective cohort study in which proms questionnaires euro quality 5 dimensions 3l eq5d3l euroqualityvisualanalyticscore eqvas hip disability and osteoarthritis outcome score hoosps were administered to patients undergoing elective ha preoperatively and at 6 and 12 months after surgery for each measure latent class growth analysis and growth mixture models were used to identify subgroups of patients with distinct trajectories of scores demografic and clinical predictors of the latent classes in growth mixture model were identified using a 3step approach results we found three distinct trajectories for each prom score these trajectories indicated a response heterogeneity to the ha among the patients n  991 patients gender asa score and obesity were significantly associated with different proms trajectories conclusions we identified three distinct trajectories for each of the three proms indicators several demographic and clinical characteristics are associated with the different trajectories of proms at 6 and 12 months after ha and could be used to identify groups of patients with different outcomes following ha surgery these findings underline the importance of patientcentered care supporting the usefulness of integrating proms data alongside routinely collected healthcare records for guiding clinical care and maximizing patients positive outcomes trial registration protocol version 10 and trial registration data are available on the platform www clinicaltrial gov with the identifier nct03790267 posted on december 31 2018,1,0.5889103
11767,assessing healthrelated qualityoflife changes in informal caregivers an evaluation in parents of children with major congenital anomalies,adaptation psychological adult analysis of variance anus imperforateeconomicspsychology caregiverseconomicspsychology child child welfare female health surveys hernia diaphragmaticeconomicspsychology hernias diaphragmatic congenital humans male netherlands pain measurement parentchild relations psychometrics quality of lifepsychology statistics as topic,purpose relatively few attempts to measure the effects on the healthrelated quality of life hrqol of informal caregivers within the context of economic evaluations have been reported this paper is an exploratory attempt to find suitable methods to assess caregivers hrqol using a population of parents of children with major congenital anomalies methods a total of 306 parents of children born with either congenital anorectal malformations arm or congenital diaphragmatic hernia were surveyed they rated their current hrqol on the eqvas after that they rated their hrqol again on the assumption that someone would take over their caregiving activities completely and free of charge finally the parents classified their hrqol on the eq5d the caregivers scores on the eqvas and the eq5d were compared with scores elicited in the general population results most parents indicated that their hrqol would not change if someone else took on their caregiving activities some methodological issues may have influenced this outcome such as difficulties in selfassessing hrqol changes due to caregiving process utility protest answers and difficulties in understanding the hypothetical question the hrqol of the parents was relatively low compared with population statistics especially in the parents of children with arm and in mothers this can be illustrated by the difference between the mean eq5d score of the mothers aged 2534 years of the children with arm and that of the general population 083 vs 093 p  0002 conclusions significant hrqol differences exist between parents caring for children with congenital anomalies and the general population it would be useful to further improve our understanding of the hrqol impact of informal caregiving separating caregiving effects from family effects and distinguishing parentchild relationships from other caregiving situations this study underlines the importance of considering caregivers also in the context of economic evaluations it indicates that general hrqol measures as used in patients may be able to detect hrqol effects in caregivers which facilitates the incorporation in common economic evaluations of hrqol effects in carers analysts and policy makers should be aware that if hrqol improvement is an important aim they should register hrqol changes not only in patients but also in their caregivers,10.1007/s11136-011-9991-7,assessing healthrelated qualityoflife changes in informal caregivers an evaluation in parents of children with major congenital anomalies [SEP] adaptation psychological adult analysis of variance anus imperforateeconomicspsychology caregiverseconomicspsychology child child welfare female health surveys hernia diaphragmaticeconomicspsychology hernias diaphragmatic congenital humans male netherlands pain measurement parentchild relations psychometrics quality of lifepsychology statistics as topic [SEP] purpose relatively few attempts to measure the effects on the healthrelated quality of life hrqol of informal caregivers within the context of economic evaluations have been reported this paper is an exploratory attempt to find suitable methods to assess caregivers hrqol using a population of parents of children with major congenital anomalies methods a total of 306 parents of children born with either congenital anorectal malformations arm or congenital diaphragmatic hernia were surveyed they rated their current hrqol on the eqvas after that they rated their hrqol again on the assumption that someone would take over their caregiving activities completely and free of charge finally the parents classified their hrqol on the eq5d the caregivers scores on the eqvas and the eq5d were compared with scores elicited in the general population results most parents indicated that their hrqol would not change if someone else took on their caregiving activities some methodological issues may have influenced this outcome such as difficulties in selfassessing hrqol changes due to caregiving process utility protest answers and difficulties in understanding the hypothetical question the hrqol of the parents was relatively low compared with population statistics especially in the parents of children with arm and in mothers this can be illustrated by the difference between the mean eq5d score of the mothers aged 2534 years of the children with arm and that of the general population 083 vs 093 p  0002 conclusions significant hrqol differences exist between parents caring for children with congenital anomalies and the general population it would be useful to further improve our understanding of the hrqol impact of informal caregiving separating caregiving effects from family effects and distinguishing parentchild relationships from other caregiving situations this study underlines the importance of considering caregivers also in the context of economic evaluations it indicates that general hrqol measures as used in patients may be able to detect hrqol effects in caregivers which facilitates the incorporation in common economic evaluations of hrqol effects in carers analysts and policy makers should be aware that if hrqol improvement is an important aim they should register hrqol changes not only in patients but also in their caregivers,1,0.5923181
9047,indepth assessment of healthrelated quality of life after inhospital cardiac arrest,adult heart arrest hospitals humans male prospective studies quality of life surveys and questionnaires survivorspsychology healthrelated quality of life inhospital cardiac arrest patientreported outcome measures psychological wellbeing,introduction evidence on physical and psychological wellbeing of inhospital cardiac arrest ihca survivors is scarce the aim of this study is to describe longterm healthrelated quality of life hrqol functional independence and psychological distress 3 and 12 months postihca methods a multicenter prospective cohort study in 25 hospitals between january 2017  may 2018 adult ihca survivors were included hrqol eq5d5l sf12 psychological distress hads csi and functional independence mrs were assessed at 3 and 12 months postihca results at 3month followup 136 of 212 survivors responded to the questionnaire and at 12 months 110 of 198 responded the median iqr equtility index score was 077 065087 at 3 months and 081 070091 at 12 months at 3 months patients reported a median sf12 iqr physical component scale pcs of 389 328465 and mental component scale mcs of 435 340397 and at 12 months a pcs of 431 346523 and mcs 469 385545 discussion using various tools most ihca survivors report an acceptable hrqol and a substantial part experiences lower hrqol compared to population norms our data suggest that younger male patients and those with poor functional status prior to admission are at highest risk of impaired hrqol,10.1016/j.jcrc.2021.11.008,indepth assessment of healthrelated quality of life after inhospital cardiac arrest [SEP] adult heart arrest hospitals humans male prospective studies quality of life surveys and questionnaires survivorspsychology healthrelated quality of life inhospital cardiac arrest patientreported outcome measures psychological wellbeing [SEP] introduction evidence on physical and psychological wellbeing of inhospital cardiac arrest ihca survivors is scarce the aim of this study is to describe longterm healthrelated quality of life hrqol functional independence and psychological distress 3 and 12 months postihca methods a multicenter prospective cohort study in 25 hospitals between january 2017  may 2018 adult ihca survivors were included hrqol eq5d5l sf12 psychological distress hads csi and functional independence mrs were assessed at 3 and 12 months postihca results at 3month followup 136 of 212 survivors responded to the questionnaire and at 12 months 110 of 198 responded the median iqr equtility index score was 077 065087 at 3 months and 081 070091 at 12 months at 3 months patients reported a median sf12 iqr physical component scale pcs of 389 328465 and mental component scale mcs of 435 340397 and at 12 months a pcs of 431 346523 and mcs 469 385545 discussion using various tools most ihca survivors report an acceptable hrqol and a substantial part experiences lower hrqol compared to population norms our data suggest that younger male patients and those with poor functional status prior to admission are at highest risk of impaired hrqol,1,0.6244213
6207,longterm patientimportant outcomes after septic shock a protocol for 1year followup of the classic trial,adult cognitive dysfunctionetiology female followup studies humans male middle aged quality of life research design shock septiccomplicationsmortality survivorsstatistics  numerical data time hrqol iv fluid therapy cognitive function followup patient important outcomes randomised clincial trial,background in patients with septic shock mortality is high and survivors experience longterm physical mental and social impairments the ongoing conservative vs liberal approach to fluid therapy of septic shock in intensive care classic trial assesses the benefits and harms of a restrictive vs standardcare intravenous iv fluid therapy the hypothesis is that iv fluid restriction improves patientimportant longterm outcomes aim to assess the predefined patientimportant longterm outcomes in patients randomised into the classic trial methods in this preplanned followup study of the classic trial we will assess allcause mortality healthrelated quality of life hrqol and cognitive function 1 year after randomisation in the two intervention groups the 1year mortality will be collected from electronic patient records or central national registries in most participating countries we will contact survivors and assess euroqol 5dimension 5level eq5d5l and euroqolvisual analogue scale and montreal cognitive assessment 5minute protocol score we will analyse mortality by logistic regression and use general linear models to assess hrqol and cognitive function discussion with this preplanned followup study of the classic trial we will provide patientimportant data on longterm survival hrqol and cognitive function of restrictive vs standardcare iv fluid therapy in patients with septic shock,10.1111/aas.13519,longterm patientimportant outcomes after septic shock a protocol for 1year followup of the classic trial [SEP] adult cognitive dysfunctionetiology female followup studies humans male middle aged quality of life research design shock septiccomplicationsmortality survivorsstatistics  numerical data time hrqol iv fluid therapy cognitive function followup patient important outcomes randomised clincial trial [SEP] background in patients with septic shock mortality is high and survivors experience longterm physical mental and social impairments the ongoing conservative vs liberal approach to fluid therapy of septic shock in intensive care classic trial assesses the benefits and harms of a restrictive vs standardcare intravenous iv fluid therapy the hypothesis is that iv fluid restriction improves patientimportant longterm outcomes aim to assess the predefined patientimportant longterm outcomes in patients randomised into the classic trial methods in this preplanned followup study of the classic trial we will assess allcause mortality healthrelated quality of life hrqol and cognitive function 1 year after randomisation in the two intervention groups the 1year mortality will be collected from electronic patient records or central national registries in most participating countries we will contact survivors and assess euroqol 5dimension 5level eq5d5l and euroqolvisual analogue scale and montreal cognitive assessment 5minute protocol score we will analyse mortality by logistic regression and use general linear models to assess hrqol and cognitive function discussion with this preplanned followup study of the classic trial we will provide patientimportant data on longterm survival hrqol and cognitive function of restrictive vs standardcare iv fluid therapy in patients with septic shock,1,0.5745163
1416,longterm outcomes of transforaminal lumbar interbody fusion in patients with spinal stenosis and degenerative scoliosis,adolescent adult aged female humans lumbar vertebraesurgery male middle aged painetiology reoperationstatistics  numerical data retrospective studies scoliosiscomplicationssurgery spinal fusionmethods spinal stenosiscomplicationssurgery surveys and questionnaires treatment outcome degenerative scoliosis limited fusion longterm outcomes lumbar stenosis short segment fusion transforaminal lumbar interbody fusion tlif,background context patients with spinal deformity may present with complaints related to either the deformity itself or the manifestations of the coexisting spinal stenosis there are reports of successful management of lumbar pathology in the absence of global sagittal or coronal imbalance with limited decompression and fusion addressing only the symptomatic segment purpose our study examined the longterm outcomes of transforaminal lumbar interbody fusion tlif a less extensive procedure based on the experience of the senior author over the past 10 years study designsetting this was a retrospective study of symptomatic lumbar spinal stenosis and spinal deformity managed by one surgeon at the cleveland clinic since 2003 patient sample fortyone patients were included in the study outcome measures the present study measures the longterm clinical functional outcomes of these patients through eq5d euroqol five dimensions questionnaire phq9 patient health questionnaire and pdq pain disability questionnaire forms along with documented radiographic parameters and charlson comorbidity index cci methods there were no funding or potential conflicts of interest associated biases in the present study patients with symptomatic lumbar spinal stenosis with neutral global alignment in the sagittal and coronal planes and symptomatic stenosis at the deformity level were treated by limited fusion and tlif and had a followup period of at least 5 years excluded were patients under 18 years of age had more than three levels of fusion and had an active spinal malignancy or recent spinal trauma the grouping variables were curve magnitude revision surgeries and tlif levels clinical outcomes were compared in all the grouping variables analysis of variance anova and chisquare tests were utilized p05 was considered statistically significant results the average age and followup period were 6610 and 75 years respectively there was no statistical difference between patients with curves measuring between 10 and 20 and greater than 20 for eq5d phq9 and pdq patients had worse pdq data with larger curves compared with smaller curves at both 5 years and final followup although there was no statistical significance between preoperative coronal curve magnitude and revision surgeries patients with curves greater than 20 had higher rates of revision surgeries 75 p343 in the global lumbar curve deformity group although there was no statistical significance for patients who underwent revision surgeriesthose patients had low phq9 values at the final followup p09 the revision surgery rate was 48 in onelevel tlif and 18 in twolevel tlif moderate pain disability scores were noticed for onelevel tlif patients mean75 compared with twolevel tlif patients mean27 at the final followup and approached statistical significance in this comparison p06 conclusion although this topic has a limited audience to spinal deformity surgeons the prevalence of patients who present with adult spinal deformities has been increasing short segment fusion in the setting of modest spinal deformity is a reasonable and safe option further study on the concept of short segment fusions in the growing patient population is required as more comprehensive fusions do have noted complication rates and a compromise must be reached between the extent of surgery that is enough to provide pain relief and disability and the degree of surgery that is too much to be tolerated in terms of complication rates,10.1016/j.spinee.2017.10.063,longterm outcomes of transforaminal lumbar interbody fusion in patients with spinal stenosis and degenerative scoliosis [SEP] adolescent adult aged female humans lumbar vertebraesurgery male middle aged painetiology reoperationstatistics  numerical data retrospective studies scoliosiscomplicationssurgery spinal fusionmethods spinal stenosiscomplicationssurgery surveys and questionnaires treatment outcome degenerative scoliosis limited fusion longterm outcomes lumbar stenosis short segment fusion transforaminal lumbar interbody fusion tlif [SEP] background context patients with spinal deformity may present with complaints related to either the deformity itself or the manifestations of the coexisting spinal stenosis there are reports of successful management of lumbar pathology in the absence of global sagittal or coronal imbalance with limited decompression and fusion addressing only the symptomatic segment purpose our study examined the longterm outcomes of transforaminal lumbar interbody fusion tlif a less extensive procedure based on the experience of the senior author over the past 10 years study designsetting this was a retrospective study of symptomatic lumbar spinal stenosis and spinal deformity managed by one surgeon at the cleveland clinic since 2003 patient sample fortyone patients were included in the study outcome measures the present study measures the longterm clinical functional outcomes of these patients through eq5d euroqol five dimensions questionnaire phq9 patient health questionnaire and pdq pain disability questionnaire forms along with documented radiographic parameters and charlson comorbidity index cci methods there were no funding or potential conflicts of interest associated biases in the present study patients with symptomatic lumbar spinal stenosis with neutral global alignment in the sagittal and coronal planes and symptomatic stenosis at the deformity level were treated by limited fusion and tlif and had a followup period of at least 5 years excluded were patients under 18 years of age had more than three levels of fusion and had an active spinal malignancy or recent spinal trauma the grouping variables were curve magnitude revision surgeries and tlif levels clinical outcomes were compared in all the grouping variables analysis of variance anova and chisquare tests were utilized p05 was considered statistically significant results the average age and followup period were 6610 and 75 years respectively there was no statistical difference between patients with curves measuring between 10 and 20 and greater than 20 for eq5d phq9 and pdq patients had worse pdq data with larger curves compared with smaller curves at both 5 years and final followup although there was no statistical significance between preoperative coronal curve magnitude and revision surgeries patients with curves greater than 20 had higher rates of revision surgeries 75 p343 in the global lumbar curve deformity group although there was no statistical significance for patients who underwent revision surgeriesthose patients had low phq9 values at the final followup p09 the revision surgery rate was 48 in onelevel tlif and 18 in twolevel tlif moderate pain disability scores were noticed for onelevel tlif patients mean75 compared with twolevel tlif patients mean27 at the final followup and approached statistical significance in this comparison p06 conclusion although this topic has a limited audience to spinal deformity surgeons the prevalence of patients who present with adult spinal deformities has been increasing short segment fusion in the setting of modest spinal deformity is a reasonable and safe option further study on the concept of short segment fusions in the growing patient population is required as more comprehensive fusions do have noted complication rates and a compromise must be reached between the extent of surgery that is enough to provide pain relief and disability and the degree of surgery that is too much to be tolerated in terms of complication rates,0,0.55720615
3920,percutaneous fixation of acute scaphoid waist fractures longterm patientreported functional outcomes and satisfaction at a mean of 11 years following surgery,adolescent adult fracture fixation internal fracture healing humans male middle aged patient reported outcome measures patient satisfaction personal satisfaction quality of life retrospective studies young adult functional outcomes percutaneous fixation rsultats fonctionnels scaphoid scaphode vissage percutan,the aim of this study was to report the longterm functional outcomes and complication rates following early percutaneous fixation of acute fractures of the scaphoid a trauma database was searched to identify all skeletallymature patients with an undisplaced or minimallydisplaced scaphoid waist fracture managed with early percutaneous retrograde screw fixation over a thirteenyear period from 19972010 medical records were retrospectively reviewed and complications documented longterm followup was by a questionnairebased review the patientrated wrist evaluation prwe was the primary outcome measure secondary outcomes included the quick version of the disability of the arm shoulder and hand score quickdash the euroqol 5dimensions score eq5d5l and complications during the study period 114 patients underwent this procedure the mean age was 28 years range 1762 and 97 patients 85 were male the median time from injury to surgery was nine days range 127 twelve patients 11 reported a complication all of whom required repeat surgical intervention six revision orif for nonunion five elective removal of hardware one early revision fixation due to screw impingement longterm outcome data was available for 77 patients 68 at mean followup of 114 years range 64198 the median prwe was 0 iqr 075 median quickdash 0 iqr 045 and median eq5d5l 10 iqr 083710 there were 97 n  74 patients satisfied with their outcome early percutaneous fixation of acute nondisplaced or minimally displaced scaphoid fractures results in good longterm patient reported outcomes and healthrelated quality of life although comparable with previous studies the overall surgical reintervention rate is notable and can result in inferior outcomes level of evidence therapeutic level iii retrospective cohort study,10.1016/j.hansur.2021.02.002,percutaneous fixation of acute scaphoid waist fractures longterm patientreported functional outcomes and satisfaction at a mean of 11 years following surgery [SEP] adolescent adult fracture fixation internal fracture healing humans male middle aged patient reported outcome measures patient satisfaction personal satisfaction quality of life retrospective studies young adult functional outcomes percutaneous fixation rsultats fonctionnels scaphoid scaphode vissage percutan [SEP] the aim of this study was to report the longterm functional outcomes and complication rates following early percutaneous fixation of acute fractures of the scaphoid a trauma database was searched to identify all skeletallymature patients with an undisplaced or minimallydisplaced scaphoid waist fracture managed with early percutaneous retrograde screw fixation over a thirteenyear period from 19972010 medical records were retrospectively reviewed and complications documented longterm followup was by a questionnairebased review the patientrated wrist evaluation prwe was the primary outcome measure secondary outcomes included the quick version of the disability of the arm shoulder and hand score quickdash the euroqol 5dimensions score eq5d5l and complications during the study period 114 patients underwent this procedure the mean age was 28 years range 1762 and 97 patients 85 were male the median time from injury to surgery was nine days range 127 twelve patients 11 reported a complication all of whom required repeat surgical intervention six revision orif for nonunion five elective removal of hardware one early revision fixation due to screw impingement longterm outcome data was available for 77 patients 68 at mean followup of 114 years range 64198 the median prwe was 0 iqr 075 median quickdash 0 iqr 045 and median eq5d5l 10 iqr 083710 there were 97 n  74 patients satisfied with their outcome early percutaneous fixation of acute nondisplaced or minimally displaced scaphoid fractures results in good longterm patient reported outcomes and healthrelated quality of life although comparable with previous studies the overall surgical reintervention rate is notable and can result in inferior outcomes level of evidence therapeutic level iii retrospective cohort study,0,0.5405229
1477,healthrelated quality of life in patients with poststroke epilepsy,aged anticonvulsantsadministration  dosageadverse effects depressionepidemiology epilepsydiagnosisdrug therapyepidemiologypsychology fatigueepidemiology female germanyepidemiology humans male middle aged pain measurement quality of life seizuresdrug therapyetiology strokecomplicationsepidemiology stroke rehabilitation surveys and questionnaires antiepileptic drugs depression poststroke epilepsy quality of life side effects,background lesional epilepsy is an important longterm sequela of stroke data on healthrelated quality of life hrqol in patients with poststroke epilepsy are limited we investigated hrqol in patients with epilepsy after ischemic stroke and identified independent hrqoldeterminants methods and patients all patients with acute ischemic stroke who were permanent residents in the district marburgbiedenkopf hessia germany reference population 240000 inhabitants were recruited within 12months in the populationbased marburg stroke register marstreg followup visits were performed after 6 12 and 24months and patients who developed poststroke epilepsy were identified data on demographics antiepileptic drugs aeds stroke severity national institute of heath stroke scale nihss barthelindex modified rankin scale depression geriatric depression scale and hrqol eq5d and eq vas were collected a multiple regression analysis was performed to identify hrqoldeterminants results among the study participants n374 23 61 developed poststroke epilepsy the hrqol of patients with poststroke epilepsy was reduced in comparison with patients without seizures 24month followup euroqol visual analogue scale euroqolvas 553107 versus 642114 p003 seizure frequency depression and functional impairment barthelindex were identified as independent determinants of hrqol the adjustment of aeds between 6month and 24month followups resulted in decrease of seizure frequency by 40 and reduction of complications dizziness by 278 nausea by 522 fatigue by 842 conclusion lesional epilepsy is associated with decreased hrqol in patients with stroke we identified hrqoldeterminants which would improve the management of patients with poststroke epilepsy these determinants include proper adjustment of aeds with reduction of seizure frequency treatment of depression and focused rehabilitation programs for poststroke epilepsy,10.1016/j.yebeh.2017.12.037,healthrelated quality of life in patients with poststroke epilepsy [SEP] aged anticonvulsantsadministration  dosageadverse effects depressionepidemiology epilepsydiagnosisdrug therapyepidemiologypsychology fatigueepidemiology female germanyepidemiology humans male middle aged pain measurement quality of life seizuresdrug therapyetiology strokecomplicationsepidemiology stroke rehabilitation surveys and questionnaires antiepileptic drugs depression poststroke epilepsy quality of life side effects [SEP] background lesional epilepsy is an important longterm sequela of stroke data on healthrelated quality of life hrqol in patients with poststroke epilepsy are limited we investigated hrqol in patients with epilepsy after ischemic stroke and identified independent hrqoldeterminants methods and patients all patients with acute ischemic stroke who were permanent residents in the district marburgbiedenkopf hessia germany reference population 240000 inhabitants were recruited within 12months in the populationbased marburg stroke register marstreg followup visits were performed after 6 12 and 24months and patients who developed poststroke epilepsy were identified data on demographics antiepileptic drugs aeds stroke severity national institute of heath stroke scale nihss barthelindex modified rankin scale depression geriatric depression scale and hrqol eq5d and eq vas were collected a multiple regression analysis was performed to identify hrqoldeterminants results among the study participants n374 23 61 developed poststroke epilepsy the hrqol of patients with poststroke epilepsy was reduced in comparison with patients without seizures 24month followup euroqol visual analogue scale euroqolvas 553107 versus 642114 p003 seizure frequency depression and functional impairment barthelindex were identified as independent determinants of hrqol the adjustment of aeds between 6month and 24month followups resulted in decrease of seizure frequency by 40 and reduction of complications dizziness by 278 nausea by 522 fatigue by 842 conclusion lesional epilepsy is associated with decreased hrqol in patients with stroke we identified hrqoldeterminants which would improve the management of patients with poststroke epilepsy these determinants include proper adjustment of aeds with reduction of seizure frequency treatment of depression and focused rehabilitation programs for poststroke epilepsy,1,0.76660234
2889,mapping pedsql generic core scales to eq5d3l utility scores in transfusiondependent thalassemia patients,algorithms costbenefit analysis humans linear models quality of life surveys and questionnaires thalassemia eq5d3l mapping algorithm pedsql quality of life thalassemia utility scores,purpose to develop a mapping algorithm for generating eq5d3l utility scores from the pedsql generic core scales pedsql gcs in patients with transfusiondependent thalassemia tdt methods the algorithm was developed using data from 345 tdt patients spearmans rank correlation was used to evaluate the conceptual overlap between the instruments model specifications were chosen using a stepwise regression both direct and response mapping methods were attempted six mapping estimation methods ordinary least squares ols a logtransformed response using ols generalized linear model glm twopart model tpm tobit and multinomial logistic regression mlogit were tested to determine the root mean squared error rmse and mean absolute error mae other criterion used were accuracy of the predicted utility score proportions of absolute differences that was less than 003 and intraclass correlation coefficient an insample leaveoneout cross validation was conducted to test the generalizability of each model results the best performing model was specified with three out of the four pedsql gcs scalesthe physical emotional and social functioning score the best performing estimation method for direct mapping was a glm with a rmse of 01273 and mae of 01016 while the best estimation method for response mapping was the mlogit with a rmse of 01597 and mae of 00826 conclusion the mapping algorithm developed using the glm would facilitate the calculation of utility scores to inform economic evaluations for tdt patients when eq5d data is not available however caution should be exercised when using this algorithm in patients who have poor quality of life,10.1007/s10198-021-01287-z,mapping pedsql generic core scales to eq5d3l utility scores in transfusiondependent thalassemia patients [SEP] algorithms costbenefit analysis humans linear models quality of life surveys and questionnaires thalassemia eq5d3l mapping algorithm pedsql quality of life thalassemia utility scores [SEP] purpose to develop a mapping algorithm for generating eq5d3l utility scores from the pedsql generic core scales pedsql gcs in patients with transfusiondependent thalassemia tdt methods the algorithm was developed using data from 345 tdt patients spearmans rank correlation was used to evaluate the conceptual overlap between the instruments model specifications were chosen using a stepwise regression both direct and response mapping methods were attempted six mapping estimation methods ordinary least squares ols a logtransformed response using ols generalized linear model glm twopart model tpm tobit and multinomial logistic regression mlogit were tested to determine the root mean squared error rmse and mean absolute error mae other criterion used were accuracy of the predicted utility score proportions of absolute differences that was less than 003 and intraclass correlation coefficient an insample leaveoneout cross validation was conducted to test the generalizability of each model results the best performing model was specified with three out of the four pedsql gcs scalesthe physical emotional and social functioning score the best performing estimation method for direct mapping was a glm with a rmse of 01273 and mae of 01016 while the best estimation method for response mapping was the mlogit with a rmse of 01597 and mae of 00826 conclusion the mapping algorithm developed using the glm would facilitate the calculation of utility scores to inform economic evaluations for tdt patients when eq5d data is not available however caution should be exercised when using this algorithm in patients who have poor quality of life,1,0.62445974
10066,hispanic valuation of the eq5d health states a social value set for latin americans,adolescent adult aged crosscultural comparison crosssectional studies female health surveys hispanic or latino humans male middle aged quality of life united states young adult,objectives costeffectiveness analysis has been recommended by national health agencies worldwide in the united kingdom the national institute of health and clinical excellence supports the use of generic healthrelated quality of life instruments such as euroqol eq5d when qualityadjusted lifeyears are used to measure health benefits despite the urgent need for appropriate methodologies to improve the use of scarce resources in latin american countries little is known about how health is valued methods a national population survey was conducted in the united states in 2002 based on a sample of 1603 nonhispanic nonblacks and 1115 hispanics participants provided time tradeoff utilities for a subset of 42 eq5d health states hispanic respondents were grouped according to their language preferences spanish or english mean utilities were compared for each health state a randomeffects model was used to determine whether real population differences exist after adjusting for sociodemographic characteristics a population value set for all 243 eq5d health states was developed using only the data from spanishspeaking hispanics results mean valuations differed slightly between nonhispanic nonblacks and englishspeaking hispanics spanishspeaking hispanics however tended to give higher valuations than nonhispanic nonblacks p  005 corresponding to an average of 0034 point a regression model was developed for spanishspeaking hispanics with a mean absolute error of 0031 values estimated using this model show marked differences when compared with corresponding values estimated using the uk n3 and us d1 models conclusion the availability of a hispanic model for eq5d valuations represents a significant new option for decisionmakers providing a set of social preference weights for use in latin american countries that presently lack their own domestic value set,10.1111/j.1524-4733.2008.00349.x,hispanic valuation of the eq5d health states a social value set for latin americans [SEP] adolescent adult aged crosscultural comparison crosssectional studies female health surveys hispanic or latino humans male middle aged quality of life united states young adult [SEP] objectives costeffectiveness analysis has been recommended by national health agencies worldwide in the united kingdom the national institute of health and clinical excellence supports the use of generic healthrelated quality of life instruments such as euroqol eq5d when qualityadjusted lifeyears are used to measure health benefits despite the urgent need for appropriate methodologies to improve the use of scarce resources in latin american countries little is known about how health is valued methods a national population survey was conducted in the united states in 2002 based on a sample of 1603 nonhispanic nonblacks and 1115 hispanics participants provided time tradeoff utilities for a subset of 42 eq5d health states hispanic respondents were grouped according to their language preferences spanish or english mean utilities were compared for each health state a randomeffects model was used to determine whether real population differences exist after adjusting for sociodemographic characteristics a population value set for all 243 eq5d health states was developed using only the data from spanishspeaking hispanics results mean valuations differed slightly between nonhispanic nonblacks and englishspeaking hispanics spanishspeaking hispanics however tended to give higher valuations than nonhispanic nonblacks p  005 corresponding to an average of 0034 point a regression model was developed for spanishspeaking hispanics with a mean absolute error of 0031 values estimated using this model show marked differences when compared with corresponding values estimated using the uk n3 and us d1 models conclusion the availability of a hispanic model for eq5d valuations represents a significant new option for decisionmakers providing a set of social preference weights for use in latin american countries that presently lack their own domestic value set,1,0.6313629
9197,postintensive care unit psychiatric comorbidity and quality of life,comorbidity critical carepsychology female humans intensive care unitsstatistics  numerical data male mental disordersdiagnosistherapy middle aged patient discharge quality of life respiratory distress syndromecomplicationspsychology surveys and questionnaires,the prevalence of psychiatric symptoms ranges from 17 to 44 in intensive care unit icu survivors the relationship between the comorbidity of psychiatric symptoms and quality of life qol in icu survivors has not been carefully examined this study examined the relationship between psychiatric comorbidities and qol in 58 survivors of icu delirium patients completed 3 psychiatric screens at 3 months after discharge from the hospital including the patient health questionnaire9 phq9 for depression the generalized anxiety disorder7 gad7 questionnaire for anxiety and the posttraumatic stress syndrome ptss 10 questionnaire for posttraumatic stress disorder patients with 3 positive screens phq9  10 gad7  10 and ptss10  35 comprised the high psychiatric comorbidity group patients with 1 to 2 positive screens were labeled the low to moderate lowmoderate psychiatric comorbidity group patients with 3 negative screens were labeled the no psychiatric morbidity group thirtyone percent of patients met the criteria for high psychiatric comorbidity after adjusting for age gender charlson comorbidity index discharge status and prior history of depression and anxiety patients who had high psychiatric comorbidity were more likely to have a poorer qol compared with the lowmoderate comorbidity and no morbidity groups as measured by a lower euroqol 5 dimensions questionnaire 3level index no 069  025 lowmoderate 070  019 high 048  024 p  0017 future studies should confirm these findings and examine whether survivors of icu delirium with high psychiatric comorbidity have different treatment needs from survivors with lower psychiatric comorbidity,10.12788/jhm.2827,postintensive care unit psychiatric comorbidity and quality of life [SEP] comorbidity critical carepsychology female humans intensive care unitsstatistics  numerical data male mental disordersdiagnosistherapy middle aged patient discharge quality of life respiratory distress syndromecomplicationspsychology surveys and questionnaires [SEP] the prevalence of psychiatric symptoms ranges from 17 to 44 in intensive care unit icu survivors the relationship between the comorbidity of psychiatric symptoms and quality of life qol in icu survivors has not been carefully examined this study examined the relationship between psychiatric comorbidities and qol in 58 survivors of icu delirium patients completed 3 psychiatric screens at 3 months after discharge from the hospital including the patient health questionnaire9 phq9 for depression the generalized anxiety disorder7 gad7 questionnaire for anxiety and the posttraumatic stress syndrome ptss 10 questionnaire for posttraumatic stress disorder patients with 3 positive screens phq9  10 gad7  10 and ptss10  35 comprised the high psychiatric comorbidity group patients with 1 to 2 positive screens were labeled the low to moderate lowmoderate psychiatric comorbidity group patients with 3 negative screens were labeled the no psychiatric morbidity group thirtyone percent of patients met the criteria for high psychiatric comorbidity after adjusting for age gender charlson comorbidity index discharge status and prior history of depression and anxiety patients who had high psychiatric comorbidity were more likely to have a poorer qol compared with the lowmoderate comorbidity and no morbidity groups as measured by a lower euroqol 5 dimensions questionnaire 3level index no 069  025 lowmoderate 070  019 high 048  024 p  0017 future studies should confirm these findings and examine whether survivors of icu delirium with high psychiatric comorbidity have different treatment needs from survivors with lower psychiatric comorbidity,1,0.6242244
106,mapping utility scores from the heartqol questionnaire into the eq5d for ischemic heart disease,crosssectional studies health status humans myocardial ischemia quality of life surveys and questionnaires eq5d heartqol healthrelated quality of life mapping utility values,objective the heartqol is an ischemic heart disease ihd core questionnaire this study aimed to map the heartqol to the eq5d to provide the specific patients health status and utility using one instrument methods we conducted a crosssectional study investigating ihd patients in china using the chinese heartqol and eq5d data based on the total group were fitted by 2 linear regression models with the utility score derived from the eq5d as a dependent variable and the heartqol total and subscale physical and emotional scores as independent variables respectively the 2 models were compared via modeling fitting statistics results in total 406 ihd patients were enrolled in china the mean heartqol global score for the total group was 175 standard deviation sd  085 whereas the mean physical and emotional scores were 165 sd  091 and 199 sd  093 respectively the mean utility calculated by the eq5d for ihd patients was 066 sd  038 as compared with 095 sd  006 for healthy people from the linear regression model with total score the total score was a significant predictor for the eq5d utility with the equation as eq5d  0085  03294  total in the linear regression model with physical and mental scores both scores were significant predictors for the eq5d utility with an equation as eq5d  00671 02091  physical  01248  mental the fitting statistics suggest that the model using the heartqol total score is preferred conclusion as the first effort to map the heartqol to eq5d the linear relationship between these 2 instruments was explored and this could potentially be useful in future health technology assessment decision making and clinical practice,10.1016/j.vhri.2020.02.001,mapping utility scores from the heartqol questionnaire into the eq5d for ischemic heart disease [SEP] crosssectional studies health status humans myocardial ischemia quality of life surveys and questionnaires eq5d heartqol healthrelated quality of life mapping utility values [SEP] objective the heartqol is an ischemic heart disease ihd core questionnaire this study aimed to map the heartqol to the eq5d to provide the specific patients health status and utility using one instrument methods we conducted a crosssectional study investigating ihd patients in china using the chinese heartqol and eq5d data based on the total group were fitted by 2 linear regression models with the utility score derived from the eq5d as a dependent variable and the heartqol total and subscale physical and emotional scores as independent variables respectively the 2 models were compared via modeling fitting statistics results in total 406 ihd patients were enrolled in china the mean heartqol global score for the total group was 175 standard deviation sd  085 whereas the mean physical and emotional scores were 165 sd  091 and 199 sd  093 respectively the mean utility calculated by the eq5d for ihd patients was 066 sd  038 as compared with 095 sd  006 for healthy people from the linear regression model with total score the total score was a significant predictor for the eq5d utility with the equation as eq5d  0085  03294  total in the linear regression model with physical and mental scores both scores were significant predictors for the eq5d utility with an equation as eq5d  00671 02091  physical  01248  mental the fitting statistics suggest that the model using the heartqol total score is preferred conclusion as the first effort to map the heartqol to eq5d the linear relationship between these 2 instruments was explored and this could potentially be useful in future health technology assessment decision making and clinical practice,1,0.5991398
12618,researching healthrelated quality of life at a community level results from a population survey conducted in burgas bulgaria,adolescent adult aged aged 80 and over bulgaria crosssectional studies female health status humans male middle aged population surveillancemethods quality of life residence characteristicsstatistics  numerical data socioeconomic factors surveys and questionnaires young adult eastern europe community health promotion determinants of health quality of life,researching healthrelated quality of life hrqol at a community health promotion level is an approach to understand the health inequalities the objective of this study is to measure the health of a representative sample by conducting a population survey in burgas by using the euroqol eq5d3l questionnaire and further to assess the influence of socioeconomic demographic and behavioural factors on hrqol the relationship between hrqol and social capital is analysed through a networkbased approach the achieved ambition was to build the public health capacity of the key stakeholders in order to support decision making a crosssectional study was conducted in 2011 using a representative sample of the citizens of burgas n  1050 18 years old respondents were selected through the method of twostage random selection hrqol was assessed by the standardized eq5d3l questionnaire people without any problem in all five dimensions represent only 265 n  278 of the respondents whereas 522 n  548 reported a moderate problem in at least one dimension any extreme problem reported 116 n  122 of the respondents the mean state of health recorded on the visual analogue scale was 70 sd 23 there were differences in selfreported health based on the respondents age occupation education income smoking behaviour and membership in community groups people who have hobby and practice sports assessed their health status higher the results were communicated in a following delphistudy a consensus has been reached that the combination of routine measures of health with measurement of selfrated health could provide better understandings of the community health needs,10.1093/heapro/dav016,researching healthrelated quality of life at a community level results from a population survey conducted in burgas bulgaria [SEP] adolescent adult aged aged 80 and over bulgaria crosssectional studies female health status humans male middle aged population surveillancemethods quality of life residence characteristicsstatistics  numerical data socioeconomic factors surveys and questionnaires young adult eastern europe community health promotion determinants of health quality of life [SEP] researching healthrelated quality of life hrqol at a community health promotion level is an approach to understand the health inequalities the objective of this study is to measure the health of a representative sample by conducting a population survey in burgas by using the euroqol eq5d3l questionnaire and further to assess the influence of socioeconomic demographic and behavioural factors on hrqol the relationship between hrqol and social capital is analysed through a networkbased approach the achieved ambition was to build the public health capacity of the key stakeholders in order to support decision making a crosssectional study was conducted in 2011 using a representative sample of the citizens of burgas n  1050 18 years old respondents were selected through the method of twostage random selection hrqol was assessed by the standardized eq5d3l questionnaire people without any problem in all five dimensions represent only 265 n  278 of the respondents whereas 522 n  548 reported a moderate problem in at least one dimension any extreme problem reported 116 n  122 of the respondents the mean state of health recorded on the visual analogue scale was 70 sd 23 there were differences in selfreported health based on the respondents age occupation education income smoking behaviour and membership in community groups people who have hobby and practice sports assessed their health status higher the results were communicated in a following delphistudy a consensus has been reached that the combination of routine measures of health with measurement of selfrated health could provide better understandings of the community health needs,1,0.6078573
8379,a costeffectiveness analysis of firstline induction and maintenance treatment sequences in patients with advanced nonsquamous nonsmallcell lung cancer in france,france advanced nonsquamous nsclc costeffectiveness inductionmaintenance pemetrexed qualityadjusted lifeyears,background comparative effectiveness and costeffectiveness data for inductionmaintenance im sequences for the treatment of patients with nonsquamous nonsmallcell lung cancer nsqnsclc are limited because of a lack of direct evidence this analysis aimed to compare the costeffectiveness of im pemetrexed with those of other im regimens used for the treatment of patients with advanced nsqnsclc in the french healthcare setting materials and methods a previously developed global partitioned survival model was adapted to the franceonly setting by restricting treatment sequences to include 12 im regimens most relevant to france and incorporating french costs and resourceuse data following a systematic literature review network metaanalyses were performed to obtain hazard ratios for progressionfree survival pfs and overall survival os relative to gemcitabine  cisplatin induction sequences or best supportive care bsc maintenance sequences modeled healthcare benefits were expressed as lifeyears lys and qualityadjusted lys qalys estimated using french euroqol fivedimension questionnaire tariffs the study was conducted from the payer perspective national health insurance cost and benefitmodel inputs were discounted at an annual rate of 4 results basecase results showed pemetrexed  cisplatin induction followed by  pemetrexed maintenance had the longest mean os and pfs and highest lys and qalys costs ranged from 12762 for paclitaxel  carboplatin  bsc to 35617 for pemetrexed  cisplatin  pemetrexed 2015 values gemcitabine  cisplatin  bsc pemetrexed  cisplatin  bsc and pemetrexed  cisplatin  pemetrexed were associated with fully incremental costeffectiveness ratios icers of 16593 80656 and 102179 respectively per qaly gained versus paclitaxel  carboplatin  bsc all other treatment sequences were either dominated ie another sequence had lower costs and betterequivalent outcomes or extendedly dominated ie the comparator had a higher icer than a more effective comparator in the model sensitivity analyses showed the model to be relatively insensitive to plausible changes in the main assumptions with none increasing or decreasing the icer by more than 20000 per qaly gained conclusion in the absence of direct comparative trial evidence this costeffectiveness analysis indicated that of a large number of im sequences used for the treatment of patients with nsqnsclc in france pemetrexed  cisplatin  pemetrexed achieved the best clinical outcomes 028 incremental qalys gained versus paclitaxel  carboplatin  bsc,10.2147/CEOR.S128371,a costeffectiveness analysis of firstline induction and maintenance treatment sequences in patients with advanced nonsquamous nonsmallcell lung cancer in france [SEP] france advanced nonsquamous nsclc costeffectiveness inductionmaintenance pemetrexed qualityadjusted lifeyears [SEP] background comparative effectiveness and costeffectiveness data for inductionmaintenance im sequences for the treatment of patients with nonsquamous nonsmallcell lung cancer nsqnsclc are limited because of a lack of direct evidence this analysis aimed to compare the costeffectiveness of im pemetrexed with those of other im regimens used for the treatment of patients with advanced nsqnsclc in the french healthcare setting materials and methods a previously developed global partitioned survival model was adapted to the franceonly setting by restricting treatment sequences to include 12 im regimens most relevant to france and incorporating french costs and resourceuse data following a systematic literature review network metaanalyses were performed to obtain hazard ratios for progressionfree survival pfs and overall survival os relative to gemcitabine  cisplatin induction sequences or best supportive care bsc maintenance sequences modeled healthcare benefits were expressed as lifeyears lys and qualityadjusted lys qalys estimated using french euroqol fivedimension questionnaire tariffs the study was conducted from the payer perspective national health insurance cost and benefitmodel inputs were discounted at an annual rate of 4 results basecase results showed pemetrexed  cisplatin induction followed by  pemetrexed maintenance had the longest mean os and pfs and highest lys and qalys costs ranged from 12762 for paclitaxel  carboplatin  bsc to 35617 for pemetrexed  cisplatin  pemetrexed 2015 values gemcitabine  cisplatin  bsc pemetrexed  cisplatin  bsc and pemetrexed  cisplatin  pemetrexed were associated with fully incremental costeffectiveness ratios icers of 16593 80656 and 102179 respectively per qaly gained versus paclitaxel  carboplatin  bsc all other treatment sequences were either dominated ie another sequence had lower costs and betterequivalent outcomes or extendedly dominated ie the comparator had a higher icer than a more effective comparator in the model sensitivity analyses showed the model to be relatively insensitive to plausible changes in the main assumptions with none increasing or decreasing the icer by more than 20000 per qaly gained conclusion in the absence of direct comparative trial evidence this costeffectiveness analysis indicated that of a large number of im sequences used for the treatment of patients with nsqnsclc in france pemetrexed  cisplatin  pemetrexed achieved the best clinical outcomes 028 incremental qalys gained versus paclitaxel  carboplatin  bsc,1,0.69136614
1616,quality of life after girdlestone resection arthroplasty,artroplastia cadera infectada calidad de vida girdlestone infected hip arthroplasty outcomes quality of life resultados,main aim to know the result of the girdlestone resection arthroplasty in the treatment of the infected hip arthroplasty secondary aims to analyze the effectiveness in the control of pain and infection the functional outcome and to contrast factors correlated with the final result patients and methods case series with a total of 17 patients the control of the infection was assessed according to the presence or absence of sinus and the clinical status using euroqol 5d scale residual pain and limb length discrepancy outcomes the most common infecting germ at the time of removal of the arthroplasty was staphylococcus cn and one patient presented infection by candida albicans in 2 patients the draining sinus persisted the residual dysmetria was 524cm in the eq5d scale the most affected dimensions were mobility need for help for selfcare and ability to carry out activities of daily life 8 patients maintained pain levels worse than 4 in the vas the variables of dysmetria were correlated inversely with health index 054 and selfperceived general health status 045 conclusions the girdlestone resection arthroplasty is an alternative in the treatment of the infected hip arthroplasty patient perception is inversely corelated to residual dysmetria the dysmetria is greater in women and in ages over 65 years,10.1016/j.recot.2020.07.001,quality of life after girdlestone resection arthroplasty [SEP] artroplastia cadera infectada calidad de vida girdlestone infected hip arthroplasty outcomes quality of life resultados [SEP] main aim to know the result of the girdlestone resection arthroplasty in the treatment of the infected hip arthroplasty secondary aims to analyze the effectiveness in the control of pain and infection the functional outcome and to contrast factors correlated with the final result patients and methods case series with a total of 17 patients the control of the infection was assessed according to the presence or absence of sinus and the clinical status using euroqol 5d scale residual pain and limb length discrepancy outcomes the most common infecting germ at the time of removal of the arthroplasty was staphylococcus cn and one patient presented infection by candida albicans in 2 patients the draining sinus persisted the residual dysmetria was 524cm in the eq5d scale the most affected dimensions were mobility need for help for selfcare and ability to carry out activities of daily life 8 patients maintained pain levels worse than 4 in the vas the variables of dysmetria were correlated inversely with health index 054 and selfperceived general health status 045 conclusions the girdlestone resection arthroplasty is an alternative in the treatment of the infected hip arthroplasty patient perception is inversely corelated to residual dysmetria the dysmetria is greater in women and in ages over 65 years,1,0.6103911
773,threeyear results of the sonata pivotal trial of transcervical fibroid ablation for symptomatic uterine myomata,sonata tfa leiomyoma radiofrequency ablation transcervical fibroid ablation uterine fibroid,objective this article reports on 3year clinical outcomes of the sonography guided transcervical ablation of uterine fibroids sonata pivotal trial of transcervical fibroid ablation tfa in women with symptomatic uterine myomata materials and methods the sonata prospective controlled multicenter interventional trial enrolled 147 premenopausal women with symptomatic uterine fibroids who underwent uteruspreserving sonographyguided tfa with the sonata system gynesonics inc redwood city ca usa clinical outcomes were assessed over 3 years and included surgical reinterventions symptom severity score sss and healthrelated quality of life hrqol subscales of the uterine fibroid symptom and qualityoflife questionnaire euroqol 5dimension eq5d questionnaire overall treatment effect treatment satisfaction physical activity work impairment pregnancy outcomes and adverse events results the 3year rates of surgical reintervention for heavy menstrual bleeding calculated by the binomial and kaplanmeier methods were 92 and 82 respectively compared to baseline mean sss decreased from 55  19 to 22  21 hrqol increased from 40  21 to 83  23 and eq5d increased from 072  021 to 088  016 all p  0001 treatment benefit on the sss hrqol and eq5q exceeded the minimal clinically important difference at every followup visit over 3 years at 3 years 94 of the subjects reported treatment satisfaction 88 reported reduced fibroid symptoms work absenteeism due to fibroid symptoms decreased from 29 to 14 and impairment due to fibroids decreased from 51 to 12 for work and 58 to 14 for physical activity all p  0001 no late complications occurred conclusions women treated with sonographyguided tfa in the sonata pivotal trial experienced significant and durable reduction of fibroidrelated symptoms with low surgical reintervention rates over 3 years of followup,10.1089/gyn.2020.0021,threeyear results of the sonata pivotal trial of transcervical fibroid ablation for symptomatic uterine myomata [SEP] sonata tfa leiomyoma radiofrequency ablation transcervical fibroid ablation uterine fibroid [SEP] objective this article reports on 3year clinical outcomes of the sonography guided transcervical ablation of uterine fibroids sonata pivotal trial of transcervical fibroid ablation tfa in women with symptomatic uterine myomata materials and methods the sonata prospective controlled multicenter interventional trial enrolled 147 premenopausal women with symptomatic uterine fibroids who underwent uteruspreserving sonographyguided tfa with the sonata system gynesonics inc redwood city ca usa clinical outcomes were assessed over 3 years and included surgical reinterventions symptom severity score sss and healthrelated quality of life hrqol subscales of the uterine fibroid symptom and qualityoflife questionnaire euroqol 5dimension eq5d questionnaire overall treatment effect treatment satisfaction physical activity work impairment pregnancy outcomes and adverse events results the 3year rates of surgical reintervention for heavy menstrual bleeding calculated by the binomial and kaplanmeier methods were 92 and 82 respectively compared to baseline mean sss decreased from 55  19 to 22  21 hrqol increased from 40  21 to 83  23 and eq5d increased from 072  021 to 088  016 all p  0001 treatment benefit on the sss hrqol and eq5q exceeded the minimal clinically important difference at every followup visit over 3 years at 3 years 94 of the subjects reported treatment satisfaction 88 reported reduced fibroid symptoms work absenteeism due to fibroid symptoms decreased from 29 to 14 and impairment due to fibroids decreased from 51 to 12 for work and 58 to 14 for physical activity all p  0001 no late complications occurred conclusions women treated with sonographyguided tfa in the sonata pivotal trial experienced significant and durable reduction of fibroidrelated symptoms with low surgical reintervention rates over 3 years of followup,1,0.53718895
3399,the associations between psychological distress and healthrelated quality of life in patients with noncardiac chest pain,adult anxietypsychology cardiovascular diseasespsychology casecontrol studies chest painpsychology depressionpsychology female humans male middle aged psychological distress quality of life surveys and questionnaires sweden cardiac disease eq5d5 l hrqol noncardiac chest pain psychological distress,background recurrent chest pain episodes with no clear explanation may affect patients psychological wellbeing and healthrelated quality of life hrqol negatively despite the fact that a significant amount of patients with noncardiac chest pain nccp might have a history of cardiac disease cd there is today a lack of knowledge on how cd influences the association between psychological wellbeing and hrqol in patients with nccp therefore the aim of this study is to describe hrqol in patients with nccp with or without history of cd and to explore the association between hrqol and cardiac anxiety depressive symptoms fear of body sensations and somatization methods five hundred fiftytwo patients discharged with nccp from four hospitals in southeast sweden completed the eq5d cardiac anxiety questionnaire patient health questionnaire9 body sensations questionnaire and patient health questionnaire15 results fifty precent reported at least moderate problems regarding paindiscomfort and 25 reported at least moderate problems in the hrqol dimensions mobility usual activities and anxietydepression patients with nccp and history of cd reported significantly lower hrqol p  005 compared to patients with nccp without cd in the total study population cardiac anxiety depressive symptoms and somatization had weak significant negative associations beta  01870284 p  0001 with hrqol in patients with history of cd the association between depressive symptoms and hrqol was moderate beta   0339 p  0001 compared to weak association in patients without cd beta   0193 p  0001 on the other hand the association between cardiac anxiety and hrqol was weak in both patients with history of cd beta   0156 p  005 and in those without beta   0229 p  0001 conclusions patients with nccp in particular those with history of cd reported low levels of hrqol which was associated with psychological distress this should be considered when developing psychological interventions aiming to improve hrqol in patients with nccp,10.1186/s12955-020-01297-0,the associations between psychological distress and healthrelated quality of life in patients with noncardiac chest pain [SEP] adult anxietypsychology cardiovascular diseasespsychology casecontrol studies chest painpsychology depressionpsychology female humans male middle aged psychological distress quality of life surveys and questionnaires sweden cardiac disease eq5d5 l hrqol noncardiac chest pain psychological distress [SEP] background recurrent chest pain episodes with no clear explanation may affect patients psychological wellbeing and healthrelated quality of life hrqol negatively despite the fact that a significant amount of patients with noncardiac chest pain nccp might have a history of cardiac disease cd there is today a lack of knowledge on how cd influences the association between psychological wellbeing and hrqol in patients with nccp therefore the aim of this study is to describe hrqol in patients with nccp with or without history of cd and to explore the association between hrqol and cardiac anxiety depressive symptoms fear of body sensations and somatization methods five hundred fiftytwo patients discharged with nccp from four hospitals in southeast sweden completed the eq5d cardiac anxiety questionnaire patient health questionnaire9 body sensations questionnaire and patient health questionnaire15 results fifty precent reported at least moderate problems regarding paindiscomfort and 25 reported at least moderate problems in the hrqol dimensions mobility usual activities and anxietydepression patients with nccp and history of cd reported significantly lower hrqol p  005 compared to patients with nccp without cd in the total study population cardiac anxiety depressive symptoms and somatization had weak significant negative associations beta  01870284 p  0001 with hrqol in patients with history of cd the association between depressive symptoms and hrqol was moderate beta   0339 p  0001 compared to weak association in patients without cd beta   0193 p  0001 on the other hand the association between cardiac anxiety and hrqol was weak in both patients with history of cd beta   0156 p  005 and in those without beta   0229 p  0001 conclusions patients with nccp in particular those with history of cd reported low levels of hrqol which was associated with psychological distress this should be considered when developing psychological interventions aiming to improve hrqol in patients with nccp,1,0.6614963
15239,rimonabant improves obesity but not the overall cardiovascular risk and quality of life results from cardioreduse cardiometabolic risk reduction by rimonabant the effectiveness in daily practice and its use,adolescent adult aged antiobesity agentsadverse effectstherapeutic use cardiovascular diseasesetiologyprevention  control counseling doubleblind method female humans male middle aged obesitydrug therapy outcome assessment health care piperidinesadverse effectstherapeutic use primary health care pyrazolesadverse effectstherapeutic use quality of life rimonabant risk reduction behavior safetybased drug withdrawals united kingdom waist circumferencedrug effects young adult,background rimonabant treatment examined in phase 3 trials showed improvement of cardiovascular risk factors in obese patients objective the objective of this phase 4 trial is to assess the effectiveness of rimonabant plus lifestyle counselling when used in daily practice namely in the general practice the hypothesis was that the effectiveness in phase 4 would be smaller than the efficacy in phase 3 due to different patient selection and treatment conditions at the end of this trial rimonabant was suspended of all markets due to psychiatric side effects methods this trial randomly assigned 222 patients with enlarged waist circumferences and hyperglycaemia or diabetes mellitus type 2 recruited from dutch general practices to doubleblinded therapy with either placebo or rimonabant 20 mgday for 1 year in addition to lifestyle counselling results compared with placebo the rimonabant group showed significant improvements in body weight body mass index highdensity lipoprotein hdl cholesterol and the main outcome waist circumference after 1 year the united kingdom prospective diabetes study risk calculation showed no significant difference the rimonabant group showed statistically deterioration compared with the placebo group in the quality of life in the euroqol and two domains of the sf36 role limitations due to physical health problems and bodily pain conclusions the unique real life data of this phase 4 trial showed that the effectiveness of rimonabant in daily practice is indeed lower than in controlled circumstances phase 3 rimonabant treatment showed improvement of obesity and the hdl cholesterol but had no positive effect on the other cardiovascular risk factors and the quality of life,10.1093/fampra/cms013,rimonabant improves obesity but not the overall cardiovascular risk and quality of life results from cardioreduse cardiometabolic risk reduction by rimonabant the effectiveness in daily practice and its use [SEP] adolescent adult aged antiobesity agentsadverse effectstherapeutic use cardiovascular diseasesetiologyprevention  control counseling doubleblind method female humans male middle aged obesitydrug therapy outcome assessment health care piperidinesadverse effectstherapeutic use primary health care pyrazolesadverse effectstherapeutic use quality of life rimonabant risk reduction behavior safetybased drug withdrawals united kingdom waist circumferencedrug effects young adult [SEP] background rimonabant treatment examined in phase 3 trials showed improvement of cardiovascular risk factors in obese patients objective the objective of this phase 4 trial is to assess the effectiveness of rimonabant plus lifestyle counselling when used in daily practice namely in the general practice the hypothesis was that the effectiveness in phase 4 would be smaller than the efficacy in phase 3 due to different patient selection and treatment conditions at the end of this trial rimonabant was suspended of all markets due to psychiatric side effects methods this trial randomly assigned 222 patients with enlarged waist circumferences and hyperglycaemia or diabetes mellitus type 2 recruited from dutch general practices to doubleblinded therapy with either placebo or rimonabant 20 mgday for 1 year in addition to lifestyle counselling results compared with placebo the rimonabant group showed significant improvements in body weight body mass index highdensity lipoprotein hdl cholesterol and the main outcome waist circumference after 1 year the united kingdom prospective diabetes study risk calculation showed no significant difference the rimonabant group showed statistically deterioration compared with the placebo group in the quality of life in the euroqol and two domains of the sf36 role limitations due to physical health problems and bodily pain conclusions the unique real life data of this phase 4 trial showed that the effectiveness of rimonabant in daily practice is indeed lower than in controlled circumstances phase 3 rimonabant treatment showed improvement of obesity and the hdl cholesterol but had no positive effect on the other cardiovascular risk factors and the quality of life,1,0.5561801
4855,quality of life study for caregivers of people with uncontrolled focalonset seizures,adult caregivers humans male mental health quality of life seizures surveys and questionnaires carerqol7d e e2 e24 eq5d5l h h5 h51 quality of life wpai caregiver epilepsy,aim the aim of this study was to capture and measure the impact of caregiving for an adult with uncontrolled drugresistant focalonset seizures fos on the caregivers quality of life qol and to quantify the costs of productivity losses associated with providing informal care in this patient population methods an online survey which included the eq5d5l carerqol7d and the work productivity and activity impairment specifichealth problem wpaishp questionnaires was administered to caregivers of individuals with uncontrolled drugresistant fos in the united kingdom uk france spain germany italy and sweden results the study included 345 caregivers most were males aged between 25 and 34 years old whose caring responsibilities took between 15 and 24 h per week the caregivers mean eq5d5l score was 06 with 95 confidence intervals ci of 058 063 whilst the mean carerqol7d score was 7261 7046 7476 caregivers mental health was the most substantially affected aspect of their qol in addition most caregivers reported deriving some or a lot of fulfilment out of their caregiving tasks the wpaishp showed that the mean percentage of work impairment due to caregiving responsibilities was 63 5975 6626 the mean annualised costs of productivity losses per caregiver were estimated at 14872 11908 17888 limitations one limitation consisted in the use of an online survey instead of a facetoface interview however the medical terms were clearly explained and examples were provided to help participants to give accurate responses another limitation was that the respondents selfreported as caregivers efforts were made to mitigate this weakness by using screener questions conclusion this study found that providing informal care for people with uncontrolled drugresistant fos had a negative impact on caregivers qol with mental health being affected the most however caregivers found their role fulfilling and had support with their caring tasks,10.1080/13696998.2021.2018871,quality of life study for caregivers of people with uncontrolled focalonset seizures [SEP] adult caregivers humans male mental health quality of life seizures surveys and questionnaires carerqol7d e e2 e24 eq5d5l h h5 h51 quality of life wpai caregiver epilepsy [SEP] aim the aim of this study was to capture and measure the impact of caregiving for an adult with uncontrolled drugresistant focalonset seizures fos on the caregivers quality of life qol and to quantify the costs of productivity losses associated with providing informal care in this patient population methods an online survey which included the eq5d5l carerqol7d and the work productivity and activity impairment specifichealth problem wpaishp questionnaires was administered to caregivers of individuals with uncontrolled drugresistant fos in the united kingdom uk france spain germany italy and sweden results the study included 345 caregivers most were males aged between 25 and 34 years old whose caring responsibilities took between 15 and 24 h per week the caregivers mean eq5d5l score was 06 with 95 confidence intervals ci of 058 063 whilst the mean carerqol7d score was 7261 7046 7476 caregivers mental health was the most substantially affected aspect of their qol in addition most caregivers reported deriving some or a lot of fulfilment out of their caregiving tasks the wpaishp showed that the mean percentage of work impairment due to caregiving responsibilities was 63 5975 6626 the mean annualised costs of productivity losses per caregiver were estimated at 14872 11908 17888 limitations one limitation consisted in the use of an online survey instead of a facetoface interview however the medical terms were clearly explained and examples were provided to help participants to give accurate responses another limitation was that the respondents selfreported as caregivers efforts were made to mitigate this weakness by using screener questions conclusion this study found that providing informal care for people with uncontrolled drugresistant fos had a negative impact on caregivers qol with mental health being affected the most however caregivers found their role fulfilling and had support with their caring tasks,1,0.6237052
10570,healthrelated quality of life in chronic obstructive pulmonary disease patients in korea,aged aged 80 and over humans male middle aged pulmonary disease chronic obstructivepsychology quality of lifepsychology republic of korea severity of illness index surveys and questionnaires visual analog scale,background there are few publications on quality measurement of copd health state according to the severity level using eq5d in korea the present study aimed to evaluate the healthrelated quality of life hrqol in patients with chronic obstructive pulmonary disease copd in terms of disease severity in korea methods totally two hundred patients with copd were consecutively recruited in one tertiary hospital of korea each respondent was asked to fill out the questionnaire through a facetoface interview after providing informed consent the questionnaire included general and clinical characteristics as well as the eq5d and clinical copd questionnaire ccq hrqol was evaluated according to the global initiative for chronic obstructive lung disease gold criteria and severity of breathlessness results the adjusted mean eq5d index scores were 083 088 081 and 060 in stage i ii iii and iv respectively the eq5d index tended to decrease with gold criteria the adjusted mean eqvisual analog scale vas scores ranged from 651 in stage iv to 739 in stage i the ccq total scores deteriorated with an increasing gold stage and severity of breathlessness all p  0001 the correlation between ccq total score and eq5d index was 069 conclusions our study shows that hrqol in copd measured by eq5d and ccq worsens with the gold stage and severity of breathlessness eq5d and ccq could be useful instruments for an evaluation of hrqol in copd patients in korea,10.1186/1477-7525-12-57,healthrelated quality of life in chronic obstructive pulmonary disease patients in korea [SEP] aged aged 80 and over humans male middle aged pulmonary disease chronic obstructivepsychology quality of lifepsychology republic of korea severity of illness index surveys and questionnaires visual analog scale [SEP] background there are few publications on quality measurement of copd health state according to the severity level using eq5d in korea the present study aimed to evaluate the healthrelated quality of life hrqol in patients with chronic obstructive pulmonary disease copd in terms of disease severity in korea methods totally two hundred patients with copd were consecutively recruited in one tertiary hospital of korea each respondent was asked to fill out the questionnaire through a facetoface interview after providing informed consent the questionnaire included general and clinical characteristics as well as the eq5d and clinical copd questionnaire ccq hrqol was evaluated according to the global initiative for chronic obstructive lung disease gold criteria and severity of breathlessness results the adjusted mean eq5d index scores were 083 088 081 and 060 in stage i ii iii and iv respectively the eq5d index tended to decrease with gold criteria the adjusted mean eqvisual analog scale vas scores ranged from 651 in stage iv to 739 in stage i the ccq total scores deteriorated with an increasing gold stage and severity of breathlessness all p  0001 the correlation between ccq total score and eq5d index was 069 conclusions our study shows that hrqol in copd measured by eq5d and ccq worsens with the gold stage and severity of breathlessness eq5d and ccq could be useful instruments for an evaluation of hrqol in copd patients in korea,1,0.57981306
10728,predicting eq5d utility scores from the seattle angina questionnaire in coronary artery disease a mapping algorithm using a bayesian framework,alberta algorithms angina pectorisdiagnosispathologypsychology bayes theorem confidence intervals coronary artery diseasediagnosispathologypsychology health status indicators humans linear models prognosis psychometrics quality of lifepsychology reproducibility of results surveys and questionnaires,background the seattle angina questionnaire saq a descriptive quality of life instrument is often used in coronary artery disease studies in its current form however it cannot be used in economic evaluations the investigators sought to create a mapping algorithm that would allow translation of saq scores into eq5d utility scores methods data from the alberta provincial project for outcome assessment in coronary heart disease approach database were used to examine the relationship between scores in each of the 5 domains of the saq physical limitation anginal stability anginal frequency treatment satisfaction and disease perception and the eq5d utility score the cohort was divided into 80 derivation and 20 validation sets mapping algorithms were developed using simple linear regression and tobit models to account for the skewed distribution of the eq5d scores and the presence of heteroscedasticity bayesian extensions were applied to each model by specifying a nonconstant variance for the error term model performance was assessed by comparing predicted and observed mean eq5d scores in the validation set and the unadjusted r2 results the cohort consisted of 1992 patients the simple linear regression model had the best predictive performance with an r2 of 038 the nonconstant variance term did not improve overall performance for any of the models the linear regression model accurately estimated the mean eq5d score in the validation set predicted score 081 v observed score 081 conclusions mean eq5d utility weights can be accurately estimated from the saq using a simple linear regression mapping algorithm,10.1177/0272989X10386800,predicting eq5d utility scores from the seattle angina questionnaire in coronary artery disease a mapping algorithm using a bayesian framework [SEP] alberta algorithms angina pectorisdiagnosispathologypsychology bayes theorem confidence intervals coronary artery diseasediagnosispathologypsychology health status indicators humans linear models prognosis psychometrics quality of lifepsychology reproducibility of results surveys and questionnaires [SEP] background the seattle angina questionnaire saq a descriptive quality of life instrument is often used in coronary artery disease studies in its current form however it cannot be used in economic evaluations the investigators sought to create a mapping algorithm that would allow translation of saq scores into eq5d utility scores methods data from the alberta provincial project for outcome assessment in coronary heart disease approach database were used to examine the relationship between scores in each of the 5 domains of the saq physical limitation anginal stability anginal frequency treatment satisfaction and disease perception and the eq5d utility score the cohort was divided into 80 derivation and 20 validation sets mapping algorithms were developed using simple linear regression and tobit models to account for the skewed distribution of the eq5d scores and the presence of heteroscedasticity bayesian extensions were applied to each model by specifying a nonconstant variance for the error term model performance was assessed by comparing predicted and observed mean eq5d scores in the validation set and the unadjusted r2 results the cohort consisted of 1992 patients the simple linear regression model had the best predictive performance with an r2 of 038 the nonconstant variance term did not improve overall performance for any of the models the linear regression model accurately estimated the mean eq5d score in the validation set predicted score 081 v observed score 081 conclusions mean eq5d utility weights can be accurately estimated from the saq using a simple linear regression mapping algorithm,1,0.5394602
11716,assessment of childrens own health status using visual analogue scale and descriptive system of the eq5dy linkage between two systems,alberta child female health status health surveysmethods humans linear models male quality of life regression analysis self report visual analog scale,objectives the objective of the study is to derive a scoring system for the eq5d childfriendly version eq5dy from a populationbased sample of children based on their own health state assessments on the descriptive system and the visual analogue scale vas methods we used data from the 2008 and 2010 raising healthy eating and active living kids in alberta surveys of grade five students aged primarily 1011 years and their parents in the canadian province of alberta we applied a random split sample approach twothirds of the sample modeling sample was used for the estimation of the eq5dy vas the remaining onethird sample validation sample was used for the examination of the prediction accuracy of the estimation model multilevel linear regression was used to estimate eq5dy vas score and produce eq5dy index values from the childrens selfrated states described in the eq5dy and the accompanying vas values results the mean eq5dy vasbased index value was 0891 sd 0133 in the modeling sample and 0885 sd 0134 in the validation sample the own vasbased index generally showed logical consistency with lower values for health states that were logically worse there was no statistically significant difference between the observed and the predicted vas values in this sample conclusions this study elicited a value set for health states defined by the eq5dy that is based on respondents own vas ratings from a large representative sample of canadian children future study is needed to validate this type of value set among different age groups of children,10.1007/s11136-013-0479-5,assessment of childrens own health status using visual analogue scale and descriptive system of the eq5dy linkage between two systems [SEP] alberta child female health status health surveysmethods humans linear models male quality of life regression analysis self report visual analog scale [SEP] objectives the objective of the study is to derive a scoring system for the eq5d childfriendly version eq5dy from a populationbased sample of children based on their own health state assessments on the descriptive system and the visual analogue scale vas methods we used data from the 2008 and 2010 raising healthy eating and active living kids in alberta surveys of grade five students aged primarily 1011 years and their parents in the canadian province of alberta we applied a random split sample approach twothirds of the sample modeling sample was used for the estimation of the eq5dy vas the remaining onethird sample validation sample was used for the examination of the prediction accuracy of the estimation model multilevel linear regression was used to estimate eq5dy vas score and produce eq5dy index values from the childrens selfrated states described in the eq5dy and the accompanying vas values results the mean eq5dy vasbased index value was 0891 sd 0133 in the modeling sample and 0885 sd 0134 in the validation sample the own vasbased index generally showed logical consistency with lower values for health states that were logically worse there was no statistically significant difference between the observed and the predicted vas values in this sample conclusions this study elicited a value set for health states defined by the eq5dy that is based on respondents own vas ratings from a large representative sample of canadian children future study is needed to validate this type of value set among different age groups of children,1,0.6705954
9849,eq5d for the assessment of healthrelated quality of life and resource allocation in children a systematic methodological review,adolescent adult age factors child decision making humans outcome assessment health caremethods psychometrics quality of life reproducibility of results resource allocationorganization  administration surveys and questionnaires young adult,objectives eq5d is widely used in studies with adults as a source of generic healthrelated quality of life information and utility weights to inform resource allocation decisions this methodological systematic review describes the extent to which eq5d has been used in the evaluation of childrens health care assesses psychometric properties and makes recommendations for future good practice methods systematic searches of databases and the internet to identify studies published during 20002010 that either used eq5d with children younger than age 19 years as an outcome measure or reported psychometric data study characteristics including measures and psychometric data were extracted into tables for analysis results we identified 29 studies that used four versions of the eq5d adult eq5d eq5dy dutch eq5d child and extended with cognitive dimension eq5dc twelve of 29 studies did not specify the eq5d version used existing literature lacks detail on the specific use of eq5d and its potential effects on findings version use and psychometric properties were inadequately reported there are large gaps in current knowledge of psychometric properties across all versions when used with children conclusions for reasons of comparability with resource use across adult and childrens services there are arguments for continued use of eq5d in studies with children we recommend use of eq5d alongside childrenspecific quality of life measures and diseasespecific measures researchers are encouraged to undertake methodological and philosophical analyses to better understand and improve evidence as to how adults who make decisions about resource allocation can best take account of children in decision making,10.1016/j.jval.2011.07.011,eq5d for the assessment of healthrelated quality of life and resource allocation in children a systematic methodological review [SEP] adolescent adult age factors child decision making humans outcome assessment health caremethods psychometrics quality of life reproducibility of results resource allocationorganization  administration surveys and questionnaires young adult [SEP] objectives eq5d is widely used in studies with adults as a source of generic healthrelated quality of life information and utility weights to inform resource allocation decisions this methodological systematic review describes the extent to which eq5d has been used in the evaluation of childrens health care assesses psychometric properties and makes recommendations for future good practice methods systematic searches of databases and the internet to identify studies published during 20002010 that either used eq5d with children younger than age 19 years as an outcome measure or reported psychometric data study characteristics including measures and psychometric data were extracted into tables for analysis results we identified 29 studies that used four versions of the eq5d adult eq5d eq5dy dutch eq5d child and extended with cognitive dimension eq5dc twelve of 29 studies did not specify the eq5d version used existing literature lacks detail on the specific use of eq5d and its potential effects on findings version use and psychometric properties were inadequately reported there are large gaps in current knowledge of psychometric properties across all versions when used with children conclusions for reasons of comparability with resource use across adult and childrens services there are arguments for continued use of eq5d in studies with children we recommend use of eq5d alongside childrenspecific quality of life measures and diseasespecific measures researchers are encouraged to undertake methodological and philosophical analyses to better understand and improve evidence as to how adults who make decisions about resource allocation can best take account of children in decision making,1,0.5053703
12518,the role of utilities in economic evaluations of healthcare interventionsan introduction,arthritis psoriaticeconomicsrehabilitation arthritis rheumatoideconomicsrehabilitation cost of illness costbenefit analysisstatistics  numerical data germany humans national health programseconomics qualityadjusted life years sickness impact profile surveys and questionnaires,assessment of strength of preference values utilities for patients own health or disease states from a societal perspective is an essential element to economic evaluations of healthcare interventions this review provides an overview of the different methods used to directly elicit strength of preference values the standard gamble time tradeoff and rating scale methods methods used to derive utilities for patients health states indirectly and from a societal perspective are described three commonly used questionnaires health utilities index 3 eq5d and sf6d are briefly commented upon we also discuss the usefulness of utilities and advantages and disadvantages to be considered when choosing direct or indirect utility elicitation methods,10.1007/s00393-004-0658-4,the role of utilities in economic evaluations of healthcare interventionsan introduction [SEP] arthritis psoriaticeconomicsrehabilitation arthritis rheumatoideconomicsrehabilitation cost of illness costbenefit analysisstatistics  numerical data germany humans national health programseconomics qualityadjusted life years sickness impact profile surveys and questionnaires [SEP] assessment of strength of preference values utilities for patients own health or disease states from a societal perspective is an essential element to economic evaluations of healthcare interventions this review provides an overview of the different methods used to directly elicit strength of preference values the standard gamble time tradeoff and rating scale methods methods used to derive utilities for patients health states indirectly and from a societal perspective are described three commonly used questionnaires health utilities index 3 eq5d and sf6d are briefly commented upon we also discuss the usefulness of utilities and advantages and disadvantages to be considered when choosing direct or indirect utility elicitation methods,1,0.60221106
5219,does preventionfocused integration lead to the triple aim an evaluation of two new care models in england,england health status hospitalization humans primary health care united kingdom integrated care multimorbidity new care models,objectives to examine the effectiveness of two integrated care models vanguards in salford and south somerset in england united kingdom in relation to patient experience health outcomes and costs of care the triple aim methods we used differenceindifferences analysis combined with propensity score weighting to compare the two care model sites with control usual care areas in the rest of england we estimated combined and separate annual effects in the three years following introduction of the new care model using the national general practice patient survey gpps to measure patient experience interorganisational support with chronic condition management and generic health status eq5d and hospital episode statistics hes data to measure total costs of secondary care as secondary outcomes we measured proxies for improved prevention cost per user of secondary care severity avoidable emergency admissions and primary care utilisation results both intervention sites showed an increase in total costs of secondary care approximately 74 per registered patient per year in salford 45 in south somerset and cost per user of secondary care 130138 per person per year there were no statistically significant effects on health status or patient experience of care there was a more apparent shortterm negative effect on measured outcomes in south somerset in terms of increased costs and avoidable emergency admissions but these reduced over time conclusion new care models such as those implemented within the vanguard programme in england might lead to unintended secondary care cost increases in the short to medium term cost increases appeared to be driven by average patient severity increases in hospital preventionfocused population health management models of integrated care like previous more targeted models do not immediately improve the health systems triple aim,10.1177/1355819620963500,does preventionfocused integration lead to the triple aim an evaluation of two new care models in england [SEP] england health status hospitalization humans primary health care united kingdom integrated care multimorbidity new care models [SEP] objectives to examine the effectiveness of two integrated care models vanguards in salford and south somerset in england united kingdom in relation to patient experience health outcomes and costs of care the triple aim methods we used differenceindifferences analysis combined with propensity score weighting to compare the two care model sites with control usual care areas in the rest of england we estimated combined and separate annual effects in the three years following introduction of the new care model using the national general practice patient survey gpps to measure patient experience interorganisational support with chronic condition management and generic health status eq5d and hospital episode statistics hes data to measure total costs of secondary care as secondary outcomes we measured proxies for improved prevention cost per user of secondary care severity avoidable emergency admissions and primary care utilisation results both intervention sites showed an increase in total costs of secondary care approximately 74 per registered patient per year in salford 45 in south somerset and cost per user of secondary care 130138 per person per year there were no statistically significant effects on health status or patient experience of care there was a more apparent shortterm negative effect on measured outcomes in south somerset in terms of increased costs and avoidable emergency admissions but these reduced over time conclusion new care models such as those implemented within the vanguard programme in england might lead to unintended secondary care cost increases in the short to medium term cost increases appeared to be driven by average patient severity increases in hospital preventionfocused population health management models of integrated care like previous more targeted models do not immediately improve the health systems triple aim,1,0.67030853
10883,estimating utility data from clinical indicators for patients with stable angina,adult aged angina pectoriseconomicsphysiopathologytherapy attitude to health convalescence dyspnea humans interviews as topic middle aged multivariate analysis outcome assessment health caremethods policy making qualityadjusted life years regression analysis severity of illness index sickness impact profile united kingdom,this study estimated a model from which data routinely collected in clinical trials of angina patients can be mapped to a utility scale and used to estimate qualityadjusted life years qalys patients with stable angina attending four cardiac outpatient clinics in the uk were included in the study data collected included information on patients healthrelated quality of life hrql using the eq5d and severity of angina symptoms using two cardiacspecific measures breathlessness grade and canadian cardiovascular society ccs classification of angina regression analysis was used to predict eq5d index values from the data data were obtained from 510 patients for ccs grades mean eq5d scores ranged from 036 95 confidence interval 025048 for grade 4 to 081 077085 for grade 0 and for breathlessness grades eq5d scores ranged from 031 006055 for grade 0 to 084 079088 for grade 5 the final model used data on ccs grades breathlessness grades and patients current medications to predict eq5d scores the model had an r2 value of 037 and predictions for less severe angina were considered more reliable than the estimates for severe angina in the absence of utility data collected as part of a clinical trial it is possible to map hrql utility data from samples of patients with similar characteristics to those in the original trial the uncertainty surrounding the estimates should be considered when using the results to estimate qalys for purposes of economic evaluation,10.1007/s10198-005-0309-y,estimating utility data from clinical indicators for patients with stable angina [SEP] adult aged angina pectoriseconomicsphysiopathologytherapy attitude to health convalescence dyspnea humans interviews as topic middle aged multivariate analysis outcome assessment health caremethods policy making qualityadjusted life years regression analysis severity of illness index sickness impact profile united kingdom [SEP] this study estimated a model from which data routinely collected in clinical trials of angina patients can be mapped to a utility scale and used to estimate qualityadjusted life years qalys patients with stable angina attending four cardiac outpatient clinics in the uk were included in the study data collected included information on patients healthrelated quality of life hrql using the eq5d and severity of angina symptoms using two cardiacspecific measures breathlessness grade and canadian cardiovascular society ccs classification of angina regression analysis was used to predict eq5d index values from the data data were obtained from 510 patients for ccs grades mean eq5d scores ranged from 036 95 confidence interval 025048 for grade 4 to 081 077085 for grade 0 and for breathlessness grades eq5d scores ranged from 031 006055 for grade 0 to 084 079088 for grade 5 the final model used data on ccs grades breathlessness grades and patients current medications to predict eq5d scores the model had an r2 value of 037 and predictions for less severe angina were considered more reliable than the estimates for severe angina in the absence of utility data collected as part of a clinical trial it is possible to map hrql utility data from samples of patients with similar characteristics to those in the original trial the uncertainty surrounding the estimates should be considered when using the results to estimate qalys for purposes of economic evaluation,1,0.6457174
4873,convergent and discriminative validity of the frailvig index with the eq5d3l in people cared for in primary health care,aged crosssectional studies frail elderly humans primary health care psychometrics quality of life reproducibility of results spain surveys and questionnaires frailty health status primary health care psychometrics validation studies as topic,background the frailvig frailty index has been developed recently it is an instrument with a multidimensional approach and a pragmatic purpose that allows rapid and efficient assessment of the degree of frailty in the context of clinical practice our aim was to investigate the convergent and discriminative validity of the frailvig frailty index with regard to eq5d3l value methods we carried out a crosssectional study in two primary health care phc centres of the catalan institute of health institut catal de la salut barcelona spain from february 2017 to january 2019 participants in the study were all people included under a home care programme during the study period no exclusion criteria were applied we used the eq5d3l to measure healthrelated quality of life hrqol and the frailvig index to measure frailty trained phc nurses administered both instruments during facetoface assessments in a participants home during usual care the relationships between both instruments were examined using pearsons correlation coefficient and multiple linear regression analyses results four hundred and twelve participants were included in this study frailvig score and eq5d3l value were negatively correlated r   0510 p  0001 nonfrail people reported a substantially better hrqol than people with moderate and severe frailty eq5d3l value declined significantly as the frailvig index score increased conclusions frailvig index demonstrated a convergent validity with the eq5d3l value its discriminative validity was optimal as their scores showed an excellent capacity to differentiate between people with better and worse hrqol these findings provide additional pieces of evidence for construct validity of the frailvig index,10.1186/s12877-021-02186-x,convergent and discriminative validity of the frailvig index with the eq5d3l in people cared for in primary health care [SEP] aged crosssectional studies frail elderly humans primary health care psychometrics quality of life reproducibility of results spain surveys and questionnaires frailty health status primary health care psychometrics validation studies as topic [SEP] background the frailvig frailty index has been developed recently it is an instrument with a multidimensional approach and a pragmatic purpose that allows rapid and efficient assessment of the degree of frailty in the context of clinical practice our aim was to investigate the convergent and discriminative validity of the frailvig frailty index with regard to eq5d3l value methods we carried out a crosssectional study in two primary health care phc centres of the catalan institute of health institut catal de la salut barcelona spain from february 2017 to january 2019 participants in the study were all people included under a home care programme during the study period no exclusion criteria were applied we used the eq5d3l to measure healthrelated quality of life hrqol and the frailvig index to measure frailty trained phc nurses administered both instruments during facetoface assessments in a participants home during usual care the relationships between both instruments were examined using pearsons correlation coefficient and multiple linear regression analyses results four hundred and twelve participants were included in this study frailvig score and eq5d3l value were negatively correlated r   0510 p  0001 nonfrail people reported a substantially better hrqol than people with moderate and severe frailty eq5d3l value declined significantly as the frailvig index score increased conclusions frailvig index demonstrated a convergent validity with the eq5d3l value its discriminative validity was optimal as their scores showed an excellent capacity to differentiate between people with better and worse hrqol these findings provide additional pieces of evidence for construct validity of the frailvig index,1,0.63108647
903,impact of sociodemographic characteristics and longterm complications on quality of life in patients with diabetes mellitus,crosssectional studies demography diabetes complicationsepidemiology diabetes mellitusepidemiology female health status health surveys humans male middle aged quality of life risk factors serbiaepidemiology socioeconomic factors euroqol5d euroqolvas sf36 complications diabetes mellitus healthrelated quality of life,objective diabetes mellitus dm has been one of the leading chronic diseases worldwide over past decades the objective of the study was to identify predictors associated with healthrelated quality of life hrqol in diabetic patients methods a crosssectional questionnairebased study was conducted at the general hospital of the city of leskovac between june and november 2015 the short form36 sf36 questionnaire euroqol5d eq5d and euroqolvas eqvas questionnaires were used univariate and multivariate linear regression analyses were performed results the total number of patients was 285 112 men 393 and 173 women 607 average age 6392  107 years the results of multiple linear regression of sociodemographic characteristics in relation to dimensions of the quality of life measured by sf36 and eqvas showed that age country rural life low level of education retirement and poor economic status are predictors of lower quality of life our results showed that employment has a significant association with higher physical component score pcs mental component score mcs and eqvas score which can be explained with higher incomes improved economic status and less possibility for the occurrence of depressive mood patients without formal education have lower qol univariate multiple regression analysis of the presence of micro and macrovascular complications of dm showed that angina pectoris heart failure diabetic retinopathy and diabetic nephropathy are the most important factors affecting the quality of life in our population after including the multivariate model all tested complications remained statistically significant conclusion our results showed that both socioeconomic and chronic complications are relevant factors of hrqol in type 1 and 2 diabetes mellitus patients age rural lifestyle retirement lower level of education and low socioeconomic status as well as dm complications angina pectoris hearth failure diabetes nephropathy and diabetes retinopathy were found to be independent risk factors for the component scores of sf36 and eqvas score taking into consideration the results obtained health practitioners should be aware not only of the clinical parameters of patients with dm but also of their educational level and working status,10.21101/cejph.a5022,impact of sociodemographic characteristics and longterm complications on quality of life in patients with diabetes mellitus [SEP] crosssectional studies demography diabetes complicationsepidemiology diabetes mellitusepidemiology female health status health surveys humans male middle aged quality of life risk factors serbiaepidemiology socioeconomic factors euroqol5d euroqolvas sf36 complications diabetes mellitus healthrelated quality of life [SEP] objective diabetes mellitus dm has been one of the leading chronic diseases worldwide over past decades the objective of the study was to identify predictors associated with healthrelated quality of life hrqol in diabetic patients methods a crosssectional questionnairebased study was conducted at the general hospital of the city of leskovac between june and november 2015 the short form36 sf36 questionnaire euroqol5d eq5d and euroqolvas eqvas questionnaires were used univariate and multivariate linear regression analyses were performed results the total number of patients was 285 112 men 393 and 173 women 607 average age 6392  107 years the results of multiple linear regression of sociodemographic characteristics in relation to dimensions of the quality of life measured by sf36 and eqvas showed that age country rural life low level of education retirement and poor economic status are predictors of lower quality of life our results showed that employment has a significant association with higher physical component score pcs mental component score mcs and eqvas score which can be explained with higher incomes improved economic status and less possibility for the occurrence of depressive mood patients without formal education have lower qol univariate multiple regression analysis of the presence of micro and macrovascular complications of dm showed that angina pectoris heart failure diabetic retinopathy and diabetic nephropathy are the most important factors affecting the quality of life in our population after including the multivariate model all tested complications remained statistically significant conclusion our results showed that both socioeconomic and chronic complications are relevant factors of hrqol in type 1 and 2 diabetes mellitus patients age rural lifestyle retirement lower level of education and low socioeconomic status as well as dm complications angina pectoris hearth failure diabetes nephropathy and diabetes retinopathy were found to be independent risk factors for the component scores of sf36 and eqvas score taking into consideration the results obtained health practitioners should be aware not only of the clinical parameters of patients with dm but also of their educational level and working status,1,0.66887933
8160,stigmatisation and body image impairment in dermatological patients protocol for an observational multicentre study in 16 european countries,body imagepsychology crosssectional studies europeepidemiology humans logistic models mood disordersepidemiology multicenter studies as topic multivariate analysis observational studies as topic quality of lifepsychology research design self report skin diseasespsychology stereotyping stress psychologicalepidemiology body image burden of disease dermatological epidemiology stigmatisation,introduction patients with common skin diseases may have substantial psychosocial comorbidity and reduced quality of life this study aims at exploring further the psychosocial burden of skin diseases by assessing stigmatisation and body image problems in a large sample of patients with skin disease across europe methods and analysis the study is an observational crosssectional multicentre study across 16 european countries comparing stigmatisation and body image in patients with skin disease compared with controls consecutive patients will be recruited in outpatient clinics and will complete validated questionnaires prior to clinical examination by a dermatologist at each recruitment site in addition to sociodemographic background information the outcomes will be mood disorders assessed by short versions of the patient health questionnaire and the general anxiety disorder assessment general health assessed by the euroqolvisual analogue scale stigmatisation experience assessed by the perceived stigmatisation questionnaire stress assessed by the perceived stress scale and body image assessed by the dysmorphic concern questionnaire the main criteria for eligibility are to be 18 years old or more the analysis will include comparison between patients and controls for the main outcomes using ttests analyses of covariance and multivariate logistic regression models adjusting for potential confounding factors ethics and dissemination the study protocol is approved by the university of giessen and by the local ethical committee in each recruitment centre informed consent will be given by each participant the results of the study will be disseminated by publications in international peerreviewed journals and presented at international conferences and general public conferences results will influence support intervention and management of patients with skin disease across europe trial registration number drks00012745 preresults,10.1136/bmjopen-2018-024877,stigmatisation and body image impairment in dermatological patients protocol for an observational multicentre study in 16 european countries [SEP] body imagepsychology crosssectional studies europeepidemiology humans logistic models mood disordersepidemiology multicenter studies as topic multivariate analysis observational studies as topic quality of lifepsychology research design self report skin diseasespsychology stereotyping stress psychologicalepidemiology body image burden of disease dermatological epidemiology stigmatisation [SEP] introduction patients with common skin diseases may have substantial psychosocial comorbidity and reduced quality of life this study aims at exploring further the psychosocial burden of skin diseases by assessing stigmatisation and body image problems in a large sample of patients with skin disease across europe methods and analysis the study is an observational crosssectional multicentre study across 16 european countries comparing stigmatisation and body image in patients with skin disease compared with controls consecutive patients will be recruited in outpatient clinics and will complete validated questionnaires prior to clinical examination by a dermatologist at each recruitment site in addition to sociodemographic background information the outcomes will be mood disorders assessed by short versions of the patient health questionnaire and the general anxiety disorder assessment general health assessed by the euroqolvisual analogue scale stigmatisation experience assessed by the perceived stigmatisation questionnaire stress assessed by the perceived stress scale and body image assessed by the dysmorphic concern questionnaire the main criteria for eligibility are to be 18 years old or more the analysis will include comparison between patients and controls for the main outcomes using ttests analyses of covariance and multivariate logistic regression models adjusting for potential confounding factors ethics and dissemination the study protocol is approved by the university of giessen and by the local ethical committee in each recruitment centre informed consent will be given by each participant the results of the study will be disseminated by publications in international peerreviewed journals and presented at international conferences and general public conferences results will influence support intervention and management of patients with skin disease across europe trial registration number drks00012745 preresults,1,0.58441794
15184,more concerns and stronger beliefs about the necessity of medication in patients with acromegaly are associated with negative illness perceptions and impairment in quality of life,acromegalydrug therapyphysiopathologypsychology aged crosssectional studies culture female human growth hormoneantagonists  inhibitors humans male middle aged perception quality of lifepsychology somatostatinanalogs  derivativestherapeutic use surveys and questionnaires acromegaly growth hormone illness perceptions medication beliefs quality of life somatostatin analogs,objective patients with acromegaly can be treated with surgery radiotherapy andor medical treatment in general patients beliefs about medication are associated with illness perceptions a contributory factor of quality of life qol at present there are no quantitative studies on medication beliefs in patients with acromegaly here we aimed to examine possible associations between medication beliefs illness perceptions and qol furthermore we aimed to explore whether illness perceptions of patients with remission of acromegaly receiving medical treatment differ from patients without medical treatment design crosssectional evaluation of 73 patients with remission of acromegaly n  28 patients with medication n  45 without medication the beliefs about medicines questionnaire bmq illness perception questionnairerevised ipqr euroqol5d and acroqol were used for the assessment results stronger beliefs about the necessity of medical treatment and stronger concerns about the adverse effects were associated with attributing more symptoms to acromegaly perceiving more negative consequences and having a stronger belief in a cyclical timeline bmq all p  005 stronger beliefs about the necessity of medical treatment were associated with a worse diseasespecific qol bmq p  001 patients with medical treatment perceived a more chronic timeline of their disease compared to patients without medical treatment ipqr p  0002 conclusion negative medication beliefs were related to more negative illness perceptions and worse diseasespecific qol patients receiving medical treatment for acromegaly tend to perceive a more chronic timeline of their disease compared to patients with remission without medical treatment these psychological factors need to be taken into account when treating patients and developing a psychosocial education program aiming to improve qol,10.1016/j.ghir.2015.06.008,more concerns and stronger beliefs about the necessity of medication in patients with acromegaly are associated with negative illness perceptions and impairment in quality of life [SEP] acromegalydrug therapyphysiopathologypsychology aged crosssectional studies culture female human growth hormoneantagonists  inhibitors humans male middle aged perception quality of lifepsychology somatostatinanalogs  derivativestherapeutic use surveys and questionnaires acromegaly growth hormone illness perceptions medication beliefs quality of life somatostatin analogs [SEP] objective patients with acromegaly can be treated with surgery radiotherapy andor medical treatment in general patients beliefs about medication are associated with illness perceptions a contributory factor of quality of life qol at present there are no quantitative studies on medication beliefs in patients with acromegaly here we aimed to examine possible associations between medication beliefs illness perceptions and qol furthermore we aimed to explore whether illness perceptions of patients with remission of acromegaly receiving medical treatment differ from patients without medical treatment design crosssectional evaluation of 73 patients with remission of acromegaly n  28 patients with medication n  45 without medication the beliefs about medicines questionnaire bmq illness perception questionnairerevised ipqr euroqol5d and acroqol were used for the assessment results stronger beliefs about the necessity of medical treatment and stronger concerns about the adverse effects were associated with attributing more symptoms to acromegaly perceiving more negative consequences and having a stronger belief in a cyclical timeline bmq all p  005 stronger beliefs about the necessity of medical treatment were associated with a worse diseasespecific qol bmq p  001 patients with medical treatment perceived a more chronic timeline of their disease compared to patients without medical treatment ipqr p  0002 conclusion negative medication beliefs were related to more negative illness perceptions and worse diseasespecific qol patients receiving medical treatment for acromegaly tend to perceive a more chronic timeline of their disease compared to patients with remission without medical treatment these psychological factors need to be taken into account when treating patients and developing a psychosocial education program aiming to improve qol,1,0.71534806
405,does the introduction of the ranking task in valuation studies improve data quality and reduce inconsistencies the case of the eq5d5l,adolescent adult aged analysis of variance disability evaluation female health status humans interviews as topic male middle aged quality of life qualityadjusted life years sickness impact profile spain surveys and questionnaires young adult health related quality of life ranking eq5d5l time trade off valuation,background time tradeoff ttobased valuation studies for the threelevel version of the euroqol fivedimensional questionnaire eq5d typically started off with a ranking task ordering the health states by preference this was not included in the protocol for the fivelevel eq5d eq5d5l valuation study objectives to test whether reintroducing a ranking task before the composite tto ctto could help to reduce inconsistencies in ctto responses and improve the data quality methods respondents were randomly assigned to three study arms the control arm was the present eq5d5l study protocol without ranking the second arm ranking without sorting preceded the present protocol by asking respondents to rank the target health states using physical cards the states were then valued in random order using ctto in the third arm ranking and sorting the ranked states remained visible through the ctto tasks and the order of valuation was determined by the ranking the study used only 10 eq5d5l health states we compared the cttobased inconsistent pairs of health states and ties results the final sample size was 196 in the control arm 205 in the ranking without sorting arm and 199 in the ranking and sorting arm the percentages of ties by respondents were 151 125 and 126 for the control arm the ranking without sorting arm and the ranking and sorting arm respectively the extra cost for adding the ranking task was about 15 conclusions the benefit does not justify the effort involved in the ranking task for this reason the addition of the ranking task to the present eq5d5l valuation protocol is not an attractive option,10.1016/j.jval.2016.02.002,does the introduction of the ranking task in valuation studies improve data quality and reduce inconsistencies the case of the eq5d5l [SEP] adolescent adult aged analysis of variance disability evaluation female health status humans interviews as topic male middle aged quality of life qualityadjusted life years sickness impact profile spain surveys and questionnaires young adult health related quality of life ranking eq5d5l time trade off valuation [SEP] background time tradeoff ttobased valuation studies for the threelevel version of the euroqol fivedimensional questionnaire eq5d typically started off with a ranking task ordering the health states by preference this was not included in the protocol for the fivelevel eq5d eq5d5l valuation study objectives to test whether reintroducing a ranking task before the composite tto ctto could help to reduce inconsistencies in ctto responses and improve the data quality methods respondents were randomly assigned to three study arms the control arm was the present eq5d5l study protocol without ranking the second arm ranking without sorting preceded the present protocol by asking respondents to rank the target health states using physical cards the states were then valued in random order using ctto in the third arm ranking and sorting the ranked states remained visible through the ctto tasks and the order of valuation was determined by the ranking the study used only 10 eq5d5l health states we compared the cttobased inconsistent pairs of health states and ties results the final sample size was 196 in the control arm 205 in the ranking without sorting arm and 199 in the ranking and sorting arm the percentages of ties by respondents were 151 125 and 126 for the control arm the ranking without sorting arm and the ranking and sorting arm respectively the extra cost for adding the ranking task was about 15 conclusions the benefit does not justify the effort involved in the ranking task for this reason the addition of the ranking task to the present eq5d5l valuation protocol is not an attractive option,1,0.63008875
8375,is quality of life different between diabetic and nondiabetic people the importance of cardiovascular risks,cardiovascular diseasescomplicationsphysiopathology casecontrol studies diabetes mellitusphysiopathology female humans male middle aged quality of life risk factors,background to analyse and compare the impact of cardiovascular risk factors and disease on healthrelated quality of life hrqol in people with and without diabetes living in the community methods we used data of 1905 people with diabetes and 19031 people without diabetes from the last spanish national health survey years 20112012 the hrqol instrument used was the euroqol 5d5l based on time tradeoff scores matching methods were used to assess any differences in the hrqol in people with and without diabetes with the same characteristics age gender education level and healthy lifestyle according to cardiovascular risk factors and diseases disparities were also analysed for every dimension of hrqol mobility daily activities personal care paindiscomfort and anxietydepression results there were no significant differences in time tradeoff scores between people with and without diabetes when cardiovascular risk factors or established cardiovascular disease were not present however when cardiovascular risk factors were present the hrqol score was significantly lower in people with diabetes than in those without this difference was indeed greater when cardiovascular diseases were present more precisely people with diabetes and any of the cardiovascular risk factors who have not yet developed any cardiovascular disease report lower hrqol 0046 tto score points over 1 793 over 100 in the vas score compared to those without diabetes and 014 tto score points of difference 1461 over 100 in the vas score if cardiovascular diseases were present in fact when the three risk factors were present in people with diabetes hrqol was significantly lower 010 tto score points over 1 and 1086 points over 100 in vas score obesity being the most influential risk factor conclusions the presence of established cardiovascular disease andor cardiovascular risk factors specially obesity account for impaired quality of life in people with diabetes,10.1371/journal.pone.0189505,is quality of life different between diabetic and nondiabetic people the importance of cardiovascular risks [SEP] cardiovascular diseasescomplicationsphysiopathology casecontrol studies diabetes mellitusphysiopathology female humans male middle aged quality of life risk factors [SEP] background to analyse and compare the impact of cardiovascular risk factors and disease on healthrelated quality of life hrqol in people with and without diabetes living in the community methods we used data of 1905 people with diabetes and 19031 people without diabetes from the last spanish national health survey years 20112012 the hrqol instrument used was the euroqol 5d5l based on time tradeoff scores matching methods were used to assess any differences in the hrqol in people with and without diabetes with the same characteristics age gender education level and healthy lifestyle according to cardiovascular risk factors and diseases disparities were also analysed for every dimension of hrqol mobility daily activities personal care paindiscomfort and anxietydepression results there were no significant differences in time tradeoff scores between people with and without diabetes when cardiovascular risk factors or established cardiovascular disease were not present however when cardiovascular risk factors were present the hrqol score was significantly lower in people with diabetes than in those without this difference was indeed greater when cardiovascular diseases were present more precisely people with diabetes and any of the cardiovascular risk factors who have not yet developed any cardiovascular disease report lower hrqol 0046 tto score points over 1 793 over 100 in the vas score compared to those without diabetes and 014 tto score points of difference 1461 over 100 in the vas score if cardiovascular diseases were present in fact when the three risk factors were present in people with diabetes hrqol was significantly lower 010 tto score points over 1 and 1086 points over 100 in vas score obesity being the most influential risk factor conclusions the presence of established cardiovascular disease andor cardiovascular risk factors specially obesity account for impaired quality of life in people with diabetes,1,0.703569
3359,improved wellbeing and decreased disease burden after 1year use of flash glucose monitoring flarenl4,adult biomarkersblood blood glucoseanalysis blood glucose selfmonitoringmethodsstatistics  numerical data diabetes mellitus type 1blooddrug therapypathology diabetes mellitus type 2blooddrug therapypathology female followup studies glycated hemoglobin aanalysis humans hypoglycemiaprevention  control hypoglycemic agentstherapeutic use male middle aged patient reported outcome measures prognosis prospective studies quality of life continuous glucose monitoring flash glucose monitoring freestyle libre patient reported outcome measures type 1 diabetes,introduction the freestyle libre is a flash glucose monitoring fslfgm system compared with fingerprick based selfmonitoring of blood glucose fslfgm may provide benefits in terms of improved glycemic control and decreased disease burden methods prospective nationwide registry participants with diabetes mellitus dm used the fslfgm system for a period of 12 months end points included changes in hba1c hypoglycemia healthrelated quality of life 12item short form health surveyv2 sf12v2 and 3level version of euroqol 5d eq5d3l a specifically developed patientreported outcome measures proms questionnaire diabetesrelated hospital admission rate and work absenteeism measurements were performed at baseline and after 6 months and 12 months results 1365 persons 55 male were included mean age was 46 16 years 77 of participants had type 1 dm 16 type 2 dm and 7 other forms hba1c decreased from 64 95ci 63 to 65 mmolmol to 60 95ci 60 to 61 mmolmol with a difference of 4 95 ci 6 to 3 mmolmol persons with a baseline hba1c 70 mmolmol had the most profound hba1c decrease 9 95 ci 12 to to 5 mmolmol eq5d tariff 003 95ci 001 to 005 eqvas 44 95ci 21 to 67 and sf12v2 mental component score 33 95ci 21 to 44 improved for most proms improved work absenteeism rate 6 months and diabetesrelated hospital admission rate year decreased significantly from 185 to 77 and 137 to 23 respectively conclusions real world data demonstrate that use of fslfgm results in improved wellbeing and decreased disease burden as well as improvement of glycemic control,10.1136/bmjdrc-2019-000809,improved wellbeing and decreased disease burden after 1year use of flash glucose monitoring flarenl4 [SEP] adult biomarkersblood blood glucoseanalysis blood glucose selfmonitoringmethodsstatistics  numerical data diabetes mellitus type 1blooddrug therapypathology diabetes mellitus type 2blooddrug therapypathology female followup studies glycated hemoglobin aanalysis humans hypoglycemiaprevention  control hypoglycemic agentstherapeutic use male middle aged patient reported outcome measures prognosis prospective studies quality of life continuous glucose monitoring flash glucose monitoring freestyle libre patient reported outcome measures type 1 diabetes [SEP] introduction the freestyle libre is a flash glucose monitoring fslfgm system compared with fingerprick based selfmonitoring of blood glucose fslfgm may provide benefits in terms of improved glycemic control and decreased disease burden methods prospective nationwide registry participants with diabetes mellitus dm used the fslfgm system for a period of 12 months end points included changes in hba1c hypoglycemia healthrelated quality of life 12item short form health surveyv2 sf12v2 and 3level version of euroqol 5d eq5d3l a specifically developed patientreported outcome measures proms questionnaire diabetesrelated hospital admission rate and work absenteeism measurements were performed at baseline and after 6 months and 12 months results 1365 persons 55 male were included mean age was 46 16 years 77 of participants had type 1 dm 16 type 2 dm and 7 other forms hba1c decreased from 64 95ci 63 to 65 mmolmol to 60 95ci 60 to 61 mmolmol with a difference of 4 95 ci 6 to 3 mmolmol persons with a baseline hba1c 70 mmolmol had the most profound hba1c decrease 9 95 ci 12 to to 5 mmolmol eq5d tariff 003 95ci 001 to 005 eqvas 44 95ci 21 to 67 and sf12v2 mental component score 33 95ci 21 to 44 improved for most proms improved work absenteeism rate 6 months and diabetesrelated hospital admission rate year decreased significantly from 185 to 77 and 137 to 23 respectively conclusions real world data demonstrate that use of fslfgm results in improved wellbeing and decreased disease burden as well as improvement of glycemic control,0,0.5067135
8826,chronic low back pain and the risk of depression or anxiety symptoms insights from a longitudinal twin study,adult depressionepidemiologyetiologygenetics female humans low back paincomplicationsepidemiologygenetics male middle aged twins dizygotic twins monozygotic anxiety chronic low back pain depression epidemiology genetics twins,background context pain is commonly associated with symptoms of depression or anxiety although this relationship is considered bidirectional there is limited knowledge regarding causal relationships purpose this study aims to investigate whether chronic low back pain lbp increases the risk of depression or anxiety symptoms after adjusting for shared familial factors study design this is a longitudinal genetically informative study design from the murcia twin registry in spain patient sample the patient sample included 1269 adult twins with a mean age of 53 years outcome measures the outcome of depression or anxiety symptoms was evaluated with euroqol questionnaire methods using logistic regression analyses twins were initially assessed as individuals in the total sample analysis followed by a cotwin casecontrol which was partially dizygotic dz twins and fully monozygotic mz twins adjusted for shared familial factors there was no external funding for this study and no conflict of interest was declared results there was a significant association between chronic lbp and the risk of depression or anxiety symptoms in the unadjusted total sample analysis odds ratio or 181 95 confidence interval ci 134244 after adjusting for confounders the association remained significant or 143 95 ci 105195 although the adjusted cotwin casecontrol was nonsignificant in dz or 103 95 ci 050213 and mz twins or 186 95 ci 063551 conclusions the relationship between chronic lbp and the future development of depression or anxiety symptoms is not causal the relationship is likely to be explained by confounding from shared familial factors given the nonstatistically significant associations in the cotwin casecontrol analyses,10.1016/j.spinee.2017.02.009,chronic low back pain and the risk of depression or anxiety symptoms insights from a longitudinal twin study [SEP] adult depressionepidemiologyetiologygenetics female humans low back paincomplicationsepidemiologygenetics male middle aged twins dizygotic twins monozygotic anxiety chronic low back pain depression epidemiology genetics twins [SEP] background context pain is commonly associated with symptoms of depression or anxiety although this relationship is considered bidirectional there is limited knowledge regarding causal relationships purpose this study aims to investigate whether chronic low back pain lbp increases the risk of depression or anxiety symptoms after adjusting for shared familial factors study design this is a longitudinal genetically informative study design from the murcia twin registry in spain patient sample the patient sample included 1269 adult twins with a mean age of 53 years outcome measures the outcome of depression or anxiety symptoms was evaluated with euroqol questionnaire methods using logistic regression analyses twins were initially assessed as individuals in the total sample analysis followed by a cotwin casecontrol which was partially dizygotic dz twins and fully monozygotic mz twins adjusted for shared familial factors there was no external funding for this study and no conflict of interest was declared results there was a significant association between chronic lbp and the risk of depression or anxiety symptoms in the unadjusted total sample analysis odds ratio or 181 95 confidence interval ci 134244 after adjusting for confounders the association remained significant or 143 95 ci 105195 although the adjusted cotwin casecontrol was nonsignificant in dz or 103 95 ci 050213 and mz twins or 186 95 ci 063551 conclusions the relationship between chronic lbp and the future development of depression or anxiety symptoms is not causal the relationship is likely to be explained by confounding from shared familial factors given the nonstatistically significant associations in the cotwin casecontrol analyses,0,0.62268543
14900,falls in the elderly in the community prevalence consequences and associated factors,accidental fallsstatistics  numerical data activities of daily living aged crosssectional studies female geriatric assessment health status indicators humans male prevalence risk factors spainepidemiology surveys and questionnaires,objective to find the prevalence characteristics and consequences of falls in the elderly and related factors design crosssectional descriptive study using personal interviews setting three health districts in cordoba city spain participants a stratified sample of 362 people over 70 main measurements the assessment tools were the who questionnaire for the study of falls and the euroqol5d for the measurement of healthrelated quality of life unibivariate and multivariate analyses p 05 were run results the prevalence of falls was 3178 95 ci 2699366 1298 of subjects had more than one fall in the previous year 553 of falls happened at home 718 of the falls had physical consequences with 78 fractures 447 of the elderly studied were scared of having a new fall and 22 limited their mobility after the fall in 30 of cases there was contact with the health system and 33 needed hospital admission the factors related to a greater risk of falls were being older being a woman widowed uneducated with difficulties in moving both arms suffering space disorientation high drug consumption and having worse perceived health status conclusions falls in the elderly living in the community are a frequent problem with important physical psychological and social consequences,10.1157/13094802,falls in the elderly in the community prevalence consequences and associated factors [SEP] accidental fallsstatistics  numerical data activities of daily living aged crosssectional studies female geriatric assessment health status indicators humans male prevalence risk factors spainepidemiology surveys and questionnaires [SEP] objective to find the prevalence characteristics and consequences of falls in the elderly and related factors design crosssectional descriptive study using personal interviews setting three health districts in cordoba city spain participants a stratified sample of 362 people over 70 main measurements the assessment tools were the who questionnaire for the study of falls and the euroqol5d for the measurement of healthrelated quality of life unibivariate and multivariate analyses p 05 were run results the prevalence of falls was 3178 95 ci 2699366 1298 of subjects had more than one fall in the previous year 553 of falls happened at home 718 of the falls had physical consequences with 78 fractures 447 of the elderly studied were scared of having a new fall and 22 limited their mobility after the fall in 30 of cases there was contact with the health system and 33 needed hospital admission the factors related to a greater risk of falls were being older being a woman widowed uneducated with difficulties in moving both arms suffering space disorientation high drug consumption and having worse perceived health status conclusions falls in the elderly living in the community are a frequent problem with important physical psychological and social consequences,1,0.5520165
12651,patients with dementia with lewy bodies have more impaired quality of life than patients with alzheimer disease,aged aged 80 and over alzheimer diseasephysiopathologypsychology caregivers crosssectional studies female humans lewy body diseasephysiopathologypsychology male middle aged quality of life,the primary aim of this study was to compare quality of life qol in patients with dementia with lewy bodies dlb and patients with alzheimer disease ad the secondary aim of this study was to investigate determinants of qol in dlb thirtyfour patients with dlb at the neuropsychiatry clinic university hospital mas malm sweden were included in a crosssectional study these patients were matched to 34 patients with ad two qol instruments the eq5d instrument and the quality of lifealzheimer disease qolad instrument were applied in this study both instruments were administered to both patients and caregivers patients with dlb in this study have significantly lower qol than patients with ad regardless of instrument or whether patient or caregiverreported qol was used furthermore this study shows that important determinants of qol in dlb include neuropsychiatric inventory score independency in instrumental activities of daily living whether the patient is living with the caregiver and the presence of apathy and delusions,10.1097/WAD.0b013e318065c4a9,patients with dementia with lewy bodies have more impaired quality of life than patients with alzheimer disease [SEP] aged aged 80 and over alzheimer diseasephysiopathologypsychology caregivers crosssectional studies female humans lewy body diseasephysiopathologypsychology male middle aged quality of life [SEP] the primary aim of this study was to compare quality of life qol in patients with dementia with lewy bodies dlb and patients with alzheimer disease ad the secondary aim of this study was to investigate determinants of qol in dlb thirtyfour patients with dlb at the neuropsychiatry clinic university hospital mas malm sweden were included in a crosssectional study these patients were matched to 34 patients with ad two qol instruments the eq5d instrument and the quality of lifealzheimer disease qolad instrument were applied in this study both instruments were administered to both patients and caregivers patients with dlb in this study have significantly lower qol than patients with ad regardless of instrument or whether patient or caregiverreported qol was used furthermore this study shows that important determinants of qol in dlb include neuropsychiatric inventory score independency in instrumental activities of daily living whether the patient is living with the caregiver and the presence of apathy and delusions,1,0.67357343
13313,nutritional status influences generic and diseasespecific quality of life measures in haemodialysis patients,female humans male middle aged nutritional status prospective studies quality of life renal dialysis surveys and questionnaires,background poor nutritional status and worse healthrelated quality of life qol have been reported in haemodialysis hd patients the utilization of generic and disease specific qol questionnaires in the same population may provide a better understanding of the significance of nutrition in qol dimensions objective to assess nutritional status by easy to use parameters and to evaluate the potential relationship with qol measured by generic and disease specific questionnaires methods nutritional status was assessed by subjective global assessment adapted to renal patients sga body mass index bmi nutritional intake and appetite qol was assessed by the generic euroqol and disease specific kidney disease quality of lifeshort form kdqolsf questionnaires results the study comprised 130 patients of both genders mean age 627  147 years the prevalence of undernutrition ranged from 31 by bmi  185 kgm to 754 for patients below energy and protein intake recommendations with the exception of bmi classification undernourished patients had worse scores in nearly all qol dimensions euroqol and kdqolsf a pattern which was dominantly maintained when adjusted for demographics and diseaserelated variables overweight obese patients bmi  25 also had worse scores in some qol dimensions but after adjustment the pattern was maintained only in the symptoms and problems dimension of kdqolsf p  0011 conclusion our study reveals that even in mildly undernourished hd patients nutritional status has a significant impact in several qol dimensions the questionnaires used provided different almost complementary perspectives yet for daily practice euroqol is simpler assuring a good nutritional status may positively influence qol,10.3305/nh.2013.28.3.6454,nutritional status influences generic and diseasespecific quality of life measures in haemodialysis patients [SEP] female humans male middle aged nutritional status prospective studies quality of life renal dialysis surveys and questionnaires [SEP] background poor nutritional status and worse healthrelated quality of life qol have been reported in haemodialysis hd patients the utilization of generic and disease specific qol questionnaires in the same population may provide a better understanding of the significance of nutrition in qol dimensions objective to assess nutritional status by easy to use parameters and to evaluate the potential relationship with qol measured by generic and disease specific questionnaires methods nutritional status was assessed by subjective global assessment adapted to renal patients sga body mass index bmi nutritional intake and appetite qol was assessed by the generic euroqol and disease specific kidney disease quality of lifeshort form kdqolsf questionnaires results the study comprised 130 patients of both genders mean age 627  147 years the prevalence of undernutrition ranged from 31 by bmi  185 kgm to 754 for patients below energy and protein intake recommendations with the exception of bmi classification undernourished patients had worse scores in nearly all qol dimensions euroqol and kdqolsf a pattern which was dominantly maintained when adjusted for demographics and diseaserelated variables overweight obese patients bmi  25 also had worse scores in some qol dimensions but after adjustment the pattern was maintained only in the symptoms and problems dimension of kdqolsf p  0011 conclusion our study reveals that even in mildly undernourished hd patients nutritional status has a significant impact in several qol dimensions the questionnaires used provided different almost complementary perspectives yet for daily practice euroqol is simpler assuring a good nutritional status may positively influence qol,1,0.65436345
4224,dimensions and predictors of disabilitya baseline study of patients entering somatic rehabilitation in secondary care,adolescent adult aged aged 80 and over crosssectional studies depressioncomplicationsdiagnosisrehabilitation diagnostic self evaluation disability evaluation female humans male middle aged multimorbidity nervous system diseasescomplicationsdiagnosisrehabilitation paincomplicationsdiagnosisrehabilitation physical fitness prognosis psychiatric status rating scales rehabilitation rehabilitation centers secondary care socioeconomic factors young adult,purpose the purpose of this study was to investigate disability among patients who were accepted for admission to a norwegian rehabilitation center and to identify predictors of disability materials and methods in a crosssectional study including 967 adult participants the world health organization disability assessment schedule version 20 36item version was used for assessing overall and domainspecific disability as outcome variables patients completed the hospital anxiety and depression scale hads euroqol eq5d5l and questions about multimorbidity smoking and perceived physical fitness additionally the main health condition sociodemographic and environmental variables obtained from referrals and public registers were used as predictor variables descriptive statistics and linear regression analyses were performed results the mean standard error overall disability score was 300 05 domain scores ranged from 119 to 447 neurological diseases multimorbidity low education impaired physical fitness pain and higher hads depressive score increased the overall disability score a low hads depressive score predicted a lower disability score in all domains conclusions a moderate overall disability score was found among patients accepted for admission to a rehabilitation center but life activities and participation in society had the highest domain scores this should be taken into account when rehabilitation strategies are developed,10.1371/journal.pone.0193761,dimensions and predictors of disabilitya baseline study of patients entering somatic rehabilitation in secondary care [SEP] adolescent adult aged aged 80 and over crosssectional studies depressioncomplicationsdiagnosisrehabilitation diagnostic self evaluation disability evaluation female humans male middle aged multimorbidity nervous system diseasescomplicationsdiagnosisrehabilitation paincomplicationsdiagnosisrehabilitation physical fitness prognosis psychiatric status rating scales rehabilitation rehabilitation centers secondary care socioeconomic factors young adult [SEP] purpose the purpose of this study was to investigate disability among patients who were accepted for admission to a norwegian rehabilitation center and to identify predictors of disability materials and methods in a crosssectional study including 967 adult participants the world health organization disability assessment schedule version 20 36item version was used for assessing overall and domainspecific disability as outcome variables patients completed the hospital anxiety and depression scale hads euroqol eq5d5l and questions about multimorbidity smoking and perceived physical fitness additionally the main health condition sociodemographic and environmental variables obtained from referrals and public registers were used as predictor variables descriptive statistics and linear regression analyses were performed results the mean standard error overall disability score was 300 05 domain scores ranged from 119 to 447 neurological diseases multimorbidity low education impaired physical fitness pain and higher hads depressive score increased the overall disability score a low hads depressive score predicted a lower disability score in all domains conclusions a moderate overall disability score was found among patients accepted for admission to a rehabilitation center but life activities and participation in society had the highest domain scores this should be taken into account when rehabilitation strategies are developed,1,0.5874034
9002,amaze a randomized controlled trial of adjunct surgery for atrial fibrillation,aged aged 80 and over atrial fibrillationeconomicsphysiopathologysurgery cardiac surgical procedureseconomicsmethods costbenefit analysis doubleblind method female heart conduction systemphysiopathology heart ratephysiology humans male middle aged quality of life qualityadjusted life years treatment outcome,objectives atrial fibrillation af reduces survival and quality of life qol it can be treated at the time of major cardiac surgery using ablation procedures ranging from simple pulmonary vein isolation to a full maze procedure the aim of this study is to evaluate the impact of adjunct af surgery as currently performed on sinus rhythm sr restoration survival qol and costeffectiveness methods in a multicentre phase iii pragmatic doubleblinded parallelarmed randomized controlled trial 352 cardiac surgery patients with 3 months of documented af were randomized to surgery with or without adjunct maze or similar af ablation between 2009 and 2014 primary outcomes were sr restoration at 1 year and qualityadjusted life years at 2 years secondary outcomes included sr at 2 years overall and strokefree survival medication qol costeffectiveness and safety results more ablation patients were in sr at 1 year odds ratio or 206 95 confidence interval ci 120354 p  0009 at 2 years the or increased to 324 95 ci 176596 qualityadjusted life years were similar at 2 years ablation  control 0025 p  06319 significantly fewer ablation patients were anticoagulated from 6 months postoperatively stroke rates were 57 ablation and 91 control p  03083 there was no significant difference in strokefree survival hazard ratio hr  099 95 ci 064153 p  0949 nor in serious adverse events operative or overall survival cardioversion pacemaker implantation new york heart association eq5d3l and sf36 the mean additional ablation cost per patient was 3533 95 ci 13215746 costeffectiveness was not demonstrated at 2 years conclusions adjunct af surgery is safe and increases sr restoration and costs but not survival or qol up to 2 years a continued followup will provide information on these outcomes in the longer term study registration isrctn82731440 project number 070134,10.1093/ejcts/ezy165,amaze a randomized controlled trial of adjunct surgery for atrial fibrillation [SEP] aged aged 80 and over atrial fibrillationeconomicsphysiopathologysurgery cardiac surgical procedureseconomicsmethods costbenefit analysis doubleblind method female heart conduction systemphysiopathology heart ratephysiology humans male middle aged quality of life qualityadjusted life years treatment outcome [SEP] objectives atrial fibrillation af reduces survival and quality of life qol it can be treated at the time of major cardiac surgery using ablation procedures ranging from simple pulmonary vein isolation to a full maze procedure the aim of this study is to evaluate the impact of adjunct af surgery as currently performed on sinus rhythm sr restoration survival qol and costeffectiveness methods in a multicentre phase iii pragmatic doubleblinded parallelarmed randomized controlled trial 352 cardiac surgery patients with 3 months of documented af were randomized to surgery with or without adjunct maze or similar af ablation between 2009 and 2014 primary outcomes were sr restoration at 1 year and qualityadjusted life years at 2 years secondary outcomes included sr at 2 years overall and strokefree survival medication qol costeffectiveness and safety results more ablation patients were in sr at 1 year odds ratio or 206 95 confidence interval ci 120354 p  0009 at 2 years the or increased to 324 95 ci 176596 qualityadjusted life years were similar at 2 years ablation  control 0025 p  06319 significantly fewer ablation patients were anticoagulated from 6 months postoperatively stroke rates were 57 ablation and 91 control p  03083 there was no significant difference in strokefree survival hazard ratio hr  099 95 ci 064153 p  0949 nor in serious adverse events operative or overall survival cardioversion pacemaker implantation new york heart association eq5d3l and sf36 the mean additional ablation cost per patient was 3533 95 ci 13215746 costeffectiveness was not demonstrated at 2 years conclusions adjunct af surgery is safe and increases sr restoration and costs but not survival or qol up to 2 years a continued followup will provide information on these outcomes in the longer term study registration isrctn82731440 project number 070134,1,0.57549876
9582,a mobile phonebased telemonitoring program for heart failure patients after an incidence of acute decompensation medlyaid protocol for a randomized controlled trial,heart failure mobile phone patient monitoring randomized controlled trial telemedicine,background patients with heart failure hf are at the highest risk for hospital readmissions during the first few weeks after discharge when patients are transitioning from hospital to home telemonitoring tm for hf management has been found to reduce mortality risk and hospital readmissions if implemented appropriately however the impact of tm targeted for patients recently discharged from hospital for whom tm might have the biggest benefit is still unknown medly a mobile phonebased tm system that is currently being used as a standard of care for hf at a large canadian hospital may be an effective tool for the management of hf in patients recently discharged from hospital objective the objective of the medlyafter an incidence of acute decompensation medlyaid trial is to determine the effect of medly on the selfcare and quality of life of patients with hf who have been recently discharged from hospital after an hfrelated decompensation methods a multisite multimethod randomized controlled trial rct will be conducted at 2 academic hospitals and at least one community hospital to evaluate the impact of medlyenabled hf management on the outcomes of patients with hf who had been hospitalized for hfrelated decompensation and discharged during the 2 weeks before recruitment the trial will include 144 participants with hf 74 in each control and intervention groups control patients will receive standard of care whereas patients in the intervention group will receive standard of care and medly specifically patients in the intervention group will record daily weight blood pressure and heart rate and answer symptomrelated questions via the medly app medly will generate automated patient selfcare messages such as to adjust diuretic medications based on the rulesbased algorithm personalized to the individual patient and send realtime alerts to their health care providers as necessary all patients will be followed for 3 months primary outcome measures are selfcare and quality of life as measured through the validated questionnaires selfcare of heart failure index eq5d5l and the kansas city cardiomyopathy questionnaire12 secondary outcome measures for this study include cost of health care services used and health outcomes results patient recruitment began in november 2018 at the sunnybrook health sciences centre with a total of 35 participants recruited by july 30 2019 17 in the intervention group and 18 in the control group the final analysis is expected to occur in the fall of 2020 conclusions this rct will be the first to assess the effectiveness of the medly tm system for use following discharge from hospital after a hfrelated decompensation trial registration clinicaltrialsgov nct03358303 httpsclinicaltrialsgovct2shownct03358303 international registered report identifier irrid derr110219615753,10.2196/15753,a mobile phonebased telemonitoring program for heart failure patients after an incidence of acute decompensation medlyaid protocol for a randomized controlled trial [SEP] heart failure mobile phone patient monitoring randomized controlled trial telemedicine [SEP] background patients with heart failure hf are at the highest risk for hospital readmissions during the first few weeks after discharge when patients are transitioning from hospital to home telemonitoring tm for hf management has been found to reduce mortality risk and hospital readmissions if implemented appropriately however the impact of tm targeted for patients recently discharged from hospital for whom tm might have the biggest benefit is still unknown medly a mobile phonebased tm system that is currently being used as a standard of care for hf at a large canadian hospital may be an effective tool for the management of hf in patients recently discharged from hospital objective the objective of the medlyafter an incidence of acute decompensation medlyaid trial is to determine the effect of medly on the selfcare and quality of life of patients with hf who have been recently discharged from hospital after an hfrelated decompensation methods a multisite multimethod randomized controlled trial rct will be conducted at 2 academic hospitals and at least one community hospital to evaluate the impact of medlyenabled hf management on the outcomes of patients with hf who had been hospitalized for hfrelated decompensation and discharged during the 2 weeks before recruitment the trial will include 144 participants with hf 74 in each control and intervention groups control patients will receive standard of care whereas patients in the intervention group will receive standard of care and medly specifically patients in the intervention group will record daily weight blood pressure and heart rate and answer symptomrelated questions via the medly app medly will generate automated patient selfcare messages such as to adjust diuretic medications based on the rulesbased algorithm personalized to the individual patient and send realtime alerts to their health care providers as necessary all patients will be followed for 3 months primary outcome measures are selfcare and quality of life as measured through the validated questionnaires selfcare of heart failure index eq5d5l and the kansas city cardiomyopathy questionnaire12 secondary outcome measures for this study include cost of health care services used and health outcomes results patient recruitment began in november 2018 at the sunnybrook health sciences centre with a total of 35 participants recruited by july 30 2019 17 in the intervention group and 18 in the control group the final analysis is expected to occur in the fall of 2020 conclusions this rct will be the first to assess the effectiveness of the medly tm system for use following discharge from hospital after a hfrelated decompensation trial registration clinicaltrialsgov nct03358303 httpsclinicaltrialsgovct2shownct03358303 international registered report identifier irrid derr110219615753,0,0.54222536
12043,functional outcome and patient satisfaction after displaced intraarticular calcaneal fractures a comparison among open percutaneous and nonoperative treatment,adult calcaneusinjuries cohort studies cosmetics female fractures bonetherapy humans male middle aged patient satisfaction retrospective studies surveys and questionnaires treatment outcome calcaneus complication conservative treatment joint depression open reduction internal fixation trauma,the aim of the present study was to compare the outcomes of patients with a displaced calcaneal fracture treated by open reduction and internal fixation orif percutaneous treatment or nonoperative methods a retrospective cohort study was conducted at a level i trauma center of patients with a displaced intraarticular calcaneal fracture treated from january 1 2002 to december 31 2011 the patientreported outcome measures included the foot function index american orthopaedic foot and ankle society hindfoot scale short form36 the eq5d from the euroqol group and a 10point visual analog scale clinical data were collected from 169 patients and questionnaires were obtained from 78 patients 18 nonoperatively 27 orif and 33 percutaneously the late intervention rate was significantly greater in the percutaneous group n  18 30 than in the orif group n  6 12 or the nonoperative group n  8 13 p  030 significantly more disability was reported in the nonoperative group median foot function index score 40 points than in the orif group median 16 points p  010 or in the percutaneous group median 21 points p  034 in conclusion the operatively treated patients orif and percutaneous treatment reported better functional outcome scores foot function index and american orthopaedic foot and ankle society hindfoot scale than did the nonoperatively treated patients,10.1053/j.jfas.2014.04.014,functional outcome and patient satisfaction after displaced intraarticular calcaneal fractures a comparison among open percutaneous and nonoperative treatment [SEP] adult calcaneusinjuries cohort studies cosmetics female fractures bonetherapy humans male middle aged patient satisfaction retrospective studies surveys and questionnaires treatment outcome calcaneus complication conservative treatment joint depression open reduction internal fixation trauma [SEP] the aim of the present study was to compare the outcomes of patients with a displaced calcaneal fracture treated by open reduction and internal fixation orif percutaneous treatment or nonoperative methods a retrospective cohort study was conducted at a level i trauma center of patients with a displaced intraarticular calcaneal fracture treated from january 1 2002 to december 31 2011 the patientreported outcome measures included the foot function index american orthopaedic foot and ankle society hindfoot scale short form36 the eq5d from the euroqol group and a 10point visual analog scale clinical data were collected from 169 patients and questionnaires were obtained from 78 patients 18 nonoperatively 27 orif and 33 percutaneously the late intervention rate was significantly greater in the percutaneous group n  18 30 than in the orif group n  6 12 or the nonoperative group n  8 13 p  030 significantly more disability was reported in the nonoperative group median foot function index score 40 points than in the orif group median 16 points p  010 or in the percutaneous group median 21 points p  034 in conclusion the operatively treated patients orif and percutaneous treatment reported better functional outcome scores foot function index and american orthopaedic foot and ankle society hindfoot scale than did the nonoperatively treated patients,1,0.53452355
12463,effect of occupational polychlorinated biphenyls exposure on qualityadjusted life years over time at the helpcb surveillance program,adult crosssectional studies environmental exposureadverse effectsanalysis female health surveys humans male middle aged occupational exposureadverse effectsanalysis polychlorinated biphenylsbloodtoxicity quality of life qualityadjusted life years recycling,helpcb health effects in highlevel exposure to polychlorinated biphenyls pcb is a surveillance program for former pcbexposed workers of a capacitor recycling company and other concerned individuals the aim of this study was to examine the influence of polychlorinated biphenyls pcb on the healthrelated quality of life hrql and on qualityadjusted life years qaly the eq5d3l questionnaire was used to determine the hrql after three crosssectional examinations at intervals of 1 yr the longitudinal development of qaly was compared by repeatedmeasurement analysis of covariance ancova the cohort was split at the 95th percentile of the comparison group for each pcb congener known confounders such as age were taken into account a significant difference in height and development of qaly over time was shown for the higher chlorinated nondioxinlike pcb hcpcb congeners a significant betweengroups effect was found on pcb 153 pcb 180 and the sum of hcpcb it was found that qaly decreased in the highburden group and qaly stabilized after yr 2 in the normalburden group taking the dimensions of the eq5d into account the betweengroups effect seems to be based predominantly on the dimension anxiety the development of the withingroup effect however seems to be based on the dimension mobility this study detected a significant influence of hcpcb on the development of hrql and qalys over time according to the level of internal pcb burden,10.1080/15287394.2014.946165,effect of occupational polychlorinated biphenyls exposure on qualityadjusted life years over time at the helpcb surveillance program [SEP] adult crosssectional studies environmental exposureadverse effectsanalysis female health surveys humans male middle aged occupational exposureadverse effectsanalysis polychlorinated biphenylsbloodtoxicity quality of life qualityadjusted life years recycling [SEP] helpcb health effects in highlevel exposure to polychlorinated biphenyls pcb is a surveillance program for former pcbexposed workers of a capacitor recycling company and other concerned individuals the aim of this study was to examine the influence of polychlorinated biphenyls pcb on the healthrelated quality of life hrql and on qualityadjusted life years qaly the eq5d3l questionnaire was used to determine the hrql after three crosssectional examinations at intervals of 1 yr the longitudinal development of qaly was compared by repeatedmeasurement analysis of covariance ancova the cohort was split at the 95th percentile of the comparison group for each pcb congener known confounders such as age were taken into account a significant difference in height and development of qaly over time was shown for the higher chlorinated nondioxinlike pcb hcpcb congeners a significant betweengroups effect was found on pcb 153 pcb 180 and the sum of hcpcb it was found that qaly decreased in the highburden group and qaly stabilized after yr 2 in the normalburden group taking the dimensions of the eq5d into account the betweengroups effect seems to be based predominantly on the dimension anxiety the development of the withingroup effect however seems to be based on the dimension mobility this study detected a significant influence of hcpcb on the development of hrql and qalys over time according to the level of internal pcb burden,1,0.6406483
7945,work addiction is associated with increased stress and reduced quality of life validation of the bergen work addiction scale in danish,adolescent adult aged behavior addictivecomplicationsdiagnosis denmark employmentpsychologystatistics  numerical data female humans male middle aged psychiatric status rating scalesstandards psychometricsinstrumentationstandards quality of lifepsychology reproducibility of results stress psychologicaldiagnosisetiology workpsychologystatistics  numerical data young adult addiction bergen work addiction scale stress validation quality of life,addiction to work is defined as a compulsion or an uncontrollable need to work incessantly only few measures exist to identify work addiction and the health consequences are sparsely explored the bergen workaholic scale bwas measures seven core elements of work addiction and has been used in norway hungary brazil italy usa and poland the aim of this study was to validate the bwas in a danish sample and to investigate if high risk of work addiction was associated with stress and reduced quality of life we conducted an online screening survey with 671 participants aged 1668 years with the danish translation of the bwas we added the perceived stress scale pss and the quality of life scale eq5d5l those with high risk of work addiction reported significantly higher mean pss scores 200 points compared to those with low risk of addiction 125 points and poorer quality of life 619 compared to the low risk group 813 furthermore work addiction was associated with more weekly working hours 440 vs 356 hoursweek and having more leadership responsibility a preliminary estimate of work addiction prevalence was 66 the bwas demonstrated good reliability   083 and factor analyses pointed at a single factor structure work addiction seems to be associated with health problems in terms of stress and poorer quality of life the bwas is recommended as a reliable and valid tool to identify work addiction in danish,10.1111/sjop.12506,work addiction is associated with increased stress and reduced quality of life validation of the bergen work addiction scale in danish [SEP] adolescent adult aged behavior addictivecomplicationsdiagnosis denmark employmentpsychologystatistics  numerical data female humans male middle aged psychiatric status rating scalesstandards psychometricsinstrumentationstandards quality of lifepsychology reproducibility of results stress psychologicaldiagnosisetiology workpsychologystatistics  numerical data young adult addiction bergen work addiction scale stress validation quality of life [SEP] addiction to work is defined as a compulsion or an uncontrollable need to work incessantly only few measures exist to identify work addiction and the health consequences are sparsely explored the bergen workaholic scale bwas measures seven core elements of work addiction and has been used in norway hungary brazil italy usa and poland the aim of this study was to validate the bwas in a danish sample and to investigate if high risk of work addiction was associated with stress and reduced quality of life we conducted an online screening survey with 671 participants aged 1668 years with the danish translation of the bwas we added the perceived stress scale pss and the quality of life scale eq5d5l those with high risk of work addiction reported significantly higher mean pss scores 200 points compared to those with low risk of addiction 125 points and poorer quality of life 619 compared to the low risk group 813 furthermore work addiction was associated with more weekly working hours 440 vs 356 hoursweek and having more leadership responsibility a preliminary estimate of work addiction prevalence was 66 the bwas demonstrated good reliability   083 and factor analyses pointed at a single factor structure work addiction seems to be associated with health problems in terms of stress and poorer quality of life the bwas is recommended as a reliable and valid tool to identify work addiction in danish,1,0.51862234
11533,effect of chemotherapy for advanced nonsmall cell lung cancer on patients quality of life a randomized controlled trial,activities of daily living adult aged aged 80 and over analysis of variance antineoplastic combined chemotherapy protocolstherapeutic use body weightdrug effects carcinoma nonsmallcell lungdrug therapy cisplatinadministration  dosage docetaxel female humans lung neoplasmsdrug therapy male middle aged painprevention  control patient compliance platinumadministration  dosage prospective studies psychomotor performancedrug effects quality of life sickness impact profile taxoidsadministration  dosage treatment outcome vinblastineadministration  dosageanalogs  derivatives vinorelbine,background patients with advanced nonsmall cell lung cancer nsclc do not have curative treatment options therefore treatments should prolong survival and improve quality of life qol we compared the effect on qol of two docetaxelplatinum regimens with vinorelbinecisplatin methods qol was assessed by the lung cancer symptom scale lcss and the general euroqol fivedimensional questionnaire eq5d in 926 chemotherapynave patients with stages iiib to iv nsclc patients were randomly assigned to receive docetaxel 75 mgm2 plus cisplatin 75 mgm2 every 3 weeks dc docetaxel 75 mgm2 and carboplatin 6 mgml min every 3 weeks dcb or vinorelbine 25 mgm2week plus cisplatin 100 mgm2 every 4 weeks vc results overall patients treated with either docetaxelcontaining regimen had better qol than vctreated patients lcss global item qol today p0064 for dc and p0016 for dcb versus vc eq5d global item health state today p0016 for dc and p0001 for dcb versus vc dctreated patients experienced improved pain relief compared with vc p0033 whereas pain relief with dcb and vc was similar patients treated with either docetaxel regimen had more favorable changes in performance status p0065 for dc and p0001 for dcb versus vc and mean weight loss 006 kg gain of 008 kg and 227 kg for dc dcb and vc respectively p0001 for both dc versus vc and dcb versus vc conclusion the tax 326 study shows that docetaxelplatinum regimens relieve symptoms and improve qol in patients with advanced nsclc dcb and dc were superior to vc in all qol outcomes assessed except for the difference between dc and vc in lcss qol today which was not significant,10.1016/j.lungcan.2006.05.003,effect of chemotherapy for advanced nonsmall cell lung cancer on patients quality of life a randomized controlled trial [SEP] activities of daily living adult aged aged 80 and over analysis of variance antineoplastic combined chemotherapy protocolstherapeutic use body weightdrug effects carcinoma nonsmallcell lungdrug therapy cisplatinadministration  dosage docetaxel female humans lung neoplasmsdrug therapy male middle aged painprevention  control patient compliance platinumadministration  dosage prospective studies psychomotor performancedrug effects quality of life sickness impact profile taxoidsadministration  dosage treatment outcome vinblastineadministration  dosageanalogs  derivatives vinorelbine [SEP] background patients with advanced nonsmall cell lung cancer nsclc do not have curative treatment options therefore treatments should prolong survival and improve quality of life qol we compared the effect on qol of two docetaxelplatinum regimens with vinorelbinecisplatin methods qol was assessed by the lung cancer symptom scale lcss and the general euroqol fivedimensional questionnaire eq5d in 926 chemotherapynave patients with stages iiib to iv nsclc patients were randomly assigned to receive docetaxel 75 mgm2 plus cisplatin 75 mgm2 every 3 weeks dc docetaxel 75 mgm2 and carboplatin 6 mgml min every 3 weeks dcb or vinorelbine 25 mgm2week plus cisplatin 100 mgm2 every 4 weeks vc results overall patients treated with either docetaxelcontaining regimen had better qol than vctreated patients lcss global item qol today p0064 for dc and p0016 for dcb versus vc eq5d global item health state today p0016 for dc and p0001 for dcb versus vc dctreated patients experienced improved pain relief compared with vc p0033 whereas pain relief with dcb and vc was similar patients treated with either docetaxel regimen had more favorable changes in performance status p0065 for dc and p0001 for dcb versus vc and mean weight loss 006 kg gain of 008 kg and 227 kg for dc dcb and vc respectively p0001 for both dc versus vc and dcb versus vc conclusion the tax 326 study shows that docetaxelplatinum regimens relieve symptoms and improve qol in patients with advanced nsclc dcb and dc were superior to vc in all qol outcomes assessed except for the difference between dc and vc in lcss qol today which was not significant,1,0.6451637
2934,routine fixation of humeral shaft fractures is costeffective  costutility analysis of 215 patients at a mean of five years following nonoperative management,costeffectiveness eq5d3l fracture functional bracing humeral fractures humeral diaphyseal fractures humeral diaphysis humeral shaft nonoperative management nonunion rushu humeral shaft fractures immobilization medical comorbidities radial nerve palsy radiographs,aims the primary aim was to estimate the costeffectiveness of routine operative fixation for all patients with humeral shaft fractures the secondary aim was to estimate the health economic implications of using a radiographic union score for humeral fractures rushu of  8 to facilitate selective fixation for patients at risk of nonunion methods from 2008 to 2017 215 patients mean age 57 yrs 17 to 18 61 female n  130215 with a nonoperatively managed humeral diaphyseal fracture were retrospectively identified union was achieved in 77 n  165215 after initial nonoperative management with 23 n  50215 uniting after surgery for nonunion the euroqol fivedimension threelevel health index eq5d3l was obtained via postal survey multiple regression was used to determine the independent influence of patient injury and management factors upon the eq5d3l an incremental costeffectiveness ratio icer of  20000 per qualityadjusted lifeyear qaly gained was considered costeffective results at a mean of 54 yrs 12 to 110 the mean eq5d3l was 0736 95 confidence interval ci 0697 to 0775 adjusted analysis demonstrated the eq5d3l was inferior among patients who united after nonunion surgery   0103 p  0032 offering routine fixation to all patients to reduce the rate of nonunion would be associated with increased treatment costs of 1542patient but would confer a potential eq5d3l benefit of 0120patient over the study period the icer of routine fixation was 12850qaly gained selective fixation based on a rushu  8 at six weeks postinjury would be associated with reduced treatment costs 415patient and would confer a potential eq5d3l benefit of 0335 per atrisk patient conclusion routine fixation for patients with humeral shaft fractures to reduce the rate of nonunion observed after nonoperative management appears to be a costeffective intervention at five years postinjury selective fixation for patients at risk of nonunion based on their rushu may confer even greater costeffectiveness given the potential savings and improvement in healthrelated quality of life cite this article bone jt open 202237566572,10.1302/2633-1462.37.BJO-2022-0047.R1,routine fixation of humeral shaft fractures is costeffective  costutility analysis of 215 patients at a mean of five years following nonoperative management [SEP] costeffectiveness eq5d3l fracture functional bracing humeral fractures humeral diaphyseal fractures humeral diaphysis humeral shaft nonoperative management nonunion rushu humeral shaft fractures immobilization medical comorbidities radial nerve palsy radiographs [SEP] aims the primary aim was to estimate the costeffectiveness of routine operative fixation for all patients with humeral shaft fractures the secondary aim was to estimate the health economic implications of using a radiographic union score for humeral fractures rushu of  8 to facilitate selective fixation for patients at risk of nonunion methods from 2008 to 2017 215 patients mean age 57 yrs 17 to 18 61 female n  130215 with a nonoperatively managed humeral diaphyseal fracture were retrospectively identified union was achieved in 77 n  165215 after initial nonoperative management with 23 n  50215 uniting after surgery for nonunion the euroqol fivedimension threelevel health index eq5d3l was obtained via postal survey multiple regression was used to determine the independent influence of patient injury and management factors upon the eq5d3l an incremental costeffectiveness ratio icer of  20000 per qualityadjusted lifeyear qaly gained was considered costeffective results at a mean of 54 yrs 12 to 110 the mean eq5d3l was 0736 95 confidence interval ci 0697 to 0775 adjusted analysis demonstrated the eq5d3l was inferior among patients who united after nonunion surgery   0103 p  0032 offering routine fixation to all patients to reduce the rate of nonunion would be associated with increased treatment costs of 1542patient but would confer a potential eq5d3l benefit of 0120patient over the study period the icer of routine fixation was 12850qaly gained selective fixation based on a rushu  8 at six weeks postinjury would be associated with reduced treatment costs 415patient and would confer a potential eq5d3l benefit of 0335 per atrisk patient conclusion routine fixation for patients with humeral shaft fractures to reduce the rate of nonunion observed after nonoperative management appears to be a costeffective intervention at five years postinjury selective fixation for patients at risk of nonunion based on their rushu may confer even greater costeffectiveness given the potential savings and improvement in healthrelated quality of life cite this article bone jt open 202237566572,1,0.5850849
15245,how to evaluate healthrelated quality of life and its association with medication adherence in pulmonary tuberculosis  designing a prospective observational study in south africa,south africa adherence healthrelated quality of life study design tuberculosis,introduction healthrelated quality of life hrqol has become an important measure to identify and shape effective and patientrelevant healthcare interventions innovations through outcomes adherence to tuberculosis tb treatment is a public health concern the main objective of this research is to develop a study design for evaluation of hrqol and its association with medication adherence in tb in south africa methodology a conceptual framework for hrqol in tb has been developed to identify patientreported outcomes and quality of life database proqolid nd measures for hrqol and adherence and to generate an endpoint model two generic sf12 and eq5d5l one diseasespecific st georges respiratory questionnaire and one conditionspecific hospital anxiety and depression scale measure for hrqol and morisky medication adherence scale for adherence assessment were identified all measures are applied in a longitudinal multicenter study at five data collection time points during standard tb treatment statistical analysis includes multivariable analysis change over time in the physical component score of sf12 is defined as primary endpoint sample size estimation based thereupon has led to a recruitment target of 96 patients this study is ongoing discussion this is the first longitudinal study in south africa which evaluates hrqol and its association with medication adherence in tb in a comprehensive manner results will help to improve current treatment programs and medication adherence and will support the identification of sustainable health innovations in tb determining the value of new products and supporting decision making with regard to health policy and pricing,10.3389/fphar.2016.00125,how to evaluate healthrelated quality of life and its association with medication adherence in pulmonary tuberculosis  designing a prospective observational study in south africa [SEP] south africa adherence healthrelated quality of life study design tuberculosis [SEP] introduction healthrelated quality of life hrqol has become an important measure to identify and shape effective and patientrelevant healthcare interventions innovations through outcomes adherence to tuberculosis tb treatment is a public health concern the main objective of this research is to develop a study design for evaluation of hrqol and its association with medication adherence in tb in south africa methodology a conceptual framework for hrqol in tb has been developed to identify patientreported outcomes and quality of life database proqolid nd measures for hrqol and adherence and to generate an endpoint model two generic sf12 and eq5d5l one diseasespecific st georges respiratory questionnaire and one conditionspecific hospital anxiety and depression scale measure for hrqol and morisky medication adherence scale for adherence assessment were identified all measures are applied in a longitudinal multicenter study at five data collection time points during standard tb treatment statistical analysis includes multivariable analysis change over time in the physical component score of sf12 is defined as primary endpoint sample size estimation based thereupon has led to a recruitment target of 96 patients this study is ongoing discussion this is the first longitudinal study in south africa which evaluates hrqol and its association with medication adherence in tb in a comprehensive manner results will help to improve current treatment programs and medication adherence and will support the identification of sustainable health innovations in tb determining the value of new products and supporting decision making with regard to health policy and pricing,1,0.523863
3078,changes in physical and mental functions in patients with cardiovascular disease during the first two waves of covid19 in japan,covid19epidemiology cardiovascular diseasesepidemiology humans japanepidemiology pandemics quality of life surveys and questionnaires covid19 cardiovascular disease infection lifespace mobility pandemic quality of life,background and objectives the goal of this study was to determine whether changes in lifespace mobility and quality of life qol recovered in patients with cardiovascular disease cvd during the first two waves of the pandemic of coronavirus disease 2019 covid19 in japan methods we performed a followup survey in 20 cvd patients using the lifespace assessment lsa scale and the fivelevel euroqol fivedimensional questionnaire eq5d5l japanese version at three time points januarymarch 2020 before the first wave of the covid19 pandemic july 2020 following the first wave of the pandemic and november 2020 following the second wave of the pandemic results the lsa score in november 2020 median interquartile range 90 835100 points did not recover from the july 2020 score 83 76593 points however the eq5d5l qol score in november 2020 089 0821 had improved from that in july 2020 080 071087 conclusion the qol of cvd patients might have been more affected by psychological factors rather than physical factors during the first two waves of the covid19 pandemic in japan,10.2174/1574887117666220119122939,changes in physical and mental functions in patients with cardiovascular disease during the first two waves of covid19 in japan [SEP] covid19epidemiology cardiovascular diseasesepidemiology humans japanepidemiology pandemics quality of life surveys and questionnaires covid19 cardiovascular disease infection lifespace mobility pandemic quality of life [SEP] background and objectives the goal of this study was to determine whether changes in lifespace mobility and quality of life qol recovered in patients with cardiovascular disease cvd during the first two waves of the pandemic of coronavirus disease 2019 covid19 in japan methods we performed a followup survey in 20 cvd patients using the lifespace assessment lsa scale and the fivelevel euroqol fivedimensional questionnaire eq5d5l japanese version at three time points januarymarch 2020 before the first wave of the covid19 pandemic july 2020 following the first wave of the pandemic and november 2020 following the second wave of the pandemic results the lsa score in november 2020 median interquartile range 90 835100 points did not recover from the july 2020 score 83 76593 points however the eq5d5l qol score in november 2020 089 0821 had improved from that in july 2020 080 071087 conclusion the qol of cvd patients might have been more affected by psychological factors rather than physical factors during the first two waves of the covid19 pandemic in japan,1,0.604935
11122,estimation of minimally important differences in eq5d utility and vas scores in cancer,activities of daily living cancer care facilities crosssectional studies disease progression female humans lung neoplasmsdrug therapyphysiopathologypsychology male neoplasm staging neoplasmsdrug therapyphysiopathologypsychology psychometrics quality of life retrospective studies sickness impact profile surveys and questionnaires treatment outcome united kingdom united states value of life,background understanding what constitutes an important difference on a hrql measure is critical to its interpretation the aim of this study was to provide a range of estimates of minimally important differences mids in eq5d scores in cancer and to determine if estimates are comparable in lung cancer methods a retrospective analysis was conducted on crosssectional data collected from 534 cancer patients 50 of whom were lung cancer patients a range of minimally important differences mids in eq5d indexbased utility uk and us scores and vas scores were estimated using both anchorbased and distributionbased 12 standard deviation and standard error of the measure approaches groups were anchored using eastern cooperative oncology group performance status ps ratings and factg total scorebased quintiles results for ukutility scores mid estimates based on ps ranged from 010 to 012 both for all cancers and for lung cancer subgroup using factg quintiles mids were 009 to 010 for all cancers and 007 to 008 for lung cancer for usutility scores mids ranged from 007 to 009 grouped by ps for all cancers and for lung cancer when based on factg quintiles mids were 006 to 007 in all cancers and 005 to 006 in lung cancer mids for vas scores were similar for lung and all cancers ranging from 8 to 12 ps and 7 to 10 factg quintiles discussion important differences in eq5d utility and vas scores were similar for all cancers and lung cancer with the lower end of the range of estimates closer to the mid ie 008 for ukindex scores 006 for usindex scores and 7 corrected for vas scores,10.1186/1477-7525-5-70,estimation of minimally important differences in eq5d utility and vas scores in cancer [SEP] activities of daily living cancer care facilities crosssectional studies disease progression female humans lung neoplasmsdrug therapyphysiopathologypsychology male neoplasm staging neoplasmsdrug therapyphysiopathologypsychology psychometrics quality of life retrospective studies sickness impact profile surveys and questionnaires treatment outcome united kingdom united states value of life [SEP] background understanding what constitutes an important difference on a hrql measure is critical to its interpretation the aim of this study was to provide a range of estimates of minimally important differences mids in eq5d scores in cancer and to determine if estimates are comparable in lung cancer methods a retrospective analysis was conducted on crosssectional data collected from 534 cancer patients 50 of whom were lung cancer patients a range of minimally important differences mids in eq5d indexbased utility uk and us scores and vas scores were estimated using both anchorbased and distributionbased 12 standard deviation and standard error of the measure approaches groups were anchored using eastern cooperative oncology group performance status ps ratings and factg total scorebased quintiles results for ukutility scores mid estimates based on ps ranged from 010 to 012 both for all cancers and for lung cancer subgroup using factg quintiles mids were 009 to 010 for all cancers and 007 to 008 for lung cancer for usutility scores mids ranged from 007 to 009 grouped by ps for all cancers and for lung cancer when based on factg quintiles mids were 006 to 007 in all cancers and 005 to 006 in lung cancer mids for vas scores were similar for lung and all cancers ranging from 8 to 12 ps and 7 to 10 factg quintiles discussion important differences in eq5d utility and vas scores were similar for all cancers and lung cancer with the lower end of the range of estimates closer to the mid ie 008 for ukindex scores 006 for usindex scores and 7 corrected for vas scores,1,0.7009732
7993,a feasibility doubleblind randomized placebocontrolled trial of extracorporeal shockwave therapy as a novel treatment for intermittent claudication,aged ankle brachial index doubleblind method england exercise tolerance extracorporeal shockwave therapyadverse effects feasibility studies female humans intermittent claudicationdiagnosisphysiopathologytherapy leg male middle aged muscle skeletalblood supply peripheral arterial diseasediagnosisphysiopathologytherapy pilot projects prospective studies quality of life recovery of function surveys and questionnaires time factors treatment outcome walking,background intermittent claudication is the most common symptom of peripheral arterial disease previous research has suggested that extracorporeal shockwave therapy eswt may induce angiogenesis in treated tissue the objective of this feasibility pilot trial was to assess the safety tolerability and efficacy of eswt as a novel treatment methods patients with unilateral claudication were randomized to receive eswt or sham treatment to the calf muscle three times per week for 3 weeks primary outcomes were painfree walking distance pfwd and maximum walking distance mwd secondary outcomes included safety and tolerability of eswt treatment anklebrachial index before and after exercise and quality of life assessed using generic 36item short form health survey euroqol5 dimension 3level and diseasespecific vascular quality of life instruments participants were assessed at baseline and 4 8 and 12 weeks after treatment feasibility outcomes included recruitment and attendance rates for treatment and followup results thirty patients were recruited in total statistically significant p  05 improvements at all time points were observed in the active treatment group for both mwd and pfwd compared with the sham treatment group pfwd improved by 276 in the active group and mwd improved by 167 in the active group at 12 weeks after treatment there were no immediate or delayed treatment safety concerns or documented adverse effects of treatment with eswt in this trial conclusions eswt is safe and well tolerated when it is applied to the calf and demonstrated significant improvements in walking distances current conservative management of intermittent claudication includes supervised exercise the early results with eswt as an alternative noninvasive treatment option show great potential the mechanism of action durability of the clinical effect and costeffectiveness of eswt for claudication require further investigation,10.1016/j.jvs.2017.07.105,a feasibility doubleblind randomized placebocontrolled trial of extracorporeal shockwave therapy as a novel treatment for intermittent claudication [SEP] aged ankle brachial index doubleblind method england exercise tolerance extracorporeal shockwave therapyadverse effects feasibility studies female humans intermittent claudicationdiagnosisphysiopathologytherapy leg male middle aged muscle skeletalblood supply peripheral arterial diseasediagnosisphysiopathologytherapy pilot projects prospective studies quality of life recovery of function surveys and questionnaires time factors treatment outcome walking [SEP] background intermittent claudication is the most common symptom of peripheral arterial disease previous research has suggested that extracorporeal shockwave therapy eswt may induce angiogenesis in treated tissue the objective of this feasibility pilot trial was to assess the safety tolerability and efficacy of eswt as a novel treatment methods patients with unilateral claudication were randomized to receive eswt or sham treatment to the calf muscle three times per week for 3 weeks primary outcomes were painfree walking distance pfwd and maximum walking distance mwd secondary outcomes included safety and tolerability of eswt treatment anklebrachial index before and after exercise and quality of life assessed using generic 36item short form health survey euroqol5 dimension 3level and diseasespecific vascular quality of life instruments participants were assessed at baseline and 4 8 and 12 weeks after treatment feasibility outcomes included recruitment and attendance rates for treatment and followup results thirty patients were recruited in total statistically significant p  05 improvements at all time points were observed in the active treatment group for both mwd and pfwd compared with the sham treatment group pfwd improved by 276 in the active group and mwd improved by 167 in the active group at 12 weeks after treatment there were no immediate or delayed treatment safety concerns or documented adverse effects of treatment with eswt in this trial conclusions eswt is safe and well tolerated when it is applied to the calf and demonstrated significant improvements in walking distances current conservative management of intermittent claudication includes supervised exercise the early results with eswt as an alternative noninvasive treatment option show great potential the mechanism of action durability of the clinical effect and costeffectiveness of eswt for claudication require further investigation,1,0.5142942
15251,costeffectiveness of lumbar spondylolisthesis surgery at 2year followup,adult aged costbenefit analysis female followup studies humans lumbar vertebrae male middle aged spinal fusioneconomics spondylolisthesissurgery united states costeffectiveness costqaly spinal fusion spondylolisthesis,objectives the purpose of this study was to determine the costqualityadjusted lifeyear qaly of the operative treatment of lumbar spondylolisthesis and identify factors associated with costeffectiveness at 2 years methods we evaluated patients who underwent surgery for spondylolisthesis the qaly was determined from the eq5d outcomes were also assessed using the oswestry disability index odi surgical neuromonitoring and anesthesia current procedural terminology cpt codes as well as hospital diagnosisrelated group codes were used to determine the medicare direct care costs of surgery indirect costs were modeled based on existing literature a discounting rate of 3 was applied analysis was performed to determine which factors were associated with a costqaly less than 100000 results there were 44 patients who underwent surgery for either degenerative 30 or isthmic spondylolisthesis 14 there were 27 women and 17 men with an average age at surgery of 597 years standard deviation sd  1469 and an average followup of 2 years sd  082 the average postoperative improvement in odi was 2477 sd  239 and change in qaly was 043 sd  030 the average costqaly at 2 years for direct care costs was 89065 the average costqaly at 2 years for direct plus indirect costs was 112588 higher preoperative leg pain and greater leg pain change was associated with a costqaly 100000 p  005 p  028 the costeffective group had a higher proportion of patients with disease extent of two or more levels p  021 when comparing surgical techniques of anteriorposterior and posterior only there was no difference in costeffectiveness conclusions spondylolisthesis surgery is costeffective at 2 years with a qaly change of 043 and a direct costqaly of 89065 higher preoperative leg pain and larger extent of disease was associated with costeffectiveness level of evidence iv,10.1016/j.jspd.2015.05.006,costeffectiveness of lumbar spondylolisthesis surgery at 2year followup [SEP] adult aged costbenefit analysis female followup studies humans lumbar vertebrae male middle aged spinal fusioneconomics spondylolisthesissurgery united states costeffectiveness costqaly spinal fusion spondylolisthesis [SEP] objectives the purpose of this study was to determine the costqualityadjusted lifeyear qaly of the operative treatment of lumbar spondylolisthesis and identify factors associated with costeffectiveness at 2 years methods we evaluated patients who underwent surgery for spondylolisthesis the qaly was determined from the eq5d outcomes were also assessed using the oswestry disability index odi surgical neuromonitoring and anesthesia current procedural terminology cpt codes as well as hospital diagnosisrelated group codes were used to determine the medicare direct care costs of surgery indirect costs were modeled based on existing literature a discounting rate of 3 was applied analysis was performed to determine which factors were associated with a costqaly less than 100000 results there were 44 patients who underwent surgery for either degenerative 30 or isthmic spondylolisthesis 14 there were 27 women and 17 men with an average age at surgery of 597 years standard deviation sd  1469 and an average followup of 2 years sd  082 the average postoperative improvement in odi was 2477 sd  239 and change in qaly was 043 sd  030 the average costqaly at 2 years for direct care costs was 89065 the average costqaly at 2 years for direct plus indirect costs was 112588 higher preoperative leg pain and greater leg pain change was associated with a costqaly 100000 p  005 p  028 the costeffective group had a higher proportion of patients with disease extent of two or more levels p  021 when comparing surgical techniques of anteriorposterior and posterior only there was no difference in costeffectiveness conclusions spondylolisthesis surgery is costeffective at 2 years with a qaly change of 043 and a direct costqaly of 89065 higher preoperative leg pain and larger extent of disease was associated with costeffectiveness level of evidence iv,1,0.61167425
8535,comparison of clinical and echocardiographic outcomes and quality of life in patients with severe mitral regurgitation treated by mitraclip implantation or treated conservatively,mitraclip heart failure mitral regurgitation quality of life,introduction the most common alternative method of treatment for patients with severe mitral regurgitation mr is the implantation of a mitraclip device aim to evaluate clinical and echocardiographic outcomes and quality of life qol in patients with severe secondary mr disqualified from surgical intervention treated by implantation of a mitraclip in comparison to conservative therapy material and methods a total of 33 patients were included patients were stratified by treatment method group a mitraclip implantation n  10 group b conservative treatment n  23 clinical echocardiographic and qol eq5d3l sf12v2 health survey characteristics were compared at baseline and at followup of 80 23 months results in group a 2 deaths were observed one patient died 7 days after mitraclip implantation and the second patient died 4 months after the procedure no cases of rehospitalization were reported in group b 4 174 deaths and 6 261 hospitalizations were reported after mitraclip implantation a significant reduction of the nyha class p  002 decrease in grade of mr p  001 vena contracta width p  0006 effective regurgitant orifice area eroa p  0003 regurgitant volume p  003 and enddiastolic left ventricle diameter p  002 as well as an improvement in qol were reported there were no significant changes in the nyha class and qol in the group treated conservatively in those patients we observed increased intercommissural mitral annulus diameter p  003 left atrium diameter p  0002 and right ventricle dimension p  0008 more severe tricuspid regurgitation p  002 and lower mitral annular plane systolic excursion p  001 conclusions patients with severe secondary mr treated with the mitraclip achieved a significant reduction in symptoms and mr grade as well as an improvement in qol as compared to patients treated conservatively,10.5114/aic.2018.78334,comparison of clinical and echocardiographic outcomes and quality of life in patients with severe mitral regurgitation treated by mitraclip implantation or treated conservatively [SEP] mitraclip heart failure mitral regurgitation quality of life [SEP] introduction the most common alternative method of treatment for patients with severe mitral regurgitation mr is the implantation of a mitraclip device aim to evaluate clinical and echocardiographic outcomes and quality of life qol in patients with severe secondary mr disqualified from surgical intervention treated by implantation of a mitraclip in comparison to conservative therapy material and methods a total of 33 patients were included patients were stratified by treatment method group a mitraclip implantation n  10 group b conservative treatment n  23 clinical echocardiographic and qol eq5d3l sf12v2 health survey characteristics were compared at baseline and at followup of 80 23 months results in group a 2 deaths were observed one patient died 7 days after mitraclip implantation and the second patient died 4 months after the procedure no cases of rehospitalization were reported in group b 4 174 deaths and 6 261 hospitalizations were reported after mitraclip implantation a significant reduction of the nyha class p  002 decrease in grade of mr p  001 vena contracta width p  0006 effective regurgitant orifice area eroa p  0003 regurgitant volume p  003 and enddiastolic left ventricle diameter p  002 as well as an improvement in qol were reported there were no significant changes in the nyha class and qol in the group treated conservatively in those patients we observed increased intercommissural mitral annulus diameter p  003 left atrium diameter p  0002 and right ventricle dimension p  0008 more severe tricuspid regurgitation p  002 and lower mitral annular plane systolic excursion p  001 conclusions patients with severe secondary mr treated with the mitraclip achieved a significant reduction in symptoms and mr grade as well as an improvement in qol as compared to patients treated conservatively,1,0.6865681
13485,economic evaluation alongside a single rct of an integrative psychotherapeutic nursing home programme,aged aged 80 and over cognition disorderseconomicstherapy costbenefit analysis delivery of health care integratedeconomicsmethods female geriatric assessment humans male neuropsychological tests nursing homeseconomicsorganization  administration psychotherapyeconomicsmethods qualityadjusted life years,background there is an 80 prevalence of two or more psychiatric symptoms in psychogeriatric patients multiple psychiatric symptoms mps have many negative effects on quality of life of the patient as well as on caregiver burden and competence irrespective of the effectiveness of an intervention programme it is important to take into account its economic aspects methods the economic evaluation was performed alongside a single open rct and conducted between 2001 and 2006 the patients who met the selection criteria were asked to participate in the rct after the patient or his caregiver signed a written informed consent form he was then randomly assigned to either irr or ucthe costs and effects of irr were compared to those of uc we assessed the costutility of irr as well as the costeffectiveness of both conditions primary outcome variable severity of mps npi of patients secondary outcome variables general caregiver burden cb and caregiver competence ccl quality of life eq5d of the patient and total medical costs per patient ticp costutility was evaluated on the basis of differences in total medical costs costeffectiveness was evaluated by comparing differences of total medical costs and effects on npi cb and ccl incremental costeffectiveness ratio icer ceacanalyses were performed for qaly and npiseverity all significant testing was fixed at p005 twotailed the data were analyzed according to the intentiontotreat ittprinciple a complete cases approach cc was used results irr turned out to be nonsignificantly 105 more expensive than uc  36 per day the number of qalys was 001 higher nonsignificant in irr resulting in  276290 per qaly according to the icermethod irr was significantly more costeffective on npisumseverity of the patient up to 34 cb and ccl up to 50 with icers varying from  130 to  540 per additional point of improvement conclusions no significant differences were found on qalys in irr patients improved significantly more on severity of mps and caregivers on general burden and competence with incremental costs varying from  130 to  540 per additional point of improvement the surplus costs of irr are considered acceptable taking into account the high societal costs of suffering from mps of psychogeriatric patients and the high burden of caregivers the large discrepancy in economic evaluation between qalys based on eq5d and icers based on clinically relevant outcomes demands further research on the validity of eq5d in psychogeriatric costutility studies trial registration nr isrctn 38916563 december 2004,10.1186/1472-6963-13-370,economic evaluation alongside a single rct of an integrative psychotherapeutic nursing home programme [SEP] aged aged 80 and over cognition disorderseconomicstherapy costbenefit analysis delivery of health care integratedeconomicsmethods female geriatric assessment humans male neuropsychological tests nursing homeseconomicsorganization  administration psychotherapyeconomicsmethods qualityadjusted life years [SEP] background there is an 80 prevalence of two or more psychiatric symptoms in psychogeriatric patients multiple psychiatric symptoms mps have many negative effects on quality of life of the patient as well as on caregiver burden and competence irrespective of the effectiveness of an intervention programme it is important to take into account its economic aspects methods the economic evaluation was performed alongside a single open rct and conducted between 2001 and 2006 the patients who met the selection criteria were asked to participate in the rct after the patient or his caregiver signed a written informed consent form he was then randomly assigned to either irr or ucthe costs and effects of irr were compared to those of uc we assessed the costutility of irr as well as the costeffectiveness of both conditions primary outcome variable severity of mps npi of patients secondary outcome variables general caregiver burden cb and caregiver competence ccl quality of life eq5d of the patient and total medical costs per patient ticp costutility was evaluated on the basis of differences in total medical costs costeffectiveness was evaluated by comparing differences of total medical costs and effects on npi cb and ccl incremental costeffectiveness ratio icer ceacanalyses were performed for qaly and npiseverity all significant testing was fixed at p005 twotailed the data were analyzed according to the intentiontotreat ittprinciple a complete cases approach cc was used results irr turned out to be nonsignificantly 105 more expensive than uc  36 per day the number of qalys was 001 higher nonsignificant in irr resulting in  276290 per qaly according to the icermethod irr was significantly more costeffective on npisumseverity of the patient up to 34 cb and ccl up to 50 with icers varying from  130 to  540 per additional point of improvement conclusions no significant differences were found on qalys in irr patients improved significantly more on severity of mps and caregivers on general burden and competence with incremental costs varying from  130 to  540 per additional point of improvement the surplus costs of irr are considered acceptable taking into account the high societal costs of suffering from mps of psychogeriatric patients and the high burden of caregivers the large discrepancy in economic evaluation between qalys based on eq5d and icers based on clinically relevant outcomes demands further research on the validity of eq5d in psychogeriatric costutility studies trial registration nr isrctn 38916563 december 2004,1,0.5915096
7664,factors associated with influenza vaccine coverage among patients with diabetes korea national health and nutrition examination survey 20162018,diabetes influenza vaccination coverage south korea,background although the influenza vaccine has been proven to be effective this common disease has high morbidity and mortality rates moreover adults with diabetes are at a high risk of influenzamediated morbidity and mortality purpose of the study with the increasing prevalence of diabetes influenza is more lethal in diabetics thus we aimed to investigate the factors associated with influenza vaccination coverage in patients with diabetes methods crosssectional data were obtained from the korea national health and nutrition examination survey 20162018 we retrospectively analyzed whether sociodemographic healthrelated and medical factors are associated with influenza vaccination coverage in patients with diabetes we performed a complex sample logistic regression analysis and estimated the odds ratios ors by adjusting for statistically significant factors results the number of survey subjects was 18553 the vaccine coverage rate among patients with diabetes was 606 in the univariate analysis sex educational level smoking exercise drinking marital status private health insurance activity limit economic activity age and euroqol5 dimension scores which were used to assess healthrelated quality of life were associated with vaccination coverage in the multivariate analysis only age and economic activity were associated with vaccination coverage the vaccination coverage rate was higher for people who did not undertake economic activities and who were older or 1512 10872105 or 2212 18222686 respectively p  0001 conclusion national interventions involving public health centers are necessary to encourage influenza immunization for patients with diabetes especially younger patients and those who work or undertake economic activities,10.1007/s13410-021-00977-x,factors associated with influenza vaccine coverage among patients with diabetes korea national health and nutrition examination survey 20162018 [SEP] diabetes influenza vaccination coverage south korea [SEP] background although the influenza vaccine has been proven to be effective this common disease has high morbidity and mortality rates moreover adults with diabetes are at a high risk of influenzamediated morbidity and mortality purpose of the study with the increasing prevalence of diabetes influenza is more lethal in diabetics thus we aimed to investigate the factors associated with influenza vaccination coverage in patients with diabetes methods crosssectional data were obtained from the korea national health and nutrition examination survey 20162018 we retrospectively analyzed whether sociodemographic healthrelated and medical factors are associated with influenza vaccination coverage in patients with diabetes we performed a complex sample logistic regression analysis and estimated the odds ratios ors by adjusting for statistically significant factors results the number of survey subjects was 18553 the vaccine coverage rate among patients with diabetes was 606 in the univariate analysis sex educational level smoking exercise drinking marital status private health insurance activity limit economic activity age and euroqol5 dimension scores which were used to assess healthrelated quality of life were associated with vaccination coverage in the multivariate analysis only age and economic activity were associated with vaccination coverage the vaccination coverage rate was higher for people who did not undertake economic activities and who were older or 1512 10872105 or 2212 18222686 respectively p  0001 conclusion national interventions involving public health centers are necessary to encourage influenza immunization for patients with diabetes especially younger patients and those who work or undertake economic activities,1,0.68957055
1987,health utility and healthrelated quality of life of japanese prostate cancer patients according to progression status measured using eq5d5l and factp,aged crosssectional studies disease progression health status humans japan linear models male prostatic neoplasmspsychology quality of lifepsychology surveys and questionnaires eq5d5l eqvas factp healthrelated quality of life hrqol prostate cancer,purpose to obtain health utility data to allow for costeffectiveness analysis in groups stratified by disease progression along with healthrelated quality of life hrqol information in japanese prostate cancer pc patients methods in this crosssectional observational study euroqol5 dimension 5 level eq5d5l euroqol visual analog scale eqvas and functional assessment of cancer therapyprostate factp measures were used to examine utility vas scores and diseasespecific hrqol respectively scores obtained were statistically examined for the correlation among measures and domains parameter estimates of statistically significant factors were assessed using generalized linear models glm results a total of 380 patients stratified by their disease progression status were analyzed the numbers  of patients in groups stratified as having localized l localized progression lp distant metastatic dm and dmcastrationresistant pc crpc were 275 724 40 105 27 71 and 38 100 respectively eq5d5l mean standard deviation sd scores of l lp dm and dmcrpc in study participants were 087 015 086 015 085 018 and 084 017 respectively the mean sd scores assessed by eq5d5l eqvas and factp instruments were 086 016 746 168 and 1108 196 respectively utility scores correlated well with factp scores eastern cooperative oncology group performance status had significant influences on all instruments scores conclusions we obtained health utility and hrqol scores of japanese pc patients stratified by disease progression in detail our results will be useful for establishing costeffectiveness analyses in japanese pc settings,10.1007/s11136-019-02184-y,health utility and healthrelated quality of life of japanese prostate cancer patients according to progression status measured using eq5d5l and factp [SEP] aged crosssectional studies disease progression health status humans japan linear models male prostatic neoplasmspsychology quality of lifepsychology surveys and questionnaires eq5d5l eqvas factp healthrelated quality of life hrqol prostate cancer [SEP] purpose to obtain health utility data to allow for costeffectiveness analysis in groups stratified by disease progression along with healthrelated quality of life hrqol information in japanese prostate cancer pc patients methods in this crosssectional observational study euroqol5 dimension 5 level eq5d5l euroqol visual analog scale eqvas and functional assessment of cancer therapyprostate factp measures were used to examine utility vas scores and diseasespecific hrqol respectively scores obtained were statistically examined for the correlation among measures and domains parameter estimates of statistically significant factors were assessed using generalized linear models glm results a total of 380 patients stratified by their disease progression status were analyzed the numbers  of patients in groups stratified as having localized l localized progression lp distant metastatic dm and dmcastrationresistant pc crpc were 275 724 40 105 27 71 and 38 100 respectively eq5d5l mean standard deviation sd scores of l lp dm and dmcrpc in study participants were 087 015 086 015 085 018 and 084 017 respectively the mean sd scores assessed by eq5d5l eqvas and factp instruments were 086 016 746 168 and 1108 196 respectively utility scores correlated well with factp scores eastern cooperative oncology group performance status had significant influences on all instruments scores conclusions we obtained health utility and hrqol scores of japanese pc patients stratified by disease progression in detail our results will be useful for establishing costeffectiveness analyses in japanese pc settings,1,0.67827743
13274,the generation r study a candidate gene study and genomewide association study gwas on healthrelated quality of life hrqol of mothers and young children,child child preschool dna female genetic predisposition to disease genomewide association studymethods genotype health status humans infant infant newborn male mothers netherlands pregnancyblood prospective studies quality of life sickness impact profile,aim the aim of this paper is to describe the generation r study as a template that enables candidate gene study and genomewide association study regarding healthrelated quality of life hrqol of mothers and their young children methods generation r is a populationbased prospective cohort study from fetal life onwards in rotterdam the netherlands children were born in 20022006 blood from mothers and placenta cord blood were sampled mothers hrqol was measured 5 times during pregnancy and after birth using sf12 and eq5d childrens hrqol was measured 5 times between age 1 and 56 years using infanttoddler quality of life questionnaire itqol health status classification system preschool hscsps and child health questionnaire parent form 28 items chqpf28 respectively results dna is available for 8055 mothers and 5908 children genotyping of various candidate genes and a genomewide association gwa scan illumina 610k of child dna were done a template for genehrqol analyses is provided we start with candidate gene study on hrqol of mothers and children geneenvironment interaction and interaction with medical indicators of health status will be explored next gwa study on hrqol will be performed conclusions gaining insight into the determinants of hrqol is essential to assisting efforts in health policy and clinical application to improve wellbeing and health in the future it might be possible to complement hrqol assessments by examinations of genetic markers strengths and weaknesses of the generation r study are discussed,10.1007/s11136-010-9773-7,the generation r study a candidate gene study and genomewide association study gwas on healthrelated quality of life hrqol of mothers and young children [SEP] child child preschool dna female genetic predisposition to disease genomewide association studymethods genotype health status humans infant infant newborn male mothers netherlands pregnancyblood prospective studies quality of life sickness impact profile [SEP] aim the aim of this paper is to describe the generation r study as a template that enables candidate gene study and genomewide association study regarding healthrelated quality of life hrqol of mothers and their young children methods generation r is a populationbased prospective cohort study from fetal life onwards in rotterdam the netherlands children were born in 20022006 blood from mothers and placenta cord blood were sampled mothers hrqol was measured 5 times during pregnancy and after birth using sf12 and eq5d childrens hrqol was measured 5 times between age 1 and 56 years using infanttoddler quality of life questionnaire itqol health status classification system preschool hscsps and child health questionnaire parent form 28 items chqpf28 respectively results dna is available for 8055 mothers and 5908 children genotyping of various candidate genes and a genomewide association gwa scan illumina 610k of child dna were done a template for genehrqol analyses is provided we start with candidate gene study on hrqol of mothers and children geneenvironment interaction and interaction with medical indicators of health status will be explored next gwa study on hrqol will be performed conclusions gaining insight into the determinants of hrqol is essential to assisting efforts in health policy and clinical application to improve wellbeing and health in the future it might be possible to complement hrqol assessments by examinations of genetic markers strengths and weaknesses of the generation r study are discussed,0,0.52079123
2213,improving the understanding of how patients with nondystrophic myotonia are selected for myotonia treatment with mexiletine namuscla outcomes of treatment impact using a european delphi panel,adult channelopathies humans mexiletinetherapeutic use myotonia nav14 voltagegated sodium channel quality of life treatment outcome delphi panel eq5d healthcare resource utilisation inqol mexiletine namuscla nondystrophic myotonia quality of life,background nondystrophic myotonias ndms comprise muscle chloride and sodium channelopathies due to genetic defects of the clcn1 and scn4achannels no licensed antimyotonic treatment has been available until approval of mexiletine namuscla for adult patients by the ema in december 2018 this delphi panel aimed to understand how outcomes of the pivotal phase iii mexiletine study myomex translate to real world practice and investigate health resource use quality of life and the natural history of ndm to support economic modelling and facilitate patient access methods nine clinical experts in treating ndm took part in a tworound delphi panel their knowledge of ndm and previous use of mexiletine as an offlabel treatment prior to namusclas approval ensured they could provide both qualitative context and quantitative estimates to support economic modelling comparing mexiletine namuscla to best supportive care consensus in four key areas was sought healthcare resource utilization hru treatment with mexiletine namuscla patient quality of life qol and the natural history of disease concept questions were also asked considering perceptions on the feasibility of mapping the validated individualized neuromuscular quality of life inqol instrument to the generic eq5d and the potential impact on caregiver qol results consensus was achieved for key questions including the average longterm dosage of mexiletine namuscla in practice the criteria for eligibility of myotonia treatment the clinical importance of qol outcomes in myomex the higher proportion of patients with increased qol and the reduction in the need for mental health resources for patients receiving mexiletine namuscla while consensus was not achieved for other questions the results demonstrated that most experts felt mexiletine namuscla reduced the need for hru and was expected to improve qol the qol mapping exercise suggested that it is feasible to map domains of inqol to eq5d points of interest for future research were identified including that mexiletine namuscla may slow the annual decrease in qol of patients over their lifetime and a significant negative impact on qol for some caregivers conclusions this project successfully provided data from an informed group of clinical experts complementing the currently available clinical trial data for mexiletine namuscla to support patient access decisions,10.1186/s12883-021-02491-3,improving the understanding of how patients with nondystrophic myotonia are selected for myotonia treatment with mexiletine namuscla outcomes of treatment impact using a european delphi panel [SEP] adult channelopathies humans mexiletinetherapeutic use myotonia nav14 voltagegated sodium channel quality of life treatment outcome delphi panel eq5d healthcare resource utilisation inqol mexiletine namuscla nondystrophic myotonia quality of life [SEP] background nondystrophic myotonias ndms comprise muscle chloride and sodium channelopathies due to genetic defects of the clcn1 and scn4achannels no licensed antimyotonic treatment has been available until approval of mexiletine namuscla for adult patients by the ema in december 2018 this delphi panel aimed to understand how outcomes of the pivotal phase iii mexiletine study myomex translate to real world practice and investigate health resource use quality of life and the natural history of ndm to support economic modelling and facilitate patient access methods nine clinical experts in treating ndm took part in a tworound delphi panel their knowledge of ndm and previous use of mexiletine as an offlabel treatment prior to namusclas approval ensured they could provide both qualitative context and quantitative estimates to support economic modelling comparing mexiletine namuscla to best supportive care consensus in four key areas was sought healthcare resource utilization hru treatment with mexiletine namuscla patient quality of life qol and the natural history of disease concept questions were also asked considering perceptions on the feasibility of mapping the validated individualized neuromuscular quality of life inqol instrument to the generic eq5d and the potential impact on caregiver qol results consensus was achieved for key questions including the average longterm dosage of mexiletine namuscla in practice the criteria for eligibility of myotonia treatment the clinical importance of qol outcomes in myomex the higher proportion of patients with increased qol and the reduction in the need for mental health resources for patients receiving mexiletine namuscla while consensus was not achieved for other questions the results demonstrated that most experts felt mexiletine namuscla reduced the need for hru and was expected to improve qol the qol mapping exercise suggested that it is feasible to map domains of inqol to eq5d points of interest for future research were identified including that mexiletine namuscla may slow the annual decrease in qol of patients over their lifetime and a significant negative impact on qol for some caregivers conclusions this project successfully provided data from an informed group of clinical experts complementing the currently available clinical trial data for mexiletine namuscla to support patient access decisions,1,0.50217366
2414,health status deterioration in subjects with mild to moderate airflow obstruction a six years observational study,aged casecontrol studies exercisephysiologypsychology female followup studies health status health surveystrends humans male middle aged physical fitnessphysiologypsychology prospective studies pulmonary disease chronic obstructivediagnosisphysiopathologypsychology quality of lifepsychology time factors aging airflow obstruction chronic obstructive pulmonary disease health status longitudinal studies,background patients with copd need to cope with a disabling disease which leads to health status impairment aim to investigate the long term change of health status in subjects with mild to moderate airflow obstruction and to compare this to subjects without airflow obstruction with and without a smoking history second to investigate the factors potentially associated to rapid health status decline in our total cohort methods two hundred and one subjects were included generic short form 36 health survey sf36 and euroqol  5 dimensions eq5d and disease specific clinical copd questionnaire ccq and copd assessment test cat health status questionnaires were regularly repeated over a six years period other functional outcomes comprised measures of lung function physical fitness physical activity and emotional state results on average health status decline did not differ between groups with the exception of the eq5d index which deteriorated faster in subjects with airflow obstruction compared to the never smoking control group  00180008 versus 0000060003 p  003 subjects presenting at least one exacerbation had faster rate of deterioration measured with cat 091021 versus  026025 p  001 characteristics of the fast declining group were older age worse lung function physical fitness physical activity and disease specific baseline health status subjects with airflow obstruction had a 25 95 ci 136471 higher risk of presenting fast overall health status decline fast overall decline was associated with the presence of acute exacerbations 44 of the subjects with exacerbations versus 17 of subjects without exacerbation p  003 changes in fat free mass functional exercise capacity and in symptoms of anxiety and depression correlated weakly to changes in health status measured with all questionnaires conclusion subjects with mild airflow obstruction present a significant deterioration of health status which is generally not much faster compared to smoking and never smoking controls subjects with fast decline in overall health status are older and more likely to have airflow obstruction acute respiratory exacerbations reduced physical fitness physical activity and impaired copd specific health status at baseline trial registration nct01314807  retrospectively registered on march 2011,10.1186/s12931-019-1061-7,health status deterioration in subjects with mild to moderate airflow obstruction a six years observational study [SEP] aged casecontrol studies exercisephysiologypsychology female followup studies health status health surveystrends humans male middle aged physical fitnessphysiologypsychology prospective studies pulmonary disease chronic obstructivediagnosisphysiopathologypsychology quality of lifepsychology time factors aging airflow obstruction chronic obstructive pulmonary disease health status longitudinal studies [SEP] background patients with copd need to cope with a disabling disease which leads to health status impairment aim to investigate the long term change of health status in subjects with mild to moderate airflow obstruction and to compare this to subjects without airflow obstruction with and without a smoking history second to investigate the factors potentially associated to rapid health status decline in our total cohort methods two hundred and one subjects were included generic short form 36 health survey sf36 and euroqol  5 dimensions eq5d and disease specific clinical copd questionnaire ccq and copd assessment test cat health status questionnaires were regularly repeated over a six years period other functional outcomes comprised measures of lung function physical fitness physical activity and emotional state results on average health status decline did not differ between groups with the exception of the eq5d index which deteriorated faster in subjects with airflow obstruction compared to the never smoking control group  00180008 versus 0000060003 p  003 subjects presenting at least one exacerbation had faster rate of deterioration measured with cat 091021 versus  026025 p  001 characteristics of the fast declining group were older age worse lung function physical fitness physical activity and disease specific baseline health status subjects with airflow obstruction had a 25 95 ci 136471 higher risk of presenting fast overall health status decline fast overall decline was associated with the presence of acute exacerbations 44 of the subjects with exacerbations versus 17 of subjects without exacerbation p  003 changes in fat free mass functional exercise capacity and in symptoms of anxiety and depression correlated weakly to changes in health status measured with all questionnaires conclusion subjects with mild airflow obstruction present a significant deterioration of health status which is generally not much faster compared to smoking and never smoking controls subjects with fast decline in overall health status are older and more likely to have airflow obstruction acute respiratory exacerbations reduced physical fitness physical activity and impaired copd specific health status at baseline trial registration nct01314807  retrospectively registered on march 2011,1,0.6294697
13398,costeffectiveness analysis of the surgical treatment of female urinary incontinence using slings and meshes,adult costbenefit analysis female humans quality of life suburethral slingseconomics surgical mesheconomics urinary incontinenceeconomicssurgery urinary incontinence stresseconomicssurgery costeffectiveness analysis costutility analysis female urinary incontinence qaly surgical treatment,objective to determine the costutility and costeffectiveness of the surgical treatment of female urinary incontinence using suburethral slings and prolapse meshes compared with therapeutic abstention study design an economic analysis was performed on 69 women receiving surgical treatment for urinary incontinence using suburethral slings and prolapse meshes to calculate the procedures costeffectiveness an incremental analysis up to one year was performed using the incremental costeffectiveness ratio icer the costs were calculated using a costbyprocess model answers to the healthrelated quality of life questionnaires eq5d generic and international consultation incontinence questionnaire shortform specific were collected before the operation and as well as one month and one year postoperation to calculate the utility using qualityadjusted life years qaly and the effectiveness respectively to complete the economic evaluation we derived confidence ellipses and acceptability curves the analysis was conducted for the entire sample and also for each type of urinary incontinence results in total 45 women presented with stress incontinence 15 with mixed incontinence and 9 with incontinence associated with prolapse the average cost per patient at one year postoperation was 1220  the qaly achieved at one year was 0046 the results reveal an icer at one year of 26288 qaly which is below the costeffectiveness threshold considered acceptable and this value was lower for stress incontinence 21191 qaly the costeffectiveness was 1065 international consultation incontinence questionnaire shortform unit conclusion surgery for female urinary incontinence using slings is costeffective compared with abstention in our public health environment,10.1016/j.ejogrb.2013.08.035,costeffectiveness analysis of the surgical treatment of female urinary incontinence using slings and meshes [SEP] adult costbenefit analysis female humans quality of life suburethral slingseconomics surgical mesheconomics urinary incontinenceeconomicssurgery urinary incontinence stresseconomicssurgery costeffectiveness analysis costutility analysis female urinary incontinence qaly surgical treatment [SEP] objective to determine the costutility and costeffectiveness of the surgical treatment of female urinary incontinence using suburethral slings and prolapse meshes compared with therapeutic abstention study design an economic analysis was performed on 69 women receiving surgical treatment for urinary incontinence using suburethral slings and prolapse meshes to calculate the procedures costeffectiveness an incremental analysis up to one year was performed using the incremental costeffectiveness ratio icer the costs were calculated using a costbyprocess model answers to the healthrelated quality of life questionnaires eq5d generic and international consultation incontinence questionnaire shortform specific were collected before the operation and as well as one month and one year postoperation to calculate the utility using qualityadjusted life years qaly and the effectiveness respectively to complete the economic evaluation we derived confidence ellipses and acceptability curves the analysis was conducted for the entire sample and also for each type of urinary incontinence results in total 45 women presented with stress incontinence 15 with mixed incontinence and 9 with incontinence associated with prolapse the average cost per patient at one year postoperation was 1220  the qaly achieved at one year was 0046 the results reveal an icer at one year of 26288 qaly which is below the costeffectiveness threshold considered acceptable and this value was lower for stress incontinence 21191 qaly the costeffectiveness was 1065 international consultation incontinence questionnaire shortform unit conclusion surgery for female urinary incontinence using slings is costeffective compared with abstention in our public health environment,1,0.6683214
11018,healthrelated quality of life in family members of patients with an advanced cancer diagnosis a oneyear prospective study,aged chisquare distribution familypsychology family healthstatistics  numerical data female gastrointestinal neoplasmsdiagnosissecondary humans linear models lung neoplasmsdiagnosissecondary male middle aged prospective studies quality indicators health care quality of life selfassessment social class surveys and questionnaires sweden,background receiving a cancer diagnosis affects family members as well as the person diagnosed family members often provide support for the sick person in daily life out of duty and love and may not always think of their own vulnerability to illness to individualise support for them family members who are most at risk for becoming ill must be identifiedthe aim of this study was to investigate healthrelated quality of life hrqol in family members of patients with advanced lung or gastrointestinal cancer 3 to 15 months after diagnosis methods data on mental and physical dimensions of hrqol were collected from family members of these patients in this prospective quantitative study five assessments using the short form 36 health survey sf36 and euroqol eq5d were conducted during a 1year period starting 3 months after diagnosis thirtysix family members completed the study ie participated in all five data collections results no statistically significant changes in physical or mental hrqol within the study group appeared over the 1year followup compared with normbased scores family members had significantly poorer mental hrqol scores throughout the year as measured by the sf36 family members also scored statistically significantly worse on the eq5d vas in all five assessments compared to the normbased score findings showed that older family members and partners were at higher risk for decreased physical hrqol throughout the 1year period and younger family members were at higher risk for poorer mental hrqol conclusions it is well known that ill health is associated with poor hrqol by identifying family members with poor hrqol those at risk of ill health can be identified and supported future largescale research that verifies our findings is needed before making recommendations for individualised support and creating interventions best tailored to family members at risk for illness,10.1186/1477-7525-10-89,healthrelated quality of life in family members of patients with an advanced cancer diagnosis a oneyear prospective study [SEP] aged chisquare distribution familypsychology family healthstatistics  numerical data female gastrointestinal neoplasmsdiagnosissecondary humans linear models lung neoplasmsdiagnosissecondary male middle aged prospective studies quality indicators health care quality of life selfassessment social class surveys and questionnaires sweden [SEP] background receiving a cancer diagnosis affects family members as well as the person diagnosed family members often provide support for the sick person in daily life out of duty and love and may not always think of their own vulnerability to illness to individualise support for them family members who are most at risk for becoming ill must be identifiedthe aim of this study was to investigate healthrelated quality of life hrqol in family members of patients with advanced lung or gastrointestinal cancer 3 to 15 months after diagnosis methods data on mental and physical dimensions of hrqol were collected from family members of these patients in this prospective quantitative study five assessments using the short form 36 health survey sf36 and euroqol eq5d were conducted during a 1year period starting 3 months after diagnosis thirtysix family members completed the study ie participated in all five data collections results no statistically significant changes in physical or mental hrqol within the study group appeared over the 1year followup compared with normbased scores family members had significantly poorer mental hrqol scores throughout the year as measured by the sf36 family members also scored statistically significantly worse on the eq5d vas in all five assessments compared to the normbased score findings showed that older family members and partners were at higher risk for decreased physical hrqol throughout the 1year period and younger family members were at higher risk for poorer mental hrqol conclusions it is well known that ill health is associated with poor hrqol by identifying family members with poor hrqol those at risk of ill health can be identified and supported future largescale research that verifies our findings is needed before making recommendations for individualised support and creating interventions best tailored to family members at risk for illness,1,0.63691235
14473,missed lowgrade infection in suspected aseptic loosening has no consequences for the survival of total hip arthroplasty,aged arthroplasty replacement hipadverse effects diagnostic errors female humans male prospective studies prosthesis failureetiology prosthesisrelated infectionscomplicationsdiagnosis quality of life surveys and questionnaires time factors,background and purpose aseptic loosening and infection are 2 of the most common causes of revision of hip implants antibiotic prophylaxis reduces not only the rate of revision due to infection but also the rate of revision due to aseptic loosening this suggests underdiagnosis of infections in patients with presumed aseptic loosening and indicates that current diagnostic tools are suboptimal in a previous multicenter study on 176 patients undergoing revision of a total hip arthroplasty due to presumed aseptic loosening optimized diagnostics revealed that 413 of the patients had a lowgrade infection these infections were not treated as such and in the current followup study the effect on mid to longterm implant survival was investigated patients and methods patients were sent a 2part questionnaire part a requested information about possible rerevisions of their total hip arthroplasty part b consisted of 3 patientrelated outcome measure questionnaires eq5d oxford hip score and visual analog scale for pain additional information was retrieved from the medical records the group of patients found to have a lowgrade infection was compared to those with aseptic loosening results 173 of 176 patients from the original study were included in the followup time between the revision surgery and the current study mean 75 years 31 patients had died no statistically significant difference in the number of rerevisions was found between the infection group 2 out of 21 and the aseptic loosening group 13 out of 152 nor was there any significant difference in the time to rerevision quality of life function and pain were similar between the groups but only 99 57 of the patients returned part b interpretation underdiagnosis of lowgrade infection in conjunction with presumed aseptic revision of total hip arthroplasty may not affect implant survival,10.3109/17453674.2015.1086942,missed lowgrade infection in suspected aseptic loosening has no consequences for the survival of total hip arthroplasty [SEP] aged arthroplasty replacement hipadverse effects diagnostic errors female humans male prospective studies prosthesis failureetiology prosthesisrelated infectionscomplicationsdiagnosis quality of life surveys and questionnaires time factors [SEP] background and purpose aseptic loosening and infection are 2 of the most common causes of revision of hip implants antibiotic prophylaxis reduces not only the rate of revision due to infection but also the rate of revision due to aseptic loosening this suggests underdiagnosis of infections in patients with presumed aseptic loosening and indicates that current diagnostic tools are suboptimal in a previous multicenter study on 176 patients undergoing revision of a total hip arthroplasty due to presumed aseptic loosening optimized diagnostics revealed that 413 of the patients had a lowgrade infection these infections were not treated as such and in the current followup study the effect on mid to longterm implant survival was investigated patients and methods patients were sent a 2part questionnaire part a requested information about possible rerevisions of their total hip arthroplasty part b consisted of 3 patientrelated outcome measure questionnaires eq5d oxford hip score and visual analog scale for pain additional information was retrieved from the medical records the group of patients found to have a lowgrade infection was compared to those with aseptic loosening results 173 of 176 patients from the original study were included in the followup time between the revision surgery and the current study mean 75 years 31 patients had died no statistically significant difference in the number of rerevisions was found between the infection group 2 out of 21 and the aseptic loosening group 13 out of 152 nor was there any significant difference in the time to rerevision quality of life function and pain were similar between the groups but only 99 57 of the patients returned part b interpretation underdiagnosis of lowgrade infection in conjunction with presumed aseptic revision of total hip arthroplasty may not affect implant survival,1,0.5722398
15167,validation of a modified version of the brief pain inventory for painful diabetic peripheral neuropathy,adolescent adult aged comorbidity data collection diabetic neuropathiesclassificationdiagnosisepidemiology female humans incidence male middle aged neuralgiaclassificationdiagnosisepidemiology pain measurementmethods quality of life reproducibility of results risk assessmentmethods risk factors sensitivity and specificity severity of illness index united statesepidemiology,neuropathic pain is the focus of current clinical research clinical identification and treatment it is unique from nociceptive pain and requires evaluation of the relevance and utility of common pain measures created for other painful conditions this study evaluated the psychometric properties of a modified brief pain inventory bpi for patients with painful diabetic peripheral neuropathy bpidpn participants were patients with painful dpn n255 enrolled in a dpn burden of illness survey referred through 17 outpatient settings primary care physicians endocrinologists neurologists and anesthesiologists patients completed the bpidpn and selfreport measures of healthrelated quality of life mood sleep and healthcare utilization construct criterion and discriminant validity and internal consistency reliability were evaluated principal axis factoring with oblimin rotation revealed two interpretable factors eigenvalues10 consistent with most published bpi validation studies a severity scale comprising the four bpi severity items and an interference scale comprising the seven interference items which satisfied criteria for interpretability and model fit cronbachs alpha was high 094 for both scales mean pain severity was highly correlated with bodily pain from the medical outcomes study short form12 version 2 rs063 p  0001 the paindiscomfort item in the euroqol rs058 p  0001 and a verbal rating scale measure of pain severity rs074 p  0001 individual bpidpn interference domains were moderately correlated rss 05 p  0001 with analogous measures and the sleep interference item had a high significant association with the three primary medical outcome studysleep scale subscales rss06671 p  0001 worst pain and interference ratings were significantly associated with hospital utilization and outpatient visits due to dpn these results replicate in a pure peripheral neuropathic pain condition the bpi psychometric characteristics documented in populations with nociceptive or mixed pain conditions the bpidpn is a promising instrument in the evaluation of painful dpn,10.1016/j.jpainsymman.2004.06.018,validation of a modified version of the brief pain inventory for painful diabetic peripheral neuropathy [SEP] adolescent adult aged comorbidity data collection diabetic neuropathiesclassificationdiagnosisepidemiology female humans incidence male middle aged neuralgiaclassificationdiagnosisepidemiology pain measurementmethods quality of life reproducibility of results risk assessmentmethods risk factors sensitivity and specificity severity of illness index united statesepidemiology [SEP] neuropathic pain is the focus of current clinical research clinical identification and treatment it is unique from nociceptive pain and requires evaluation of the relevance and utility of common pain measures created for other painful conditions this study evaluated the psychometric properties of a modified brief pain inventory bpi for patients with painful diabetic peripheral neuropathy bpidpn participants were patients with painful dpn n255 enrolled in a dpn burden of illness survey referred through 17 outpatient settings primary care physicians endocrinologists neurologists and anesthesiologists patients completed the bpidpn and selfreport measures of healthrelated quality of life mood sleep and healthcare utilization construct criterion and discriminant validity and internal consistency reliability were evaluated principal axis factoring with oblimin rotation revealed two interpretable factors eigenvalues10 consistent with most published bpi validation studies a severity scale comprising the four bpi severity items and an interference scale comprising the seven interference items which satisfied criteria for interpretability and model fit cronbachs alpha was high 094 for both scales mean pain severity was highly correlated with bodily pain from the medical outcomes study short form12 version 2 rs063 p  0001 the paindiscomfort item in the euroqol rs058 p  0001 and a verbal rating scale measure of pain severity rs074 p  0001 individual bpidpn interference domains were moderately correlated rss 05 p  0001 with analogous measures and the sleep interference item had a high significant association with the three primary medical outcome studysleep scale subscales rss06671 p  0001 worst pain and interference ratings were significantly associated with hospital utilization and outpatient visits due to dpn these results replicate in a pure peripheral neuropathic pain condition the bpi psychometric characteristics documented in populations with nociceptive or mixed pain conditions the bpidpn is a promising instrument in the evaluation of painful dpn,1,0.6430925
15361,the costeffectiveness of grip on challenging behaviour an economic evaluation of a care programme for managing challenging behaviour,absenteeism adult aged behavior controlmethods costbenefit analysis dementiaeconomicspsychology female health care costs humans job satisfaction male mental disorderseconomicsetiologytherapy middle aged netherlands nursing homeseconomics psychomotor agitation psychotropic drugseconomics quality of life qualityadjusted life years behaviour costeffectiveness dementia nursing home stepped wedge design,objective the objective of the study was to evaluate the costeffectiveness of implementing the grip on challenging behaviour care programme grip on dementia special care units in comparison with usual care methods a stepped wedge design was used challenging behaviour and quality of life were measured using the cohen mansfield agitation inventory cmai and the qualidem qualityadjusted life years qalys were calculated using the euroqol5d psychoactive medication use range 05 per measurement and sick leave were registered costs included medication time spent on challenging behaviour and education costs and effects were analysed using linear multilevel regression incremental costeffectiveness ratios were calculated statistical uncertainty was estimated using bootstrapping results seventeen dementia special care units participated grip led to improvement on the qualidem subscale social relations 16 95 ci 018 to 34 and on the use of psychoactive medication 073 95 ci 11 to 046 and to a decrease in qalys 002 95 ci 006 to 0003 no significant effects on cmai sick leave and other qualidem subscales were found the intervention was not costeffective in comparison with usual care with regard to cmai score qalys and sick leave the willingness to pay should be 320point improvement on the qualidem subscale social relations and 370psychoactive medication less to reach a 095 probability of costeffectiveness conclusion it depends on how much society is willing to pay whether grip can be considered costeffective because the appropriateness of the current methods for analysing costeffectiveness in this specific population is uncertain the positive effects on behaviour medication and job satisfactions should also be taken in account in the decision making,10.1002/gps.4360,the costeffectiveness of grip on challenging behaviour an economic evaluation of a care programme for managing challenging behaviour [SEP] absenteeism adult aged behavior controlmethods costbenefit analysis dementiaeconomicspsychology female health care costs humans job satisfaction male mental disorderseconomicsetiologytherapy middle aged netherlands nursing homeseconomics psychomotor agitation psychotropic drugseconomics quality of life qualityadjusted life years behaviour costeffectiveness dementia nursing home stepped wedge design [SEP] objective the objective of the study was to evaluate the costeffectiveness of implementing the grip on challenging behaviour care programme grip on dementia special care units in comparison with usual care methods a stepped wedge design was used challenging behaviour and quality of life were measured using the cohen mansfield agitation inventory cmai and the qualidem qualityadjusted life years qalys were calculated using the euroqol5d psychoactive medication use range 05 per measurement and sick leave were registered costs included medication time spent on challenging behaviour and education costs and effects were analysed using linear multilevel regression incremental costeffectiveness ratios were calculated statistical uncertainty was estimated using bootstrapping results seventeen dementia special care units participated grip led to improvement on the qualidem subscale social relations 16 95 ci 018 to 34 and on the use of psychoactive medication 073 95 ci 11 to 046 and to a decrease in qalys 002 95 ci 006 to 0003 no significant effects on cmai sick leave and other qualidem subscales were found the intervention was not costeffective in comparison with usual care with regard to cmai score qalys and sick leave the willingness to pay should be 320point improvement on the qualidem subscale social relations and 370psychoactive medication less to reach a 095 probability of costeffectiveness conclusion it depends on how much society is willing to pay whether grip can be considered costeffective because the appropriateness of the current methods for analysing costeffectiveness in this specific population is uncertain the positive effects on behaviour medication and job satisfactions should also be taken in account in the decision making,1,0.5040317
4287,radiofrequency neurotomy in chronic lumbar and sacroiliac joint pain a metaanalysis,arthralgiatherapy chronic paintherapy conservative treatment denervation humans low back paintherapy sacroiliac joint treatment outcome,background effective treatment of low back pain lbp originating in the lumbar and sacroiliac joints is difficult to achieve the objective of the current study was to compare the clinical effectiveness of radiofrequency rf neurotomy versus conservative nonsurgical approaches for the management of chronic lumbar and sacroiliac joint pain methods the picos framework was adhered to p population patients with a history of chronic functionlimiting lumbar and sacroiliac joint pain lasting at least 6 months i intervention rf neurotomy c comparator other nonsurgical treatments o outcomes the oswestry disability index odi measurement for pain and a quality of life qol questionnaire s study design metaanalysis two trained investigators systematically searched medline cochrane embase and isi web of knowledge databases for relevant studies published in english through march 2019 results patients treated with rf neurotomy n  528 had significantly greater improvement in odi scores pain scores and qol measured by eq5d compared with controls n  457 however significant heterogeneity was observed when data were pooled from eligible studies in subgroup analyses patients who received rf neurotomy had a significantly greater improvement in odi scores compared with those with sham treatment patients treated with rf achieved significantly greater improvement in pain scores compared with controls who received sham treatment or medical treatment in a subgroup analysis of pain in the sacroiliac joint and in lumbar facet joints the rf neurotomy group achieved a significantly greater improvement in odi score and pain scores compared with the control group the odi score and pain score were improved after 2 months of follow up in the analyses stratified by followup duration conclusions use of rf neurotomy as an intervention for chronic lumbar and sacroiliac joint pain led to improved function however larger more directly comparable studies are needed to confirm this studys findings,10.1097/MD.0000000000016230,radiofrequency neurotomy in chronic lumbar and sacroiliac joint pain a metaanalysis [SEP] arthralgiatherapy chronic paintherapy conservative treatment denervation humans low back paintherapy sacroiliac joint treatment outcome [SEP] background effective treatment of low back pain lbp originating in the lumbar and sacroiliac joints is difficult to achieve the objective of the current study was to compare the clinical effectiveness of radiofrequency rf neurotomy versus conservative nonsurgical approaches for the management of chronic lumbar and sacroiliac joint pain methods the picos framework was adhered to p population patients with a history of chronic functionlimiting lumbar and sacroiliac joint pain lasting at least 6 months i intervention rf neurotomy c comparator other nonsurgical treatments o outcomes the oswestry disability index odi measurement for pain and a quality of life qol questionnaire s study design metaanalysis two trained investigators systematically searched medline cochrane embase and isi web of knowledge databases for relevant studies published in english through march 2019 results patients treated with rf neurotomy n  528 had significantly greater improvement in odi scores pain scores and qol measured by eq5d compared with controls n  457 however significant heterogeneity was observed when data were pooled from eligible studies in subgroup analyses patients who received rf neurotomy had a significantly greater improvement in odi scores compared with those with sham treatment patients treated with rf achieved significantly greater improvement in pain scores compared with controls who received sham treatment or medical treatment in a subgroup analysis of pain in the sacroiliac joint and in lumbar facet joints the rf neurotomy group achieved a significantly greater improvement in odi score and pain scores compared with the control group the odi score and pain score were improved after 2 months of follow up in the analyses stratified by followup duration conclusions use of rf neurotomy as an intervention for chronic lumbar and sacroiliac joint pain led to improved function however larger more directly comparable studies are needed to confirm this studys findings,1,0.5469758
6137,measuring the healthrelated quality of life of children with impaired mobility examining correlation and agreement between children and parent proxies,adolescent adult child disabled children female humans male middle aged mobility limitation parents quality of life self report assistive technology childhood disability health economics healthrelated quality of life mobility impairment wheelchair,objective the objective of this research project was to evaluate the validity of proxy healthrelated quality of life measures in the context of paediatric mobility impairment accurate healthrelated quality of life data is essential for qualityadjusted life year calculation a key outcome in economic evaluation thirteen childparent dyads 13 children with mobility impairments 13 parent proxies were asked to complete a range of outcome measures eq5dy vas and hui23 relating to the childs health the relationship between respondent outcomes was examined using tests of respondent type effect wilcoxon signedrank correlation spearmans rankorder and agreement blandaltman plots results parent proxies significantly undervalued the healthrelated quality of life of their mobilityimpaired children children rated their healthrelated quality of life higher than their parents by proxy on all measures the vas had the highest overall mean score for children and proxies 7950 sd  1501 and 7577 sd  1470 respectively child and proxy results were significantly different p  005 for all measures besides the vas p  0138 strong correlation and acceptable agreement were observed for equivalent childproxy vas and hui measures the eq5dy exhibited the least agreement between children and proxies sufficient association between childproxy vas and hui measures indicated a degree of interchangeability,10.1186/s13104-017-2683-9,measuring the healthrelated quality of life of children with impaired mobility examining correlation and agreement between children and parent proxies [SEP] adolescent adult child disabled children female humans male middle aged mobility limitation parents quality of life self report assistive technology childhood disability health economics healthrelated quality of life mobility impairment wheelchair [SEP] objective the objective of this research project was to evaluate the validity of proxy healthrelated quality of life measures in the context of paediatric mobility impairment accurate healthrelated quality of life data is essential for qualityadjusted life year calculation a key outcome in economic evaluation thirteen childparent dyads 13 children with mobility impairments 13 parent proxies were asked to complete a range of outcome measures eq5dy vas and hui23 relating to the childs health the relationship between respondent outcomes was examined using tests of respondent type effect wilcoxon signedrank correlation spearmans rankorder and agreement blandaltman plots results parent proxies significantly undervalued the healthrelated quality of life of their mobilityimpaired children children rated their healthrelated quality of life higher than their parents by proxy on all measures the vas had the highest overall mean score for children and proxies 7950 sd  1501 and 7577 sd  1470 respectively child and proxy results were significantly different p  005 for all measures besides the vas p  0138 strong correlation and acceptable agreement were observed for equivalent childproxy vas and hui measures the eq5dy exhibited the least agreement between children and proxies sufficient association between childproxy vas and hui measures indicated a degree of interchangeability,1,0.5744341
6388,repair of lafosse i subscapularis injury adds no additional value in anterosuperior rotator cuff injury,arthroscopy humans prospective studies quality of life rotator cuffdiagnostic imagingsurgery rotator cuff injuriessurgery treatment outcome anterosuperior rotator cuff injury lafosse i subscapularis injury,background the study aimed to explore the additional value of repair of lafosse i subscapularis injury compared with debridement in anterosuperior rotator cuff injury methods the prospective study was conducted on a total of 41 patients with supraspinatus tendon tear combined with lafosse i subscapularis injury eighteen patients were divided into the repair group and 23 patients were divided into the nonrepair group the two groups were compared for intraoperative parameters pain score range of motion of the shoulder joint shoulder joint function and quality of life qol at preoperation 3 and 6 months postoperatively and the final followup visit results the width of supraspinatus tendon tear did not exceed 3 cm and did not retract beyond the glenoid in among patients there was no statistical difference of preoperative data between two groups including age course of disease positive jobe test positive bearhug test positive liftoff test patte stage longitudinal tear and pain severity p  005 compared to preoperative levels the severity of pain ases scores and eq5d3l scores were significantly lower at 3 and 6 months postoperatively and the final position p  005 however there was no statistical difference in pain severity ases scores and eq5d3l scores between repair group and nonrepair group p  005 similarly compared to preoperative levels the range of motion of shoulder joint was significantly improved after operation including internal rotation external rotation forward flexion and elevation p  005 however there was no statistical difference in range of motion of shoulder joint between repair group and nonrepair group p  005 conclusion operative treatment can effectively lessen severity of pain in the patients improve shoulder joint function increase the range of motion of the shoulder joint and enhance the qol in treating anterosuperior rotator cuff injury however repair of subscapularis brings no benefit compared to debridement in treating supraspinatus tendon tear combined with lafosse i subscapularis injury,10.1186/s12891-021-04805-5,repair of lafosse i subscapularis injury adds no additional value in anterosuperior rotator cuff injury [SEP] arthroscopy humans prospective studies quality of life rotator cuffdiagnostic imagingsurgery rotator cuff injuriessurgery treatment outcome anterosuperior rotator cuff injury lafosse i subscapularis injury [SEP] background the study aimed to explore the additional value of repair of lafosse i subscapularis injury compared with debridement in anterosuperior rotator cuff injury methods the prospective study was conducted on a total of 41 patients with supraspinatus tendon tear combined with lafosse i subscapularis injury eighteen patients were divided into the repair group and 23 patients were divided into the nonrepair group the two groups were compared for intraoperative parameters pain score range of motion of the shoulder joint shoulder joint function and quality of life qol at preoperation 3 and 6 months postoperatively and the final followup visit results the width of supraspinatus tendon tear did not exceed 3 cm and did not retract beyond the glenoid in among patients there was no statistical difference of preoperative data between two groups including age course of disease positive jobe test positive bearhug test positive liftoff test patte stage longitudinal tear and pain severity p  005 compared to preoperative levels the severity of pain ases scores and eq5d3l scores were significantly lower at 3 and 6 months postoperatively and the final position p  005 however there was no statistical difference in pain severity ases scores and eq5d3l scores between repair group and nonrepair group p  005 similarly compared to preoperative levels the range of motion of shoulder joint was significantly improved after operation including internal rotation external rotation forward flexion and elevation p  005 however there was no statistical difference in range of motion of shoulder joint between repair group and nonrepair group p  005 conclusion operative treatment can effectively lessen severity of pain in the patients improve shoulder joint function increase the range of motion of the shoulder joint and enhance the qol in treating anterosuperior rotator cuff injury however repair of subscapularis brings no benefit compared to debridement in treating supraspinatus tendon tear combined with lafosse i subscapularis injury,1,0.5119913
178,convergent validity and responsiveness of the eq5d utility weights for stroke survivors,adult aged aged 80 and over cohort studies costbenefit analysis female humans male middle aged prospective studies psychometrics quality of life reproducibility of results strokeeconomicsmortalitytherapy surveys and questionnaires survivors young adult,objective this prospective study examined the convergent validity and responsiveness of the euroqol5 dimensions health questionnaire eq5d utility weights in stroke survivors at the subacute stage methods repeated assessments were conducted in rehabilitation wards of a medical centre a study cohort was recruited from inpatients n  478 a total of 342 participants 715 completed 2 assessments 1 at ward admission and 1 before hospital discharge outcome measures including the barthel index bi patient health questionnaire phq9 and eq5d were administered at ward admission and before hospital discharge results the validity of the eq5d utility weights was assessed by comparison with the scores of the bi and phq9 the absolute values of pearson correlation coefficients ranged from 040 to 052 for the association of eq5d utility weights with bi scores and phq9 scores at admission and before hospital discharge the eq5d utility weights had a moderate effect size 076 moderate standardized response mean 074 and a significant difference paired tvalue  137 p  0001 between baseline and followup in their ability to detect changes in the health status of stroke survivors staying in a rehabilitation ward conclusion this study supports the use of the eq5d utility weights as a valid and responsive instrument for performing costutility analyses of stroke survivors including those with higher levels of dependence at the subacute stage,10.2340/16501977-2069,convergent validity and responsiveness of the eq5d utility weights for stroke survivors [SEP] adult aged aged 80 and over cohort studies costbenefit analysis female humans male middle aged prospective studies psychometrics quality of life reproducibility of results strokeeconomicsmortalitytherapy surveys and questionnaires survivors young adult [SEP] objective this prospective study examined the convergent validity and responsiveness of the euroqol5 dimensions health questionnaire eq5d utility weights in stroke survivors at the subacute stage methods repeated assessments were conducted in rehabilitation wards of a medical centre a study cohort was recruited from inpatients n  478 a total of 342 participants 715 completed 2 assessments 1 at ward admission and 1 before hospital discharge outcome measures including the barthel index bi patient health questionnaire phq9 and eq5d were administered at ward admission and before hospital discharge results the validity of the eq5d utility weights was assessed by comparison with the scores of the bi and phq9 the absolute values of pearson correlation coefficients ranged from 040 to 052 for the association of eq5d utility weights with bi scores and phq9 scores at admission and before hospital discharge the eq5d utility weights had a moderate effect size 076 moderate standardized response mean 074 and a significant difference paired tvalue  137 p  0001 between baseline and followup in their ability to detect changes in the health status of stroke survivors staying in a rehabilitation ward conclusion this study supports the use of the eq5d utility weights as a valid and responsive instrument for performing costutility analyses of stroke survivors including those with higher levels of dependence at the subacute stage,1,0.5874236
4191,comparative effectiveness and costeffectiveness of chuna manual therapy versus conventional usual care for nonacute low back pain study protocol for a pilot multicenter pragmatic randomized controlled trial pcrn study,adult aged clinical protocols comparative effectiveness research costbenefit analysis disability evaluation female health care costs humans low back paindiagnosiseconomicsphysiopathologytherapy male middle aged musculoskeletal manipulationsadverse effectseconomics pain measurement pilot projects recovery of function republic of korea research design surveys and questionnaires time factors treatment outcome young adult complementary therapies costbenefit analysis low back pain protocol spinal manipulation,background while chuna manual therapy is a korean manual therapy widely used primarily for low back pain lbprelated disorders in korea welldesigned studies on the comparative effectiveness of chuna manual therapy are scarce methodsdesign this study is the protocol for a threearmed multicenter pragmatic randomized controlled pilot trial sixty severe nonacute lbp patients pain duration of at least 3 weeks numeric rating scale nrs 5 will be recruited at four korean medicine hospitals participants will be randomly allocated to the chuna group n  20 usual care group n  20 or chuna plus usual care group n  20 for 6 weeks of treatment usual care will consist of orally administered conventional medicine physical therapy and back pain care education the trial will be conducted with outcome assessor and statistician blinding the primary endpoint will be nrs of lbp at week 7 post randomization secondary outcomes include nrs of leg pain the oswestry disability index odi the patient global impression of change pgic the credibility and expectancy questionnaire lumbar range of motion rom the euroqol5 dimension eq5d health survey the health utility index iii huiiii and economic evaluation and safety data posttreatment followups will be conducted at 1 4 and 10 weeks after conclusion of treatment discussion this study will assess the comparative effectiveness of chuna manual therapy compared to conventional usual care costs and effectiveness utility data will be analyzed for exploratory costeffectiveness analysis if this pilot study does not reach a definite conclusion due to its small sample size these results will be used as preliminary results to calculate sample size for future largescale clinical trials and contribute in the assessment of feasibility of a fullscale multicenter trial trial registration clinical research information service cris kct0001850  registered on 17 march 2016,10.1186/s13063-016-1756-8,comparative effectiveness and costeffectiveness of chuna manual therapy versus conventional usual care for nonacute low back pain study protocol for a pilot multicenter pragmatic randomized controlled trial pcrn study [SEP] adult aged clinical protocols comparative effectiveness research costbenefit analysis disability evaluation female health care costs humans low back paindiagnosiseconomicsphysiopathologytherapy male middle aged musculoskeletal manipulationsadverse effectseconomics pain measurement pilot projects recovery of function republic of korea research design surveys and questionnaires time factors treatment outcome young adult complementary therapies costbenefit analysis low back pain protocol spinal manipulation [SEP] background while chuna manual therapy is a korean manual therapy widely used primarily for low back pain lbprelated disorders in korea welldesigned studies on the comparative effectiveness of chuna manual therapy are scarce methodsdesign this study is the protocol for a threearmed multicenter pragmatic randomized controlled pilot trial sixty severe nonacute lbp patients pain duration of at least 3 weeks numeric rating scale nrs 5 will be recruited at four korean medicine hospitals participants will be randomly allocated to the chuna group n  20 usual care group n  20 or chuna plus usual care group n  20 for 6 weeks of treatment usual care will consist of orally administered conventional medicine physical therapy and back pain care education the trial will be conducted with outcome assessor and statistician blinding the primary endpoint will be nrs of lbp at week 7 post randomization secondary outcomes include nrs of leg pain the oswestry disability index odi the patient global impression of change pgic the credibility and expectancy questionnaire lumbar range of motion rom the euroqol5 dimension eq5d health survey the health utility index iii huiiii and economic evaluation and safety data posttreatment followups will be conducted at 1 4 and 10 weeks after conclusion of treatment discussion this study will assess the comparative effectiveness of chuna manual therapy compared to conventional usual care costs and effectiveness utility data will be analyzed for exploratory costeffectiveness analysis if this pilot study does not reach a definite conclusion due to its small sample size these results will be used as preliminary results to calculate sample size for future largescale clinical trials and contribute in the assessment of feasibility of a fullscale multicenter trial trial registration clinical research information service cris kct0001850  registered on 17 march 2016,0,0.5828011
11796,health state utility value in chronic obstructive pulmonary disease copd the challenge of heterogeneity a systematic review and metaanalysis,health status health status indicators humans patient reported outcome measures pulmonary disease chronic obstructiveeconomicsphysiopathologypsychology quality of life chronic obstructive pulmonary disease copd eq5d quality of life qol chronic disease heterogeneity utility,chronic obstructive pulmonary disease copd has a considerable impact on quality of life and wellbeing of patients health state utility value hsuv is a recognized measure for health economic appraisals and is extensively used as an indicator for decisionmaking studies this study is a systematic review of literature aimed to estimate mean utility value in copd using metaanalysis and explore degree of heterogeneity in the utility values across a variety of clinical and study characteristic the literature review covers studies that used eq5d to estimate utility value for patient level research in copd studies that reported utility values elicited by eq5d in copd patients were selected for randomeffect metaanalysis addressing interstudy heterogeneity and subgroup analyses thirtytwo studies were included in the general utility metaanalysis the estimated general utility value was 0673 95 ci 0653 to 0693 metaanalyses of copd stages utility values showed influence of airway obstruction on utility value the utility values ranged from 0820 95 ci 0767 to 0872 for stage i to 0624 95 ci 0571 to 0677 for stage iv there was substantial heterogeneity in utility values i2  977 a more accurate measurement of utility values in copd is needed to refine valid and generalizable scores of hsuv given the limited success of the factors studied to reduce heterogeneity an approach needs to be developed how best to use mean utility values for copd in health economic evaluation,10.3109/15412555.2015.1092953,health state utility value in chronic obstructive pulmonary disease copd the challenge of heterogeneity a systematic review and metaanalysis [SEP] health status health status indicators humans patient reported outcome measures pulmonary disease chronic obstructiveeconomicsphysiopathologypsychology quality of life chronic obstructive pulmonary disease copd eq5d quality of life qol chronic disease heterogeneity utility [SEP] chronic obstructive pulmonary disease copd has a considerable impact on quality of life and wellbeing of patients health state utility value hsuv is a recognized measure for health economic appraisals and is extensively used as an indicator for decisionmaking studies this study is a systematic review of literature aimed to estimate mean utility value in copd using metaanalysis and explore degree of heterogeneity in the utility values across a variety of clinical and study characteristic the literature review covers studies that used eq5d to estimate utility value for patient level research in copd studies that reported utility values elicited by eq5d in copd patients were selected for randomeffect metaanalysis addressing interstudy heterogeneity and subgroup analyses thirtytwo studies were included in the general utility metaanalysis the estimated general utility value was 0673 95 ci 0653 to 0693 metaanalyses of copd stages utility values showed influence of airway obstruction on utility value the utility values ranged from 0820 95 ci 0767 to 0872 for stage i to 0624 95 ci 0571 to 0677 for stage iv there was substantial heterogeneity in utility values i2  977 a more accurate measurement of utility values in copd is needed to refine valid and generalizable scores of hsuv given the limited success of the factors studied to reduce heterogeneity an approach needs to be developed how best to use mean utility values for copd in health economic evaluation,1,0.5823761
9221,is there a renoprotective value to leukodepletion during heart valve surgery a randomized controlled trial rolo,acute kidney injuryetiologyprevention  control adolescent adult aged aged 80 and over cardiac surgical proceduresmethods doubleblind method female heart valve diseasessurgery heart valvessurgery humans intraoperative period kidney function tests length of stay leukocyte reduction proceduresmethods male middle aged quality of life risk factors young adult acute kidney injury cardiac surgery cardiopulmonary bypass heart valve leukodepletion,background acute kidney injury aki adversely affects outcomes after cardiac surgery a major mediator of aki is the activation of leukocytes through exposure to the cardiopulmonary bypass circuit we evaluate the use of leukodepletion filters throughout bypass to protect against postoperative aki by removing activated leukocytes during cardiac surgery methods this is a singlecentre doubleblind randomized controlled trial comparing the use of leukodepletion versus a standard arterial filter throughout bypass elective adult patients undergoing heart valve surgery with or without concomitant procedures were investigated the primary clinical outcome measured was the development of aki according to the kdigo criteria secondary measures included biomarkers of renal tubular damage urinary retinol binding protein and kidney injury molecule1 glomerular kidney injury urinary micro albumin and serum cystatin c and urinary neutrophil gelatinase associated lipocalin as well as the length of hospital stay and quality of life measures through eq5d5l questionnaires results the rolo trial randomized 64 participants with a rate of recruitment higher than anticipated 57 achieved 40 anticipated the incidence of aki was greater in the leukodepletion filter group 44 versus 23 risk difference 21 95 ci  2 to 44 this clinical finding was supported by biomarker levels especially by a tendency toward glomerular insult at 48 h demonstrated by a raised serum cystatin c mean difference 011 95 ci 000 to 023 p  0068 in the leukodepleted group there was however no clear association between the incidence or severity of aki and length of hospital stay on average health related quality of life returned to preoperative levels in both groups within 3 months of surgery conclusions leukocyte depletion during cardiopulmonary bypass does not significantly reduce the incidence of aki after valvular heart surgery other methods to ameliorate renal dysfunction after cardiac surgery need to be investigated trial registration the trial was registered by the international standard randomized controlled trial number registry isrctn42121335  registered on the 18 february 2014 the trial was run by the bristol clinical trials and evaluation unit this trial was financially supported by the national institute of health research research for patient benefit award id pbpg071125090,10.1186/s13019-021-01402-4,is there a renoprotective value to leukodepletion during heart valve surgery a randomized controlled trial rolo [SEP] acute kidney injuryetiologyprevention  control adolescent adult aged aged 80 and over cardiac surgical proceduresmethods doubleblind method female heart valve diseasessurgery heart valvessurgery humans intraoperative period kidney function tests length of stay leukocyte reduction proceduresmethods male middle aged quality of life risk factors young adult acute kidney injury cardiac surgery cardiopulmonary bypass heart valve leukodepletion [SEP] background acute kidney injury aki adversely affects outcomes after cardiac surgery a major mediator of aki is the activation of leukocytes through exposure to the cardiopulmonary bypass circuit we evaluate the use of leukodepletion filters throughout bypass to protect against postoperative aki by removing activated leukocytes during cardiac surgery methods this is a singlecentre doubleblind randomized controlled trial comparing the use of leukodepletion versus a standard arterial filter throughout bypass elective adult patients undergoing heart valve surgery with or without concomitant procedures were investigated the primary clinical outcome measured was the development of aki according to the kdigo criteria secondary measures included biomarkers of renal tubular damage urinary retinol binding protein and kidney injury molecule1 glomerular kidney injury urinary micro albumin and serum cystatin c and urinary neutrophil gelatinase associated lipocalin as well as the length of hospital stay and quality of life measures through eq5d5l questionnaires results the rolo trial randomized 64 participants with a rate of recruitment higher than anticipated 57 achieved 40 anticipated the incidence of aki was greater in the leukodepletion filter group 44 versus 23 risk difference 21 95 ci  2 to 44 this clinical finding was supported by biomarker levels especially by a tendency toward glomerular insult at 48 h demonstrated by a raised serum cystatin c mean difference 011 95 ci 000 to 023 p  0068 in the leukodepleted group there was however no clear association between the incidence or severity of aki and length of hospital stay on average health related quality of life returned to preoperative levels in both groups within 3 months of surgery conclusions leukocyte depletion during cardiopulmonary bypass does not significantly reduce the incidence of aki after valvular heart surgery other methods to ameliorate renal dysfunction after cardiac surgery need to be investigated trial registration the trial was registered by the international standard randomized controlled trial number registry isrctn42121335  registered on the 18 february 2014 the trial was run by the bristol clinical trials and evaluation unit this trial was financially supported by the national institute of health research research for patient benefit award id pbpg071125090,1,0.6177468
4732,simplification of haart therapy on ambulatory hiv patients in malaysiaa randomized controlled trial,antiretroviral agents antiretroviral therapy benzoxazines cd4 lymphocyte count drug combinations emtricitabine highly active malaysia tenofovir viral load,objective evaluate the impact of fixeddose combination fdc containing emtricitabine ftc tenofovir tdf and efavirenz efv versus a freedose combination frc of the same three drugs on clinical outcomes adherence and quality of life in malaysian outpatients with hiv methods hiv patients n120 on highly active antiretroviral therapy haart in the infectious disease clinic of hospital sungai buloh were randomized to either fdc n60 or frc n60 morisky scores healthrelated quality of life scores and clinical outcomes such as cd4 count and viral load were assessed in both groups at baseline and six months result patients on fdc 108 sd11 had a significantly higher cd4 count increase compared to the frc group 7461 sd363 vs 7998 sd338 p 0001 the viral load profile was unchanged and remained undetectable in both groups the quality of life eq5d scores showed a positive correlation with cd4 counts in the fdc group 0301 p0019 at six months on the other hand quality of life eqvas scores was significantly associated with medication adherence in the fdc group at six months 0749 p005 however no significant changes or associations were observed in the frc group conclusion management of haart using an fdc demonstrated a positive clinical outcome adherence and quality of life within six months in local hiv patients,10.18549/PharmPract.2016.04.830,simplification of haart therapy on ambulatory hiv patients in malaysiaa randomized controlled trial [SEP] antiretroviral agents antiretroviral therapy benzoxazines cd4 lymphocyte count drug combinations emtricitabine highly active malaysia tenofovir viral load [SEP] objective evaluate the impact of fixeddose combination fdc containing emtricitabine ftc tenofovir tdf and efavirenz efv versus a freedose combination frc of the same three drugs on clinical outcomes adherence and quality of life in malaysian outpatients with hiv methods hiv patients n120 on highly active antiretroviral therapy haart in the infectious disease clinic of hospital sungai buloh were randomized to either fdc n60 or frc n60 morisky scores healthrelated quality of life scores and clinical outcomes such as cd4 count and viral load were assessed in both groups at baseline and six months result patients on fdc 108 sd11 had a significantly higher cd4 count increase compared to the frc group 7461 sd363 vs 7998 sd338 p 0001 the viral load profile was unchanged and remained undetectable in both groups the quality of life eq5d scores showed a positive correlation with cd4 counts in the fdc group 0301 p0019 at six months on the other hand quality of life eqvas scores was significantly associated with medication adherence in the fdc group at six months 0749 p005 however no significant changes or associations were observed in the frc group conclusion management of haart using an fdc demonstrated a positive clinical outcome adherence and quality of life within six months in local hiv patients,1,0.6417585
9990,impact evaluation and association with euroqol 5d healthrelated utility values in mnires disease,activity limitations eq5d euroqol icf mnires disease participation restrictions quality of life,the study was aimed at evaluating the validity of impact measures among patients with mnires disease md with outcome variables of euroqol generic healthrelated quality of life hrqol measures ie eq5d by using visual analogue scale vas and eq5d index values 183 members out of 200 contacted of the finish mnire association returned the questionnaires that they had filled out various openended and structured questionnaires focusing on diagnostic aspects of symptoms and impairment caused by the disease were used for activity limitation and participation restriction standardized questionnaires were used openended questions on impact of the disease were asked and subsequently classified based on the whoicf classification the general hrqol was evaluated with eq5d index value and eq vas instruments correlation and linear regression analyses were used to explore the association between hrqol and other aspects based on the explanatory power of different models the disease specific semeionic model provides the most accurate prediction in eq5d index calculations 38  of the variance explained in eq vas scores hrqol is most accurately determined by participation restriction 53  of the variance explained but the worst prediction was in icfbased limitations 8  of the variance explained interestingly attitude and personal trait explained the reduction of hrqol somewhat better than icfbased variables activity limitation and participation restrictions are significant components of md but are less frequently recognized as significant factors in selfevaluating the effect of md on the quality of life the current study results suggest that md patients seem to have problem identifying factors causing activity limitation and participation restrictions and hence use the semiotic description focusing on complaints,10.1186/s40064-015-1527-0,impact evaluation and association with euroqol 5d healthrelated utility values in mnires disease [SEP] activity limitations eq5d euroqol icf mnires disease participation restrictions quality of life [SEP] the study was aimed at evaluating the validity of impact measures among patients with mnires disease md with outcome variables of euroqol generic healthrelated quality of life hrqol measures ie eq5d by using visual analogue scale vas and eq5d index values 183 members out of 200 contacted of the finish mnire association returned the questionnaires that they had filled out various openended and structured questionnaires focusing on diagnostic aspects of symptoms and impairment caused by the disease were used for activity limitation and participation restriction standardized questionnaires were used openended questions on impact of the disease were asked and subsequently classified based on the whoicf classification the general hrqol was evaluated with eq5d index value and eq vas instruments correlation and linear regression analyses were used to explore the association between hrqol and other aspects based on the explanatory power of different models the disease specific semeionic model provides the most accurate prediction in eq5d index calculations 38  of the variance explained in eq vas scores hrqol is most accurately determined by participation restriction 53  of the variance explained but the worst prediction was in icfbased limitations 8  of the variance explained interestingly attitude and personal trait explained the reduction of hrqol somewhat better than icfbased variables activity limitation and participation restrictions are significant components of md but are less frequently recognized as significant factors in selfevaluating the effect of md on the quality of life the current study results suggest that md patients seem to have problem identifying factors causing activity limitation and participation restrictions and hence use the semiotic description focusing on complaints,1,0.6519192
12551,changes in quality of life associated with complications of diabetes results from the advance study,age factors aged diabetes mellitus type 2complicationspsychology female global health health status indicators humans longitudinal studies male middle aged quality of life regression analysis sex factors time factors complications longitudinal analysis quality of life type 2 diabetes,objective to measure the impact of complications on summary measures of healthrelated quality of life among people with type 2 diabetes methods patients participating in the action in diabetes and vascular diseasepreterax and diamicron mr controlled evaluation advance trial were administered a healthrelated qualityoflife questionnaire the threelevel euroqol fivedimensional questionnaire eq5d3l on four occasions over a 5year period we used twoway fixedeffects longitudinal regression models to investigate the impact of incident diabetes complications stroke heart failure myocardial infarction ischemic heart disease renal failure blindness and amputation on eq5d3l utility score where 1  perfect health while controlling for characteristics of individuals that do not vary over time results the effect of having any one of the seven complications was to reduce the eq5d3l utility score by 0054 95 confidence interval 00440064 and this was not significantly affected by baseline age sex economic region or the value set used to derive utilities the complication with the largest disutility was amputation 0122 followed by stroke 0099 blindness 0083 renal failure 0049 heart failure 0045 and myocardial infarction 0026 ischemic heart disease did not significantly reduce the utility score quality of life also declined with elapsed timeby an average of 0006 per year in addition to the effect of complications conclusions common complications significantly reduce healthrelated quality of life utility scores derived from the eq5d3l provide a potential measure that can be used to summarize patientreported outcomes and inform health economic models prevention of complications is critical to reduce the progressive burden of declining quality of life for people with diabetes,10.1016/j.jval.2015.10.010,changes in quality of life associated with complications of diabetes results from the advance study [SEP] age factors aged diabetes mellitus type 2complicationspsychology female global health health status indicators humans longitudinal studies male middle aged quality of life regression analysis sex factors time factors complications longitudinal analysis quality of life type 2 diabetes [SEP] objective to measure the impact of complications on summary measures of healthrelated quality of life among people with type 2 diabetes methods patients participating in the action in diabetes and vascular diseasepreterax and diamicron mr controlled evaluation advance trial were administered a healthrelated qualityoflife questionnaire the threelevel euroqol fivedimensional questionnaire eq5d3l on four occasions over a 5year period we used twoway fixedeffects longitudinal regression models to investigate the impact of incident diabetes complications stroke heart failure myocardial infarction ischemic heart disease renal failure blindness and amputation on eq5d3l utility score where 1  perfect health while controlling for characteristics of individuals that do not vary over time results the effect of having any one of the seven complications was to reduce the eq5d3l utility score by 0054 95 confidence interval 00440064 and this was not significantly affected by baseline age sex economic region or the value set used to derive utilities the complication with the largest disutility was amputation 0122 followed by stroke 0099 blindness 0083 renal failure 0049 heart failure 0045 and myocardial infarction 0026 ischemic heart disease did not significantly reduce the utility score quality of life also declined with elapsed timeby an average of 0006 per year in addition to the effect of complications conclusions common complications significantly reduce healthrelated quality of life utility scores derived from the eq5d3l provide a potential measure that can be used to summarize patientreported outcomes and inform health economic models prevention of complications is critical to reduce the progressive burden of declining quality of life for people with diabetes,1,0.6715658
1088,healthrelated quality of life of patients with hivaids in bogot colombia,acquired immunodeficiency syndromecomplicationstherapy colombia crosssectional studies developing countries female hiv infectionscomplicationstherapy health status humans male quality of life surveys and questionnaires united states aids colombia eq5d5l hiv burden quality of life utility,background there has rarely been any reporting on healthrelated quality of life hrqol of patients with hivaids in developing countries objectives to estimate the health utilities of people with hivaids in bogot columbia methods a crosssectional survey was conducted for 181 patients receiving antiretroviral therapy from an outpatient hivaids clinic in bogot the fivelevel version of the euroqol fivedimensional questionnaire eq5d5l and the euroqol visual analogue scale eqvas were used to estimate hrqol scores to derive utilities on the basis of the eq5d5l the spanish value set was used subgroup analyses were performed according to sex age the centers for disease control and prevention classification and cd4 cell count results the mean utility of the eq5d5l was estimated at 085  021 and the eqvas score was estimated at 84  14 paindiscomfort and anxietydepression were the two eq5d5l dimensions associated with the poorer outcomes subgroup analyses revealed significantly higher utilities using the eq5d5l for men than for women 088 vs 076 p  0002 and lower utilities for patients with severe hiv 083 for cd4  200 vs 087 for cd4  500 p  0024 conclusions the hrqol scores of patients with hivaids receiving antiretroviral therapy were relatively high in bogot colombia using the euroqol questionnaire the utility data could be useful in combination with cost data for future economic evaluations,10.1016/j.vhri.2016.05.001,healthrelated quality of life of patients with hivaids in bogot colombia [SEP] acquired immunodeficiency syndromecomplicationstherapy colombia crosssectional studies developing countries female hiv infectionscomplicationstherapy health status humans male quality of life surveys and questionnaires united states aids colombia eq5d5l hiv burden quality of life utility [SEP] background there has rarely been any reporting on healthrelated quality of life hrqol of patients with hivaids in developing countries objectives to estimate the health utilities of people with hivaids in bogot columbia methods a crosssectional survey was conducted for 181 patients receiving antiretroviral therapy from an outpatient hivaids clinic in bogot the fivelevel version of the euroqol fivedimensional questionnaire eq5d5l and the euroqol visual analogue scale eqvas were used to estimate hrqol scores to derive utilities on the basis of the eq5d5l the spanish value set was used subgroup analyses were performed according to sex age the centers for disease control and prevention classification and cd4 cell count results the mean utility of the eq5d5l was estimated at 085  021 and the eqvas score was estimated at 84  14 paindiscomfort and anxietydepression were the two eq5d5l dimensions associated with the poorer outcomes subgroup analyses revealed significantly higher utilities using the eq5d5l for men than for women 088 vs 076 p  0002 and lower utilities for patients with severe hiv 083 for cd4  200 vs 087 for cd4  500 p  0024 conclusions the hrqol scores of patients with hivaids receiving antiretroviral therapy were relatively high in bogot colombia using the euroqol questionnaire the utility data could be useful in combination with cost data for future economic evaluations,1,0.7247747
2804,a single patient reported outcome measure for acquired brain injury multiple sclerosis  parkinsons disease,aged brain injuriespsychology cohort studies crosssectional studies female humans male multiple sclerosispsychology parkinson diseasepsychology patient reported outcome measures psychometricsmethods quality of life reproducibility of results strokepsychology surveys and questionnaires,objective to determine psychometric properties of the promis10 and standard stroke question set by international consortium for health outcome measures presented as a new 15item patient related outcome pro for patients with acquired brain injury abi multiple sclerosis ms and parkinsons disease pd methods in an eight centre uk wide crosssectional study we approached patients during their routine followup to complete a diseasespecific instrument european brain injury questionnaire multiple sclerosis impact scale and parkinsons disease questionnaire general health questionnaire with a quality of life measure eq5d and pro we validated the pro using factor analysis to define the latent construct domains then calculated the internal consistency cronbachs and construct validity correlation results there were 340 patients with abi n  91 median age  551 41 female ms n  99 age  589 69 and pd n  150 age  745 40 factor analysis suggested the pro offered three domains of physical health functionalitycapacity and mental health all factors correlated strongly with the three diseasespecific instruments and the overall pro had a large correlation with the eq5d correlation08 offering good construct validity and excellent internal consistency 089 interpretation the pro offered promising psychometric properties and could be used in place of disease specific questionnaires for patients with abi ms and pd the pro has three construct domains describing patients mental health physical health and functionalcapacity and may be used in routine clinical practice the pro offered both relevance to each of the three separate neurological conditions and generalisability across all the conditions increasing its utility,10.1371/journal.pone.0251484,a single patient reported outcome measure for acquired brain injury multiple sclerosis  parkinsons disease [SEP] aged brain injuriespsychology cohort studies crosssectional studies female humans male multiple sclerosispsychology parkinson diseasepsychology patient reported outcome measures psychometricsmethods quality of life reproducibility of results strokepsychology surveys and questionnaires [SEP] objective to determine psychometric properties of the promis10 and standard stroke question set by international consortium for health outcome measures presented as a new 15item patient related outcome pro for patients with acquired brain injury abi multiple sclerosis ms and parkinsons disease pd methods in an eight centre uk wide crosssectional study we approached patients during their routine followup to complete a diseasespecific instrument european brain injury questionnaire multiple sclerosis impact scale and parkinsons disease questionnaire general health questionnaire with a quality of life measure eq5d and pro we validated the pro using factor analysis to define the latent construct domains then calculated the internal consistency cronbachs and construct validity correlation results there were 340 patients with abi n  91 median age  551 41 female ms n  99 age  589 69 and pd n  150 age  745 40 factor analysis suggested the pro offered three domains of physical health functionalitycapacity and mental health all factors correlated strongly with the three diseasespecific instruments and the overall pro had a large correlation with the eq5d correlation08 offering good construct validity and excellent internal consistency 089 interpretation the pro offered promising psychometric properties and could be used in place of disease specific questionnaires for patients with abi ms and pd the pro has three construct domains describing patients mental health physical health and functionalcapacity and may be used in routine clinical practice the pro offered both relevance to each of the three separate neurological conditions and generalisability across all the conditions increasing its utility,1,0.5762888
5638,maternal tobacco exposure and healthrelated quality of life during pregnancy a nationalbased study of pregnant women in china,adult china crosssectional studies female humans maternal exposureadverse effectsstatistics  numerical data pregnancy pregnancy complicationschemically induced pregnant womenpsychology quality of lifepsychology surveys and questionnaires tobaccoadverse effects tobacco smoke pollutionadverse effectsstatistics  numerical data young adult firsthand smoke healthrelated quality of life pregnancy secondhand smoke thirdhand smoke,background with the increase of the number of smokers tobacco exposure among pregnant women is becoming more and more common pregnant women exposed to firsthand smoke and secondhand smoke are susceptible to physiological and psychological health issues has been proved in previous studies nevertheless there are no enough studies focus on the impact of thirdhand smoke during pregnancy this study aimed to assess and compare healthrelated quality of life for pregnant women with exposure to firsthand smoke secondhand smoke thirdhand smoke and nonexposure to tobacco in mainland china methods nationalbased crosssectional study is based on a questionnaire survey which collects information including demographics smoking behaviors and selfevaluation all questionnaires were delivered and collected from august to september 2019 euroqol groups visual analog scale and euroqol fivedimension questionnaire were used to collect data in mainland china results totally 15682 pregnant women were included in this study among which nonexposure to smoke were 7564 482 exposed to firsthand smoke secondhand smoke and thirdhand smoke were 89 06 2349 150 and 5680 362 respectively pregnant women without tobacco exposure had the highest euroqol groups visual analog scale score mean value  854sd  140 while those with firsthand smoke had the lowest score mean value  774sd  222 among all five dimensions of euroqol fivedimension questionnaire there were significant differences of eqindex among groups with different tobacco exposure in usual activity and anxiety or depression dimensions p  0001 conclusions thirdhand smoke exposure had close relationship with low healthrelated quality of life in pregnant women moreover secondhand smoke exposure significantly led more problems on mental dimension of pregnant women,10.1186/s12955-021-01785-x,maternal tobacco exposure and healthrelated quality of life during pregnancy a nationalbased study of pregnant women in china [SEP] adult china crosssectional studies female humans maternal exposureadverse effectsstatistics  numerical data pregnancy pregnancy complicationschemically induced pregnant womenpsychology quality of lifepsychology surveys and questionnaires tobaccoadverse effects tobacco smoke pollutionadverse effectsstatistics  numerical data young adult firsthand smoke healthrelated quality of life pregnancy secondhand smoke thirdhand smoke [SEP] background with the increase of the number of smokers tobacco exposure among pregnant women is becoming more and more common pregnant women exposed to firsthand smoke and secondhand smoke are susceptible to physiological and psychological health issues has been proved in previous studies nevertheless there are no enough studies focus on the impact of thirdhand smoke during pregnancy this study aimed to assess and compare healthrelated quality of life for pregnant women with exposure to firsthand smoke secondhand smoke thirdhand smoke and nonexposure to tobacco in mainland china methods nationalbased crosssectional study is based on a questionnaire survey which collects information including demographics smoking behaviors and selfevaluation all questionnaires were delivered and collected from august to september 2019 euroqol groups visual analog scale and euroqol fivedimension questionnaire were used to collect data in mainland china results totally 15682 pregnant women were included in this study among which nonexposure to smoke were 7564 482 exposed to firsthand smoke secondhand smoke and thirdhand smoke were 89 06 2349 150 and 5680 362 respectively pregnant women without tobacco exposure had the highest euroqol groups visual analog scale score mean value  854sd  140 while those with firsthand smoke had the lowest score mean value  774sd  222 among all five dimensions of euroqol fivedimension questionnaire there were significant differences of eqindex among groups with different tobacco exposure in usual activity and anxiety or depression dimensions p  0001 conclusions thirdhand smoke exposure had close relationship with low healthrelated quality of life in pregnant women moreover secondhand smoke exposure significantly led more problems on mental dimension of pregnant women,1,0.5998751
2216,healthrelated quality of life and its sociodemographic and behavioural correlates during the covid19 pandemic in estonia,covid19epidemiology estoniaepidemiology female health status humans male pandemics quality of life surveys and questionnaires covid19 pandemic eq5d estonia health behaviour healthrelated quality of life inequalities,the aim of the study was to analyse healthrelated quality of life hrqol among the estonian general population and its sociodemographic and behavioural correlates during the covid19 pandemic longitudinal data on 1781 individuals from an estonian rapidassessment survey on covid19 were used hrqol was assessed with the eq5d3l in june 2020 baseline and in may 2021 followup the hrqol index score and its sociodemographic and behavioural variations were analysed using paired ttests and tobit regression modelling statistically significant declines in mean eq5d index scores were observed for all sociodemographic and behavioural variables considered most of these changes were due to increased reporting of problems in the paindiscomfort and anxietydepression health domains older age being unemployed or economically nonactive and having financial difficulties were significantly associated with lower hrqol in both baseline and followup measurements in the followup data women had significantly lower hrqol compared to men whereas higher education proved to be the only protective factor regarding hrqol unhealthy dietary habits and low physical activity had a negative impact on the hrqol score in the followup data these results indicate that the covid19 pandemic has had a substantial impact on hrqol in the estonian population,10.3390/ijerph19159060,healthrelated quality of life and its sociodemographic and behavioural correlates during the covid19 pandemic in estonia [SEP] covid19epidemiology estoniaepidemiology female health status humans male pandemics quality of life surveys and questionnaires covid19 pandemic eq5d estonia health behaviour healthrelated quality of life inequalities [SEP] the aim of the study was to analyse healthrelated quality of life hrqol among the estonian general population and its sociodemographic and behavioural correlates during the covid19 pandemic longitudinal data on 1781 individuals from an estonian rapidassessment survey on covid19 were used hrqol was assessed with the eq5d3l in june 2020 baseline and in may 2021 followup the hrqol index score and its sociodemographic and behavioural variations were analysed using paired ttests and tobit regression modelling statistically significant declines in mean eq5d index scores were observed for all sociodemographic and behavioural variables considered most of these changes were due to increased reporting of problems in the paindiscomfort and anxietydepression health domains older age being unemployed or economically nonactive and having financial difficulties were significantly associated with lower hrqol in both baseline and followup measurements in the followup data women had significantly lower hrqol compared to men whereas higher education proved to be the only protective factor regarding hrqol unhealthy dietary habits and low physical activity had a negative impact on the hrqol score in the followup data these results indicate that the covid19 pandemic has had a substantial impact on hrqol in the estonian population,1,0.69959223
2628,comparison of the outcomes of microendoscopic discectomy versus fullendoscopic discectomy for the treatment of l45 lumbar disc herniation,l45 fullendoscopic discectomy lumbar disc herniation microendoscopic discectomy minimally invasive,study design retrospective comparative study objectives to compare the outcomes of microendoscopic discectomy med versus fullendoscopic discectomy fed for treating l45 lumbar disc herniation ldh methods a retrospective study was performed on patients with l45 ldh treated using med n  249 or fed n  124 a 16mm tubular retractor and endoscope was used for med while a 41mm working channel endoscope was used for fed patient background and operative data were collected the oswestry disability index odi and european quality of life5 dimensions eq5d scores were recorded preoperatively and at 1 and 2 years postsurgery results the background data of the two groups were similar the mean operation times for med and fed were 593 and 477 min respectively and the mean volumes of removed nucleus pulposus were 65 and 103 g respectively these differences were significant p  001 six dural tears and one postoperative hematoma were observed in the med group none were observed in the fed group during the followup period 16 med and 7 fed patients required reoperation due to recurrence p  100 although the odi and eq5d scores significantly improved at 1 and 2 years postsurgery in both groups the differences were not statistically significant conclusions operative outcomes were almost identical in both groups we did not observe any operative or postoperative complications in fed we therefore recommend fed as the first option for the treatment of l45 ldh since it has a better safety profile and is minimally invasive,10.1177/21925682221127997,comparison of the outcomes of microendoscopic discectomy versus fullendoscopic discectomy for the treatment of l45 lumbar disc herniation [SEP] l45 fullendoscopic discectomy lumbar disc herniation microendoscopic discectomy minimally invasive [SEP] study design retrospective comparative study objectives to compare the outcomes of microendoscopic discectomy med versus fullendoscopic discectomy fed for treating l45 lumbar disc herniation ldh methods a retrospective study was performed on patients with l45 ldh treated using med n  249 or fed n  124 a 16mm tubular retractor and endoscope was used for med while a 41mm working channel endoscope was used for fed patient background and operative data were collected the oswestry disability index odi and european quality of life5 dimensions eq5d scores were recorded preoperatively and at 1 and 2 years postsurgery results the background data of the two groups were similar the mean operation times for med and fed were 593 and 477 min respectively and the mean volumes of removed nucleus pulposus were 65 and 103 g respectively these differences were significant p  001 six dural tears and one postoperative hematoma were observed in the med group none were observed in the fed group during the followup period 16 med and 7 fed patients required reoperation due to recurrence p  100 although the odi and eq5d scores significantly improved at 1 and 2 years postsurgery in both groups the differences were not statistically significant conclusions operative outcomes were almost identical in both groups we did not observe any operative or postoperative complications in fed we therefore recommend fed as the first option for the treatment of l45 ldh since it has a better safety profile and is minimally invasive,1,0.55563325
6222,effects of roflumilast on rehospitalization and mortality in patients,copd hospitalization exacerbations roflumilast,introduction hospitalization for chronic obstructive pulmonary disease copd exacerbation portends the greatest risk of rehospitalization and mortality treatments that prevent hospitalizations could significantly lessen copd morbidity and mortality methods we performed a prospective randomized doubleblind placebocontrolled study of roflumilast 500 ug daily versus placebo in patients hospitalized for acute copd exacerbation primary outcome was time to allcause mortality or nonelective rehospitalization at 180 days postrandomization secondary outcomes were death or hospitalization from a respiratory cause quality of life change in health status forced expiratory volume in 1 second fev1 and roflumilast tolerance results a total of 64 patients with moderate to severe copd fev1 376  164 predicted 61 female 616  79 years old were assigned to roflumilast or placebo no deaths occurred in the followup period there was no difference in the time to first readmission between the roflumilast and placebo groups 461 days versus 473 days respectively p093 there were 29 and 30 readmissions in the roflumilast and placebo groups respectively p047 the st georges respiratory questionnaire sgrq decreased 108 points and 78 points in the roflumilast and placebo groups respectively and were not different euroquality of life five dimension scale eq5d scores improved but not significantly in either group weight loss and nausea were more common with roflumilast but not different from placebo change in glycosylated hemoglobin percentage hgba1c was not different between groups subanalysis for the impact of chronic bronchitis did not affect outcomes conclusion in this pilot study conducted in patients hospitalized with an exacerbation of copd roflumilast did not affect time to allcause rehospitalization quality of life fev1 or any other measured parameter,10.15326/jcopdf.6.1.2018.0139,effects of roflumilast on rehospitalization and mortality in patients [SEP] copd hospitalization exacerbations roflumilast [SEP] introduction hospitalization for chronic obstructive pulmonary disease copd exacerbation portends the greatest risk of rehospitalization and mortality treatments that prevent hospitalizations could significantly lessen copd morbidity and mortality methods we performed a prospective randomized doubleblind placebocontrolled study of roflumilast 500 ug daily versus placebo in patients hospitalized for acute copd exacerbation primary outcome was time to allcause mortality or nonelective rehospitalization at 180 days postrandomization secondary outcomes were death or hospitalization from a respiratory cause quality of life change in health status forced expiratory volume in 1 second fev1 and roflumilast tolerance results a total of 64 patients with moderate to severe copd fev1 376  164 predicted 61 female 616  79 years old were assigned to roflumilast or placebo no deaths occurred in the followup period there was no difference in the time to first readmission between the roflumilast and placebo groups 461 days versus 473 days respectively p093 there were 29 and 30 readmissions in the roflumilast and placebo groups respectively p047 the st georges respiratory questionnaire sgrq decreased 108 points and 78 points in the roflumilast and placebo groups respectively and were not different euroquality of life five dimension scale eq5d scores improved but not significantly in either group weight loss and nausea were more common with roflumilast but not different from placebo change in glycosylated hemoglobin percentage hgba1c was not different between groups subanalysis for the impact of chronic bronchitis did not affect outcomes conclusion in this pilot study conducted in patients hospitalized with an exacerbation of copd roflumilast did not affect time to allcause rehospitalization quality of life fev1 or any other measured parameter,1,0.6572417
8776,dipals diaphragm pacing in patients with amyotrophic lateral sclerosis  a randomised controlled trial,adult aged aged 80 and over amyotrophic lateral sclerosiscomplications costbenefit analysis diaphragm female humans kaplanmeier estimate male middle aged noninvasive ventilationmethods quality of life respiratory insufficiencyetiologytherapy,background amyotrophic lateral sclerosis als is a neurodegenerative disease resulting in death usually from respiratory failure within 23 years of symptom onset noninvasive ventilation niv is a treatment that when given to patients in respiratory failure leads to improved survival and quality of life diaphragm pacing dp using the neurx4 diaphragm pacing system dps synapse biomedical oberlin oh usa is a new technique that may offer additional or alternative benefits to patients with als who are in respiratory failure objective the diaphragm pacing in patients with amyotrophic lateral sclerosis dipals trial evaluated the effect of dp on survival over the study duration in patients with als with respiratory failure design the dipals trial was a multicentre parallelgroup openlabel randomised controlled trial incorporating health economic analyses and a qualitative longitudinal substudy participants eligible participants had a diagnosis of als als laboratorysupported probable clinically probable or clinically definite according to the world federation of neurology revised el escorial criteria had been stabilised on riluzole for 30 days were aged  18 years and were in respiratory failure we planned to recruit 108 patients from seven ukbased specialist als or respiratory centres allocation was performed using 1  1 nondeterministic minimisation interventions participants were randomised to either standard care niv alone or standard care niv plus dp using the neurx4 dps main outcome measures the primary outcome was overall survival defined as the time from randomisation to death from any cause secondary outcomes were patient quality of life assessed by european quality of life5 dimensions three levels eq5d3l short form questionnaire36 items and sleep apnoea quality of life index questionnaire carer quality of life eq5d3l and caregiver burden inventory costutility analysis and healthcare resource use tolerability and adverse events acceptability and attitudes to dp were assessed in a qualitative substudy results in total 74 participants were randomised into the trial and analysed 37 participants to niv plus pacing and 37 to standard care before the data monitoring and ethics committee advised initial suspension of recruitment december 2013 and subsequent discontinuation of pacing on safety grounds in all patients june 2014 followup assessments continued until the planned end of the study in december 2014 the median survival interquartile range was 225 months lower quartile 118 months upper quartile not reached in the niv arm and 110 months 67 to 170 months in the niv plus pacing arm with an adjusted hazard ratio of 227 95 confidence interval 122 to 425 p  001 conclusions diaphragmatic pacing should not be used as a routine treatment for patients with als in respiratory failure future work it may be that certain population subgroups benefit from dp we are unable to explain the mechanism behind the excess mortality in the pacing arm something the small trial size cannot help address future research should investigate the mechanism by which harm or benefit occurs further trial registration current controlled trials isrctn53817913 funding this project was funded by the national institute for health research health technology assessment programme and will be published in full in health technology assessment vol 20 no 45 see the hta programme website for further project information additional funding was provided by the motor neurone disease association of england wales and northern ireland,10.3310/hta20450,dipals diaphragm pacing in patients with amyotrophic lateral sclerosis  a randomised controlled trial [SEP] adult aged aged 80 and over amyotrophic lateral sclerosiscomplications costbenefit analysis diaphragm female humans kaplanmeier estimate male middle aged noninvasive ventilationmethods quality of life respiratory insufficiencyetiologytherapy [SEP] background amyotrophic lateral sclerosis als is a neurodegenerative disease resulting in death usually from respiratory failure within 23 years of symptom onset noninvasive ventilation niv is a treatment that when given to patients in respiratory failure leads to improved survival and quality of life diaphragm pacing dp using the neurx4 diaphragm pacing system dps synapse biomedical oberlin oh usa is a new technique that may offer additional or alternative benefits to patients with als who are in respiratory failure objective the diaphragm pacing in patients with amyotrophic lateral sclerosis dipals trial evaluated the effect of dp on survival over the study duration in patients with als with respiratory failure design the dipals trial was a multicentre parallelgroup openlabel randomised controlled trial incorporating health economic analyses and a qualitative longitudinal substudy participants eligible participants had a diagnosis of als als laboratorysupported probable clinically probable or clinically definite according to the world federation of neurology revised el escorial criteria had been stabilised on riluzole for 30 days were aged  18 years and were in respiratory failure we planned to recruit 108 patients from seven ukbased specialist als or respiratory centres allocation was performed using 1  1 nondeterministic minimisation interventions participants were randomised to either standard care niv alone or standard care niv plus dp using the neurx4 dps main outcome measures the primary outcome was overall survival defined as the time from randomisation to death from any cause secondary outcomes were patient quality of life assessed by european quality of life5 dimensions three levels eq5d3l short form questionnaire36 items and sleep apnoea quality of life index questionnaire carer quality of life eq5d3l and caregiver burden inventory costutility analysis and healthcare resource use tolerability and adverse events acceptability and attitudes to dp were assessed in a qualitative substudy results in total 74 participants were randomised into the trial and analysed 37 participants to niv plus pacing and 37 to standard care before the data monitoring and ethics committee advised initial suspension of recruitment december 2013 and subsequent discontinuation of pacing on safety grounds in all patients june 2014 followup assessments continued until the planned end of the study in december 2014 the median survival interquartile range was 225 months lower quartile 118 months upper quartile not reached in the niv arm and 110 months 67 to 170 months in the niv plus pacing arm with an adjusted hazard ratio of 227 95 confidence interval 122 to 425 p  001 conclusions diaphragmatic pacing should not be used as a routine treatment for patients with als in respiratory failure future work it may be that certain population subgroups benefit from dp we are unable to explain the mechanism behind the excess mortality in the pacing arm something the small trial size cannot help address future research should investigate the mechanism by which harm or benefit occurs further trial registration current controlled trials isrctn53817913 funding this project was funded by the national institute for health research health technology assessment programme and will be published in full in health technology assessment vol 20 no 45 see the hta programme website for further project information additional funding was provided by the motor neurone disease association of england wales and northern ireland,0,0.61612725
4218,mapping eortc qlqc30 and factg onto eq5d5l index for patients with cancer,adult aged algorithms female humans japan logistic models male middle aged neoplasmspsychology quality of life surveys and questionnairesstandards cancer eortc qlqc30 eq5d5l factg mapping preferencebased measure,background to develop direct and indirect response mapping algorithms from the european organization for research and treatment of cancer quality of life questionnaire core 30 eortc qlqc30 and the functional assessment of cancer therapy general factg onto the eq5d5l index methods we conducted the qolmac study where eq5d5l eortc qlqc30 and factg were crosssectionally evaluated in patients receiving drug treatment for solid tumors in japan we developed direct and indirect mapping algorithms using 7 regression methods direct mapping was based on the japanese value set we evaluated the predictive performances based on root mean squared error rmse mean absolute error and correlation between the observed and predicted eq5d5l indexes results based on data from 903 and 908 patients for eortc qlqc30 and factg respectively we recommend twopart beta regression for direct mapping and ordinal logistic regression for indirect mapping for both eortc qlqc30 and factg crossvalidated rmse were 0101 in the two methods for eortc qlqc30 whereas they were 0121 in twopart beta regression and 0120 in ordinal logistic regression for factg the mean eq5d5l index and cumulative distribution function simulated from the recommended mapping algorithms generally matched with the observed ones except for very good health both source measures and poor health only factg conclusions the developed mapping algorithms can be used to generate the eq5d5l index from eortc qlqc30 or factg in costeffectiveness analyses whose predictive performance would be similar to or better than those of previous algorithms,10.1186/s12955-020-01611-w,mapping eortc qlqc30 and factg onto eq5d5l index for patients with cancer [SEP] adult aged algorithms female humans japan logistic models male middle aged neoplasmspsychology quality of life surveys and questionnairesstandards cancer eortc qlqc30 eq5d5l factg mapping preferencebased measure [SEP] background to develop direct and indirect response mapping algorithms from the european organization for research and treatment of cancer quality of life questionnaire core 30 eortc qlqc30 and the functional assessment of cancer therapy general factg onto the eq5d5l index methods we conducted the qolmac study where eq5d5l eortc qlqc30 and factg were crosssectionally evaluated in patients receiving drug treatment for solid tumors in japan we developed direct and indirect mapping algorithms using 7 regression methods direct mapping was based on the japanese value set we evaluated the predictive performances based on root mean squared error rmse mean absolute error and correlation between the observed and predicted eq5d5l indexes results based on data from 903 and 908 patients for eortc qlqc30 and factg respectively we recommend twopart beta regression for direct mapping and ordinal logistic regression for indirect mapping for both eortc qlqc30 and factg crossvalidated rmse were 0101 in the two methods for eortc qlqc30 whereas they were 0121 in twopart beta regression and 0120 in ordinal logistic regression for factg the mean eq5d5l index and cumulative distribution function simulated from the recommended mapping algorithms generally matched with the observed ones except for very good health both source measures and poor health only factg conclusions the developed mapping algorithms can be used to generate the eq5d5l index from eortc qlqc30 or factg in costeffectiveness analyses whose predictive performance would be similar to or better than those of previous algorithms,1,0.6297316
15113,outcome and quality of life of elderly critically ill patients an italian prospective observational study,age factors aged 80 and over critical illnessepidemiologymortalitypsychology female humans intensive care unitsstatistics  numerical data italyepidemiology kaplanmeier estimate logistic models male prospective studies quality of life surgical procedures operativemortalitypsychologystatistics  numerical data treatment outcome,the demand of critical care admissions to intensive care unit icu is projected to rise in the next decade the aim of this study was to evaluate short and longterm mortality and quality of life qol of elderly patients 80 years and older admitted to two icus for medical conditions abdominal surgery planned and unplanned and orthopedic surgery for hip fractures over a 6year period three months and one year after icu discharge patients or family members were contacted by telephone to obtain followup information using the euroqol questionnaire the data were compared with an agematched of the italian population two hundred eightyeight patients were included in the study icu mortality of medical 148 and unplanned surgical patients 264 was higher than that of planned surgical 50 and orthopedic patients 25 as was hospital mortality 277 vs 500 vs 50 vs 143 three months and 12 months mortality rates after icu discharge were 407 and 611 in medical patients 705 and 764 in unplanned surgical patients 200 and 300 in planned surgical patients 362 and 462 in orthopedic patients qol measures revealed that one year after icu discharge medical and orthopedic patients had significantly more severe problems visvis mobility selfcare and activity than abdominal surgical patients and control population type of admission was the independent risk factor associated with icu and longterm mortality whereas age 90 year and older was associated with longterm mortality orthopedic surgery for hip fractures seems to influence qol similar to medical diseases,10.1016/j.archger.2011.11.013,outcome and quality of life of elderly critically ill patients an italian prospective observational study [SEP] age factors aged 80 and over critical illnessepidemiologymortalitypsychology female humans intensive care unitsstatistics  numerical data italyepidemiology kaplanmeier estimate logistic models male prospective studies quality of life surgical procedures operativemortalitypsychologystatistics  numerical data treatment outcome [SEP] the demand of critical care admissions to intensive care unit icu is projected to rise in the next decade the aim of this study was to evaluate short and longterm mortality and quality of life qol of elderly patients 80 years and older admitted to two icus for medical conditions abdominal surgery planned and unplanned and orthopedic surgery for hip fractures over a 6year period three months and one year after icu discharge patients or family members were contacted by telephone to obtain followup information using the euroqol questionnaire the data were compared with an agematched of the italian population two hundred eightyeight patients were included in the study icu mortality of medical 148 and unplanned surgical patients 264 was higher than that of planned surgical 50 and orthopedic patients 25 as was hospital mortality 277 vs 500 vs 50 vs 143 three months and 12 months mortality rates after icu discharge were 407 and 611 in medical patients 705 and 764 in unplanned surgical patients 200 and 300 in planned surgical patients 362 and 462 in orthopedic patients qol measures revealed that one year after icu discharge medical and orthopedic patients had significantly more severe problems visvis mobility selfcare and activity than abdominal surgical patients and control population type of admission was the independent risk factor associated with icu and longterm mortality whereas age 90 year and older was associated with longterm mortality orthopedic surgery for hip fractures seems to influence qol similar to medical diseases,1,0.7134479
9526,a platform in the use of medicines to treat chronic hepatitis c platinum c protocol for a prospective treatment registry of realworld outcomes for hepatitis c,antiviral agentstherapeutic use australiaepidemiology genotype hepacivirusgenetics hepatitis c chronicdrug therapyepidemiologyvirology humans life style liver cirrhosisdiagnosis polymerase chain reaction prospective studies rna viralbloodgenetics registries sustained virologic response directacting antiviral treatment hepatitis c platform trial treatment registry,background safe highly curative short course direct acting antiviral daa therapies are now available to treat chronic hepatitis c daa therapy is freely available to all adults chronically infected with the hepatitis c virus hcv in australia if left untreated hepatitis c may lead to progressive hepatic fibrosis cirrhosis and hepatocellular carcinoma australia is committed to eliminating hepatitis as a public health threat by 2030 set by the world health organization however since the introduction of funded daa treatment uptake has been suboptimal australia needs improved strategies for testing treatment uptake and treatment completion to address the persisting hepatitis c public health problem platinum c is a hcv treatment registry and research platform for assessing the comparative effectiveness of alternative interventions for achieving virological cure methods platinum c will prospectively enrol people with active hcv infection confirmed by recent detection of hcv ribonucleic acid rna in blood those enrolled will agree to allow standardised collection of demographic lifestyle treatment virological outcome and other relevant clinical data to better inform the future management of hcv infection the primary outcome is virological cure evidenced by sustained virological response svr which is defined as a negative hcv pcr result 6 to 18 months after initial prescription of daa therapy and no less than 12 weeks after the completion of treatment study participants will be invited to optin to medication adherence monitoring and quality of life assessments using validated selfreported instruments eq5d5l discussion platinum c is a treatment registry and platform for nesting pragmatic trials data collected will inform the design development and implementation of pragmatic trials the digital infrastructure study procedures and governing systems established by the registry will allow platinum c to support a wider research platform in the management of hepatitis c in primary care trial registration the trial is registered with the australia and new zealand clinical trials register  actrn12619000023156  date of registration 10012019,10.1186/s12879-020-05531-4,a platform in the use of medicines to treat chronic hepatitis c platinum c protocol for a prospective treatment registry of realworld outcomes for hepatitis c [SEP] antiviral agentstherapeutic use australiaepidemiology genotype hepacivirusgenetics hepatitis c chronicdrug therapyepidemiologyvirology humans life style liver cirrhosisdiagnosis polymerase chain reaction prospective studies rna viralbloodgenetics registries sustained virologic response directacting antiviral treatment hepatitis c platform trial treatment registry [SEP] background safe highly curative short course direct acting antiviral daa therapies are now available to treat chronic hepatitis c daa therapy is freely available to all adults chronically infected with the hepatitis c virus hcv in australia if left untreated hepatitis c may lead to progressive hepatic fibrosis cirrhosis and hepatocellular carcinoma australia is committed to eliminating hepatitis as a public health threat by 2030 set by the world health organization however since the introduction of funded daa treatment uptake has been suboptimal australia needs improved strategies for testing treatment uptake and treatment completion to address the persisting hepatitis c public health problem platinum c is a hcv treatment registry and research platform for assessing the comparative effectiveness of alternative interventions for achieving virological cure methods platinum c will prospectively enrol people with active hcv infection confirmed by recent detection of hcv ribonucleic acid rna in blood those enrolled will agree to allow standardised collection of demographic lifestyle treatment virological outcome and other relevant clinical data to better inform the future management of hcv infection the primary outcome is virological cure evidenced by sustained virological response svr which is defined as a negative hcv pcr result 6 to 18 months after initial prescription of daa therapy and no less than 12 weeks after the completion of treatment study participants will be invited to optin to medication adherence monitoring and quality of life assessments using validated selfreported instruments eq5d5l discussion platinum c is a treatment registry and platform for nesting pragmatic trials data collected will inform the design development and implementation of pragmatic trials the digital infrastructure study procedures and governing systems established by the registry will allow platinum c to support a wider research platform in the management of hepatitis c in primary care trial registration the trial is registered with the australia and new zealand clinical trials register  actrn12619000023156  date of registration 10012019,0,0.51287055
1110,defibrillator shocks and their effect on objective and subjective patient outcomes results of the painfree sst clinical trial,accelerometry aged anxietyetiologypsychology arrhythmias cardiacphysiopathologypsychologytherapy defibrillators implantableadverse effects electrocardiography exercisephysiology female followup studies humans male middle aged painetiologypsychology prospective studies quality of life surveys and questionnaires time factors treatment outcome accelerometer icd patient activity quality of life shock anxiety,background the effect of implantable cardioverterdefibrillator icd shock on devicemeasured activity and patientreported outcomes is unknown objective the purpose of this study was to analyze the acute and longterm effects of icd shock on objective behavioral data ie devicebased physical activity and subjective patientreported outcomes eg quality of life and shock anxiety methods the painfree smart shock technology sst clinical trial included 2770 patients with a single or dualchamber icd or cardiac resynchronization therapy  defibrillator device who were followed for 22  9 months participants completed measures of quality of life euroqol5d eq5d questionnaire and shock anxiety florida shock anxiety scale at baseline biannual visits and monthly for 6 months after an icd shock daily physical activity data were obtained from a builtin device accelerometer results the average daily activity was 1853  1194 mind activity was significantly reduced after an icd shock p  0001 and recovered to a normal level after 90 days an icd shock was also associated with decreased quality of life eq5d health score and increased eq5d anxiety scores but it did not affect mobility selfcare activity or pain similarly shock anxiety florida shock anxiety scale increased in shocked patients and remained significantly elevated at 24 months regardless of appropriate or inappropriate shock delivery conclusion icd shocks have a longlasting adverse effect on both objective devicemeasured physical activity and subjective patientreported outcomes of quality of life and shock anxiety successful management of patients with an icd requires attention to clinically relevant behavioral and psychological outcomes to expedite recovery and return to activities of daily living,10.1016/j.hrthm.2017.12.026,defibrillator shocks and their effect on objective and subjective patient outcomes results of the painfree sst clinical trial [SEP] accelerometry aged anxietyetiologypsychology arrhythmias cardiacphysiopathologypsychologytherapy defibrillators implantableadverse effects electrocardiography exercisephysiology female followup studies humans male middle aged painetiologypsychology prospective studies quality of life surveys and questionnaires time factors treatment outcome accelerometer icd patient activity quality of life shock anxiety [SEP] background the effect of implantable cardioverterdefibrillator icd shock on devicemeasured activity and patientreported outcomes is unknown objective the purpose of this study was to analyze the acute and longterm effects of icd shock on objective behavioral data ie devicebased physical activity and subjective patientreported outcomes eg quality of life and shock anxiety methods the painfree smart shock technology sst clinical trial included 2770 patients with a single or dualchamber icd or cardiac resynchronization therapy  defibrillator device who were followed for 22  9 months participants completed measures of quality of life euroqol5d eq5d questionnaire and shock anxiety florida shock anxiety scale at baseline biannual visits and monthly for 6 months after an icd shock daily physical activity data were obtained from a builtin device accelerometer results the average daily activity was 1853  1194 mind activity was significantly reduced after an icd shock p  0001 and recovered to a normal level after 90 days an icd shock was also associated with decreased quality of life eq5d health score and increased eq5d anxiety scores but it did not affect mobility selfcare activity or pain similarly shock anxiety florida shock anxiety scale increased in shocked patients and remained significantly elevated at 24 months regardless of appropriate or inappropriate shock delivery conclusion icd shocks have a longlasting adverse effect on both objective devicemeasured physical activity and subjective patientreported outcomes of quality of life and shock anxiety successful management of patients with an icd requires attention to clinically relevant behavioral and psychological outcomes to expedite recovery and return to activities of daily living,1,0.6484833
10246,accurately measuring the quality and effectiveness of lumbar surgery in registry efforts determining the most valid and responsive instruments,adult aged cohort studies female humans lumbar vertebraesurgery male middle aged patient satisfaction prospective studies registries spinal fusionadverse effectspsychology spondylolisthesissurgery surveys and questionnaires treatment outcome disability effectiveness of spine surgery lumbar spine surgery patient reported outcome instruments responsiveness validity,background context prospective registries have emerged as a feasible way to capture realworld care across large patient populations however the proven validity of more robust and cumbersome patientreported outcomes instruments prois must be balanced with what is feasible to apply in largescale registry efforts purpose to determine the relative validity and responsiveness of common prois in accurately determining effectiveness of lumbar fusion for degenerative lumbar spondylolisthesis in registry efforts study design prospective cohort study patient sample fiftyeight patients undergoing transforaminal lumbar interbody fusion tlif for degenerative lumbar spondylolisthesis outcome measures patientreported outcome measures for pain numeric rating scale for back and leg pain nrsbp nrslp disability oswestry disability index odi general health short form sf12 quality of life qol euroqol five dimensions eq5d and depression zung depression scale zds were assessed methods fiftyeight patients undergoing primary tlif for lumbar spondylolisthesis were entered into an institutional registry and prospectively followed for 2 years baseline and 2year patientreported outcomes were assessed to assess the validity of prois to discriminate between effective and noneffective improvements receiver operating characteristic curves were generated for each outcomes instrument an area under the curve auc of 080 was considered an accurate discriminator the difference between standardized response means srms in patients reporting meaningful improvement versus not was calculated to determine the relative responsiveness of each instrument results for pain and disability odi had auc094 suggesting it as an accurate discriminator of meaningful improvement oswestry disability index was most responsive to postoperative improvement srm difference 218 followed by nrsbp and nrslp for general health and qol sf12 physical component score auc 090 zds auc 089 and sf12 mental component score auc 085 were all accurate discriminators of meaningful improvement however eq5d was most accurate auc 097 euroqol five dimensions was also most responsive srm difference 283 conclusions for pain and disability odi was the most valid and responsive measure of effectiveness of lumbar fusion numeric rating scalebp and nrslp should not be used as substitutes for odi in measuring effectiveness of care in registry efforts for healthrelated qol eq5d was the most valid and responsive measure of improvement however sf12 and zds are valid alternatives with less responsiveness,10.1016/j.spinee.2014.04.023,accurately measuring the quality and effectiveness of lumbar surgery in registry efforts determining the most valid and responsive instruments [SEP] adult aged cohort studies female humans lumbar vertebraesurgery male middle aged patient satisfaction prospective studies registries spinal fusionadverse effectspsychology spondylolisthesissurgery surveys and questionnaires treatment outcome disability effectiveness of spine surgery lumbar spine surgery patient reported outcome instruments responsiveness validity [SEP] background context prospective registries have emerged as a feasible way to capture realworld care across large patient populations however the proven validity of more robust and cumbersome patientreported outcomes instruments prois must be balanced with what is feasible to apply in largescale registry efforts purpose to determine the relative validity and responsiveness of common prois in accurately determining effectiveness of lumbar fusion for degenerative lumbar spondylolisthesis in registry efforts study design prospective cohort study patient sample fiftyeight patients undergoing transforaminal lumbar interbody fusion tlif for degenerative lumbar spondylolisthesis outcome measures patientreported outcome measures for pain numeric rating scale for back and leg pain nrsbp nrslp disability oswestry disability index odi general health short form sf12 quality of life qol euroqol five dimensions eq5d and depression zung depression scale zds were assessed methods fiftyeight patients undergoing primary tlif for lumbar spondylolisthesis were entered into an institutional registry and prospectively followed for 2 years baseline and 2year patientreported outcomes were assessed to assess the validity of prois to discriminate between effective and noneffective improvements receiver operating characteristic curves were generated for each outcomes instrument an area under the curve auc of 080 was considered an accurate discriminator the difference between standardized response means srms in patients reporting meaningful improvement versus not was calculated to determine the relative responsiveness of each instrument results for pain and disability odi had auc094 suggesting it as an accurate discriminator of meaningful improvement oswestry disability index was most responsive to postoperative improvement srm difference 218 followed by nrsbp and nrslp for general health and qol sf12 physical component score auc 090 zds auc 089 and sf12 mental component score auc 085 were all accurate discriminators of meaningful improvement however eq5d was most accurate auc 097 euroqol five dimensions was also most responsive srm difference 283 conclusions for pain and disability odi was the most valid and responsive measure of effectiveness of lumbar fusion numeric rating scalebp and nrslp should not be used as substitutes for odi in measuring effectiveness of care in registry efforts for healthrelated qol eq5d was the most valid and responsive measure of improvement however sf12 and zds are valid alternatives with less responsiveness,1,0.53463453
10310,patients healthrelated quality of life and utilities associated with different stages of amyotrophic lateral sclerosis,activities of daily living adult aged amyotrophic lateral sclerosisclassificationrehabilitation choice behavior cohort studies crosssectional studies disease progression female health status health status indicators humans interviews as topic male middle aged predictive value of tests quality of life self disclosure severity of illness index surveys and questionnaires united kingdom,objectives amyotrophic lateral sclerosis als is a devastating disease that has serious consequences in terms of impairments and disabilities which are expected to impact on healthrelated quality of life hrql the aim of the present study was to assess selfreported health status and hrql as well as patients own valuation of their present health state in a sample of patients with different levels of severity of als methods structured interviews were conducted with 77 patients with different levels of disease severity patients completed a diseasespecific health status measure alsaq40 a generic health status measure euroqol eq5d visual analogue scale vas rating of current health and a standard gamble sg exercise to provide health state utilities for their own health state results the results from the alsaq40 and eq5d descriptive system indicate that patients hrql decreases systematically with increasing severity of disease patients mean vas rating of their own health ranged from 074 for stage 1 early disease severity to 037 for stage 4 late stage disease severity utilities elicited via sg were systematically higher than vas scores and ranged from a mean of 079 for stage 1 disease severity to a mean of 045 for stage 4 disease severity,10.1016/s0022-510x(01)00616-5,patients healthrelated quality of life and utilities associated with different stages of amyotrophic lateral sclerosis [SEP] activities of daily living adult aged amyotrophic lateral sclerosisclassificationrehabilitation choice behavior cohort studies crosssectional studies disease progression female health status health status indicators humans interviews as topic male middle aged predictive value of tests quality of life self disclosure severity of illness index surveys and questionnaires united kingdom [SEP] objectives amyotrophic lateral sclerosis als is a devastating disease that has serious consequences in terms of impairments and disabilities which are expected to impact on healthrelated quality of life hrql the aim of the present study was to assess selfreported health status and hrql as well as patients own valuation of their present health state in a sample of patients with different levels of severity of als methods structured interviews were conducted with 77 patients with different levels of disease severity patients completed a diseasespecific health status measure alsaq40 a generic health status measure euroqol eq5d visual analogue scale vas rating of current health and a standard gamble sg exercise to provide health state utilities for their own health state results the results from the alsaq40 and eq5d descriptive system indicate that patients hrql decreases systematically with increasing severity of disease patients mean vas rating of their own health ranged from 074 for stage 1 early disease severity to 037 for stage 4 late stage disease severity utilities elicited via sg were systematically higher than vas scores and ranged from a mean of 079 for stage 1 disease severity to a mean of 045 for stage 4 disease severity,1,0.6540421
634,quality of life in adults with metabolic dysfunctionassociated fatty liver disease,adult humans liver diseases nutrition surveys odds ratio quality of life risk metabolic dysfunctionassociated fatty liver disease populationbased analysis quality of life stress,the aims of this study were as follows to investigate the association between metabolic dysfunctionassociated fatty liver disease mafld and healthrelated quality of life hrqol to evaluate whether stress perception and mental health among patients with mafld affect hrqol and to identify the underrated burden on mafld patients nationwide data from the 5th korean national health and nutrition examination survey knhanes v 2010 to 2012 were used mafld was defined by a fatty liver index fli of 60 and the euroqol5d eq5d was used to assess hrqol logistic regression analysis and odds ratios ors were used to determine the associations of mafld with stress mental health and hrqol previous suicidal impulse was not found to be significantly associated with hrqol the risk of mafld increased 1265fold with an increase in stress levels based on the stress perception rate confidence index ci 10461530 p  005 while it increased 1091fold with a 1point decrease in the eq5d score ci 10191169 p  005 hrqol impairment and stress levels are associated with mafld it is important to evaluate stress levels among mafld patients and implement stress management and hrqol improvement strategies,10.3390/ijerph182413145,quality of life in adults with metabolic dysfunctionassociated fatty liver disease [SEP] adult humans liver diseases nutrition surveys odds ratio quality of life risk metabolic dysfunctionassociated fatty liver disease populationbased analysis quality of life stress [SEP] the aims of this study were as follows to investigate the association between metabolic dysfunctionassociated fatty liver disease mafld and healthrelated quality of life hrqol to evaluate whether stress perception and mental health among patients with mafld affect hrqol and to identify the underrated burden on mafld patients nationwide data from the 5th korean national health and nutrition examination survey knhanes v 2010 to 2012 were used mafld was defined by a fatty liver index fli of 60 and the euroqol5d eq5d was used to assess hrqol logistic regression analysis and odds ratios ors were used to determine the associations of mafld with stress mental health and hrqol previous suicidal impulse was not found to be significantly associated with hrqol the risk of mafld increased 1265fold with an increase in stress levels based on the stress perception rate confidence index ci 10461530 p  005 while it increased 1091fold with a 1point decrease in the eq5d score ci 10191169 p  005 hrqol impairment and stress levels are associated with mafld it is important to evaluate stress levels among mafld patients and implement stress management and hrqol improvement strategies,1,0.64469326
5216,impact of carbidopalevodopa enteral suspension on quality of life and activities of daily living in patients with advanced parkinsons disease results from a pooled metaanalysis,activities of daily living antiparkinson agentsadministration  dosage carbidopaadministration  dosage drug combinations gels humans infusion pumps implantable levodopaadministration  dosage parkinson diseasedrug therapy quality of life carbidopalevodopa metaanalysis motor symptoms parkinsons disease quality of life,introduction to estimate the impact of carbidopalevodopa enteral suspension cles on key patientcentered outcomes in patients with advanced parkinsons disease pd methods a comprehensive literature review identified relevant studies from which data were metaanalyzed over 3month intervals up to 24 months patientcentered outcomes of interest included mean 95 ci changes from baseline  in quality of life qol measured using pdspecific pdq8 pdq39 and generic eq5d instruments activities of daily living adl measured in on and off states using updrs part ii and motor symptoms ie off timeday and motor examination measured in on and off states using updrs part iii results the pooled metaanalysis included data from 26 studies evaluating 1556 patients on cles at 3 months all outcomes showed significant improvement qol pdq39  1026 1154 897 eq5dvas  1542 1258 1826 adl updrs iion  432 563 301 motor symptoms off time hoursday  348 415 282 updrs iiion  620 988 251 at 24 months there were statistically significant mean improvements in qol pdq39  774 1240 307 eq5dvas  1118 690 1545 and adl updrs iioff  388 534 242 and off time 421 516 326 hoursday conclusions impact of cles on significantly reducing off timeday was observed to be rapid and durable ie remained consistent across 24 months most qol and adl measures showed a consistent pattern of improvement with initiation of treatment and remained significantly improved from baseline at 24 months,10.1016/j.parkreldis.2021.03.009,impact of carbidopalevodopa enteral suspension on quality of life and activities of daily living in patients with advanced parkinsons disease results from a pooled metaanalysis [SEP] activities of daily living antiparkinson agentsadministration  dosage carbidopaadministration  dosage drug combinations gels humans infusion pumps implantable levodopaadministration  dosage parkinson diseasedrug therapy quality of life carbidopalevodopa metaanalysis motor symptoms parkinsons disease quality of life [SEP] introduction to estimate the impact of carbidopalevodopa enteral suspension cles on key patientcentered outcomes in patients with advanced parkinsons disease pd methods a comprehensive literature review identified relevant studies from which data were metaanalyzed over 3month intervals up to 24 months patientcentered outcomes of interest included mean 95 ci changes from baseline  in quality of life qol measured using pdspecific pdq8 pdq39 and generic eq5d instruments activities of daily living adl measured in on and off states using updrs part ii and motor symptoms ie off timeday and motor examination measured in on and off states using updrs part iii results the pooled metaanalysis included data from 26 studies evaluating 1556 patients on cles at 3 months all outcomes showed significant improvement qol pdq39  1026 1154 897 eq5dvas  1542 1258 1826 adl updrs iion  432 563 301 motor symptoms off time hoursday  348 415 282 updrs iiion  620 988 251 at 24 months there were statistically significant mean improvements in qol pdq39  774 1240 307 eq5dvas  1118 690 1545 and adl updrs iioff  388 534 242 and off time 421 516 326 hoursday conclusions impact of cles on significantly reducing off timeday was observed to be rapid and durable ie remained consistent across 24 months most qol and adl measures showed a consistent pattern of improvement with initiation of treatment and remained significantly improved from baseline at 24 months,1,0.60061324
2131,healthrelated quality of life and mental wellbeing of healthy and diseased persons in 8 countries does stringency of government response against early covid19 matter,covid19 eq5d5l hrqol stringency index who5 wellbeing,objectives our study aimed to 1 assess healthrelated quality of life hrqol and mental wellbeing of healthy and diseased persons in the general population during the early stage of the covid19 pandemic and 2 examine the relationship between hrqol and mental wellbeing and individual characteristics and government response against covid19 as measured by the stringency index methods a webbased survey was administered to a cohort of persons from the general population of eight countries greece italy the netherlands russia south africa sweden the united kingdom uk and the united states of america us from april 22 to may 5 and may 26 to june 1 2020 countrylevel stringency indices were adopted from the covid19 government response tracker primary outcomes were hrqol measured using the eq5d5l and mental wellbeing measured using the world health organization5 wellbeing who5 findings 21354 respondents were included in the study diseased respondents had lower eq5d5l and who5 scores compared to healthy respondents younger respondents had lower who5 scores than older respondents the stringency index had a stronger association with the eq5d5l and who5 among diseased respondents compared to healthy respondents increasing stringency was associated with an increase in eq5d5l scores but a decrease in the who5 index conclusion the stringency of government response is inversely related to hrqol and mental wellbeing with a small positive relation with hrqol and strong negative relation with mental wellbeing the magnitude of effects differed for healthy and diseased persons and by age but was most favourable for diseased and older persons,10.1016/j.ssmph.2021.100913,healthrelated quality of life and mental wellbeing of healthy and diseased persons in 8 countries does stringency of government response against early covid19 matter [SEP] covid19 eq5d5l hrqol stringency index who5 wellbeing [SEP] objectives our study aimed to 1 assess healthrelated quality of life hrqol and mental wellbeing of healthy and diseased persons in the general population during the early stage of the covid19 pandemic and 2 examine the relationship between hrqol and mental wellbeing and individual characteristics and government response against covid19 as measured by the stringency index methods a webbased survey was administered to a cohort of persons from the general population of eight countries greece italy the netherlands russia south africa sweden the united kingdom uk and the united states of america us from april 22 to may 5 and may 26 to june 1 2020 countrylevel stringency indices were adopted from the covid19 government response tracker primary outcomes were hrqol measured using the eq5d5l and mental wellbeing measured using the world health organization5 wellbeing who5 findings 21354 respondents were included in the study diseased respondents had lower eq5d5l and who5 scores compared to healthy respondents younger respondents had lower who5 scores than older respondents the stringency index had a stronger association with the eq5d5l and who5 among diseased respondents compared to healthy respondents increasing stringency was associated with an increase in eq5d5l scores but a decrease in the who5 index conclusion the stringency of government response is inversely related to hrqol and mental wellbeing with a small positive relation with hrqol and strong negative relation with mental wellbeing the magnitude of effects differed for healthy and diseased persons and by age but was most favourable for diseased and older persons,1,0.66208565
10473,mapping the 25item national eye institute visual functioning questionnaire nei vfq25 to eq5d utility scores,algorithms diabetic retinopathyphysiopathology female health status humans macular edemaphysiopathology male middle aged models statistical national eye institute us quality of lifepsychology randomized controlled trials as topic sickness impact profile surveys and questionnaires united states visual acuityphysiology,purpose to develop a mapping algorithm for the estimation of eq5dbased utility scores from observed 25item national eye institute visual functioning questionnaire nei vfq25 scores a diseasespecific patientreported outcome measure used in several retinal disorders to evaluate visionspecific functioning methods the dataset comprised 951 paired eq5dnei vfq25 observations from 344 patients in restore a 12month randomized doubleblind trial in individuals with visual impairment due to diabetic macular edema eq5d index scores utilities were calculated based on the uk tariff we evaluated 11 models using predictor sets based on the nei vfq25 subscales to estimate utility as a function of nei vfq25 score based on four modeling techniques model performance was assessed by 10fold crossvalidation comparing root mean squared error rmse mean absolute error mae and correlation with eq5d score pearson and spearman correlation coefficients results mapping results were similar across all techniques and predictor sets the reverse twopart generalized estimating equation model used fewest predictors and had the best predictive performance rmse 0200 mae 0140 predicted and original eq5d values were not strongly correlated squared spearman correlation coefficient 034 conclusions although mapping diseasespecific instruments to eq5d utilities is a preferred method by some reimbursement bodies finding an appropriate mapping equation is not straightforward in this study mapping nei vfq25 scores to eq5d utilities provided low predictive power independent of the modeling methodology applied suggesting an inability of the eq5d to discriminate visionrelated activities and highlighting that mapping exercises may lead to inaccurate utility values that do not represent patients preferences,10.3109/09286586.2014.888456,mapping the 25item national eye institute visual functioning questionnaire nei vfq25 to eq5d utility scores [SEP] algorithms diabetic retinopathyphysiopathology female health status humans macular edemaphysiopathology male middle aged models statistical national eye institute us quality of lifepsychology randomized controlled trials as topic sickness impact profile surveys and questionnaires united states visual acuityphysiology [SEP] purpose to develop a mapping algorithm for the estimation of eq5dbased utility scores from observed 25item national eye institute visual functioning questionnaire nei vfq25 scores a diseasespecific patientreported outcome measure used in several retinal disorders to evaluate visionspecific functioning methods the dataset comprised 951 paired eq5dnei vfq25 observations from 344 patients in restore a 12month randomized doubleblind trial in individuals with visual impairment due to diabetic macular edema eq5d index scores utilities were calculated based on the uk tariff we evaluated 11 models using predictor sets based on the nei vfq25 subscales to estimate utility as a function of nei vfq25 score based on four modeling techniques model performance was assessed by 10fold crossvalidation comparing root mean squared error rmse mean absolute error mae and correlation with eq5d score pearson and spearman correlation coefficients results mapping results were similar across all techniques and predictor sets the reverse twopart generalized estimating equation model used fewest predictors and had the best predictive performance rmse 0200 mae 0140 predicted and original eq5d values were not strongly correlated squared spearman correlation coefficient 034 conclusions although mapping diseasespecific instruments to eq5d utilities is a preferred method by some reimbursement bodies finding an appropriate mapping equation is not straightforward in this study mapping nei vfq25 scores to eq5d utilities provided low predictive power independent of the modeling methodology applied suggesting an inability of the eq5d to discriminate visionrelated activities and highlighting that mapping exercises may lead to inaccurate utility values that do not represent patients preferences,1,0.6363589
5451,psychometric properties of the short version of the freiburg life quality assessment for chronic venous disease,adult aged chronic disease diagnostic self evaluation female humans male middle aged prospective studies psychometrics quality of life self report varicose veins venous insufficiency chronic venous disease flqavs10 healthrelated quality of life phlebology validation venous insufficiency,background chronic venous disease is a frequent vascular condition international societies have recommended the use of healthrelated quality of life hrqol instruments in the assessment of patients with vascular diseases thus the freiburg life quality assessment for chronic venous disease 10item questionnaire flqavs10 was developed the aim of the present study was to validate the flqavs10 in a prospective study methods we recruited 100 patients with recurrent varicosis or incomplete or complete venous insufficiency undergoing interventional vein treatment high ligation of the great or small saphenous vein or endovenous ablation therapy these patients completed the flqavs10 and instruments assessing convergent validation criteria at four points preoperatively t1 postoperatively t2 and twice 3 years later with a 1week interval t3 and t4 results the mean age was 560  137 years and 660 were women the patients had presented with recurrent varicosis of the saphenofemoral junction 280 recurrent varicosis of the saphenopopliteal junction 10 incomplete or complete insufficiency of the great saphenous vein 690 or complete insufficiency of the small saphenous vein 20 the items showed few missing values the flqavs10 global score showed no ceiling effect patients reporting the highest possible impairments in hrqol but did show a floor effect patients reporting the lowest possible impairments in hrqol which was highest at the postoperative assessments the internal consistency of the global score was high at all measurement points a convergent validity and responsiveness analysis revealed that the flqavs10 correlated in the expected direction with the convergent instruments including the freiburg life quality assessment for venous diseases venous diseasespecific hrqol and the fivelevel eq5d generic hrqol data from t3 and t4 revealed high testretest reliability intraclass correlation 092 overall the patients stated that the flqavs10 was comprehensible comprehensive and easy to complete conclusions our data suggest that the flqavs10 is a reliable valid responsive and feasible hrqol questionnaire for patients with chronic venous diseases this questionnaire can serve as short and easytouse instrument to assess patientreported outcomes in the treatment of these patients,10.1016/j.jvsv.2021.09.002,psychometric properties of the short version of the freiburg life quality assessment for chronic venous disease [SEP] adult aged chronic disease diagnostic self evaluation female humans male middle aged prospective studies psychometrics quality of life self report varicose veins venous insufficiency chronic venous disease flqavs10 healthrelated quality of life phlebology validation venous insufficiency [SEP] background chronic venous disease is a frequent vascular condition international societies have recommended the use of healthrelated quality of life hrqol instruments in the assessment of patients with vascular diseases thus the freiburg life quality assessment for chronic venous disease 10item questionnaire flqavs10 was developed the aim of the present study was to validate the flqavs10 in a prospective study methods we recruited 100 patients with recurrent varicosis or incomplete or complete venous insufficiency undergoing interventional vein treatment high ligation of the great or small saphenous vein or endovenous ablation therapy these patients completed the flqavs10 and instruments assessing convergent validation criteria at four points preoperatively t1 postoperatively t2 and twice 3 years later with a 1week interval t3 and t4 results the mean age was 560  137 years and 660 were women the patients had presented with recurrent varicosis of the saphenofemoral junction 280 recurrent varicosis of the saphenopopliteal junction 10 incomplete or complete insufficiency of the great saphenous vein 690 or complete insufficiency of the small saphenous vein 20 the items showed few missing values the flqavs10 global score showed no ceiling effect patients reporting the highest possible impairments in hrqol but did show a floor effect patients reporting the lowest possible impairments in hrqol which was highest at the postoperative assessments the internal consistency of the global score was high at all measurement points a convergent validity and responsiveness analysis revealed that the flqavs10 correlated in the expected direction with the convergent instruments including the freiburg life quality assessment for venous diseases venous diseasespecific hrqol and the fivelevel eq5d generic hrqol data from t3 and t4 revealed high testretest reliability intraclass correlation 092 overall the patients stated that the flqavs10 was comprehensible comprehensive and easy to complete conclusions our data suggest that the flqavs10 is a reliable valid responsive and feasible hrqol questionnaire for patients with chronic venous diseases this questionnaire can serve as short and easytouse instrument to assess patientreported outcomes in the treatment of these patients,1,0.57131636
1584,daily clinical practice in the management of chronic urticaria in spain results of the ucrex study,angioedema autoimmunity autoinmunidad calidad de vida dermatology dermatologa epidemiology epidemiologa qualityoflife urticaria,background chronic urticaria cu is a debilitating disease whose treatment is mainly symptomatic ucrex study aimed to identify cu patients profile disease management and qualityoflife qol in daily clinical practice in spain methods observational 12months prospective multicenter study included de novo or established cu patients attending to dermatologyallergy consultations in 39 spanish hospitals main variables urticaria activity score uas uas over 7 days uas7 secondary variables cuqol questionnaire cuq2ol euroqol5 dimensions eq5d medical outcomes study sleep mossleep scale hospital anxiety and depression scale hads results 361 patients included of them 176 488 considered for the main objective analysis mean age sd of 466 142 years and 718 women the year prior to inclusion most patients 571 were treated with nonsedating h1antihistamines nsh1ah at baseline mean sd 36 68 visits were registered to primary care mean sd uas7 at baseline was 143 110 and cuq2ol 241 170 which tended to improve by 86 97 and 139 150 respectively at 12months mossleep and eq5d remained steady during the study except paindiscomfort and anxietydepression which went from 587 and 496 to 296 and 269 respectively at baseline hads showed a mean sd anxiety of 87 45 and depression 51 44 decreasing to 70 43 and 47 43 respectively at 12months conclusions although most cu patients are treated with nsh1ah disease activity is still important negatively affecting patients qol work activity and healthcare resources use an appropriate disease management could be the basis for symptoms control qol improvement and resources optimization,10.1016/j.ad.2021.06.014,daily clinical practice in the management of chronic urticaria in spain results of the ucrex study [SEP] angioedema autoimmunity autoinmunidad calidad de vida dermatology dermatologa epidemiology epidemiologa qualityoflife urticaria [SEP] background chronic urticaria cu is a debilitating disease whose treatment is mainly symptomatic ucrex study aimed to identify cu patients profile disease management and qualityoflife qol in daily clinical practice in spain methods observational 12months prospective multicenter study included de novo or established cu patients attending to dermatologyallergy consultations in 39 spanish hospitals main variables urticaria activity score uas uas over 7 days uas7 secondary variables cuqol questionnaire cuq2ol euroqol5 dimensions eq5d medical outcomes study sleep mossleep scale hospital anxiety and depression scale hads results 361 patients included of them 176 488 considered for the main objective analysis mean age sd of 466 142 years and 718 women the year prior to inclusion most patients 571 were treated with nonsedating h1antihistamines nsh1ah at baseline mean sd 36 68 visits were registered to primary care mean sd uas7 at baseline was 143 110 and cuq2ol 241 170 which tended to improve by 86 97 and 139 150 respectively at 12months mossleep and eq5d remained steady during the study except paindiscomfort and anxietydepression which went from 587 and 496 to 296 and 269 respectively at baseline hads showed a mean sd anxiety of 87 45 and depression 51 44 decreasing to 70 43 and 47 43 respectively at 12months conclusions although most cu patients are treated with nsh1ah disease activity is still important negatively affecting patients qol work activity and healthcare resources use an appropriate disease management could be the basis for symptoms control qol improvement and resources optimization,1,0.58793706
3228,clinical course of patients with pantothenate kinaseassociated neurodegeneration pkan before and after dbs surgery,adult deep brain stimulation disease progression dystoniaetiologyphysiopathologytherapy female followup studies globus pallidus humans male pantothenate kinaseassociated severity of illness index treatment outcome young adult deep brain stimulation dystonia globus pallidus internus pantothenate kinaseassociated neurodegeneration,introduction pantothenate kinaseassociated neurodegeneration pkan is a rare autosomal recessive disorder with a progressive clinical course in addition to symptomatic therapy dbs has been increasingly recognized as a potential therapeutic strategy especially in severe cases therefore we wanted to report our experience regarding benefits of dbs in five pkan cases in 3year followup study methods five genetically confirmed pkan patients from serbia underwent gpidbs to assess clinical outcome we reviewed medical charts and applied schwab and england activities of daily living scale se eq5d questionnaire for quality of life patient global impression of improvement gpii functional independence measure fim burkefahnmarsden dystonia rating scale bfmdrs barry albright dystonia scale bad patients were evaluated in five visits at the disease onset 5 years after the onset before surgery 6 months and 1436 months after the surgery improvement of 20 was accepted as significant results overall dystonia significantly improved after gpidbs at 6 and 1436 months postoperatively when assessed by the bfmdrs and bad however two patients failed to improve considerably four patients reported improvement on gpii while one remained unchanged three patients reported significant improvement when assessed with se and fim eq5d showed the most prominent improvement in the domains of mobility and paindiscomfort conclusion three out of our five patients experienced beneficial effects of the gpidbs in up to 36 months followup two patients who had not reached significant improvement had longer disease duration therefore it might be reasonable to recommend gpidbs as soon as dystonia became disabling,10.1007/s00415-019-09499-3,clinical course of patients with pantothenate kinaseassociated neurodegeneration pkan before and after dbs surgery [SEP] adult deep brain stimulation disease progression dystoniaetiologyphysiopathologytherapy female followup studies globus pallidus humans male pantothenate kinaseassociated severity of illness index treatment outcome young adult deep brain stimulation dystonia globus pallidus internus pantothenate kinaseassociated neurodegeneration [SEP] introduction pantothenate kinaseassociated neurodegeneration pkan is a rare autosomal recessive disorder with a progressive clinical course in addition to symptomatic therapy dbs has been increasingly recognized as a potential therapeutic strategy especially in severe cases therefore we wanted to report our experience regarding benefits of dbs in five pkan cases in 3year followup study methods five genetically confirmed pkan patients from serbia underwent gpidbs to assess clinical outcome we reviewed medical charts and applied schwab and england activities of daily living scale se eq5d questionnaire for quality of life patient global impression of improvement gpii functional independence measure fim burkefahnmarsden dystonia rating scale bfmdrs barry albright dystonia scale bad patients were evaluated in five visits at the disease onset 5 years after the onset before surgery 6 months and 1436 months after the surgery improvement of 20 was accepted as significant results overall dystonia significantly improved after gpidbs at 6 and 1436 months postoperatively when assessed by the bfmdrs and bad however two patients failed to improve considerably four patients reported improvement on gpii while one remained unchanged three patients reported significant improvement when assessed with se and fim eq5d showed the most prominent improvement in the domains of mobility and paindiscomfort conclusion three out of our five patients experienced beneficial effects of the gpidbs in up to 36 months followup two patients who had not reached significant improvement had longer disease duration therefore it might be reasonable to recommend gpidbs as soon as dystonia became disabling,1,0.5304415
12462,economic and qualityoflife impact of seasonal allergic conjunctivitis in oxfordshire,adolescent adult aged aged 80 and over conjunctivitis allergiceconomicspsychology cost of illness drug therapy englandepidemiology female health care costs health services research health status indicators health surveys humans male middle aged quality of life seasons surveys and questionnaires,purpose the purpose of this study was to examine the economic and qualityoflife qol impact of seasonal allergic conjunctivitis sac from the individual patient perspective setting the study population was drawn from the general public of oxfordshire england methods participants were recruited from either general practices or the casualty department of the oxford eye hospital oeh all persons who were between 16 and 80 years of age and english speaking were eligible for enrollment in the study the inclusion criteria for cases was that participants 1 experienced itchy bloodshot and watering eyes at some time between february and august every year since 1999 and 2 considered it likely that this was in response to seasonal allergens controls were drawn from the same sources and were age and sexmatched to cases participants completed the eq5d health questionnaire the rhinoconjunctivitis quality of life questionnaire rqlq the national eye institute us visual functioning questionnaire 25 vfq25 and a specially developed health economic and demographic questionnaire results most participants in both groups were female 675 in the sac and 70 in the control group p0565 weekly earnings were lower in the sac group p0001 as the sac group also worked fewer hours per week p0001 participants with sac also experienced a greater degree of pain and discomfort as measured by the eq5d p0018 and a lower perception of health using the eqvas p0039 statistically significant differences between both groups were detected in all domains of the vfq25 except general and colour vision although the differences were thought to be clinically significant only for the ocular pain domain the rqlq scores were also all found to differ significantly between groups p0001 the total of both the public health care and private outofpocket costs of sac in our study population ranged on average between pound sterling 6461 for a pensioner to pound sterling 12369 for a person with sac in paid employment conclusions sac is a costly highly prevalent chronic condition associated with significant reductions in both ocular and general quality of life as well as ongoing outofpocket expenses and health care costs medications that reduce this demand on health care systems and outofpocket expenses by patients could be of potential importance in reducing the overall economic and health burden of illness posed by sac,10.1076/opep.11.1.17.26437,economic and qualityoflife impact of seasonal allergic conjunctivitis in oxfordshire [SEP] adolescent adult aged aged 80 and over conjunctivitis allergiceconomicspsychology cost of illness drug therapy englandepidemiology female health care costs health services research health status indicators health surveys humans male middle aged quality of life seasons surveys and questionnaires [SEP] purpose the purpose of this study was to examine the economic and qualityoflife qol impact of seasonal allergic conjunctivitis sac from the individual patient perspective setting the study population was drawn from the general public of oxfordshire england methods participants were recruited from either general practices or the casualty department of the oxford eye hospital oeh all persons who were between 16 and 80 years of age and english speaking were eligible for enrollment in the study the inclusion criteria for cases was that participants 1 experienced itchy bloodshot and watering eyes at some time between february and august every year since 1999 and 2 considered it likely that this was in response to seasonal allergens controls were drawn from the same sources and were age and sexmatched to cases participants completed the eq5d health questionnaire the rhinoconjunctivitis quality of life questionnaire rqlq the national eye institute us visual functioning questionnaire 25 vfq25 and a specially developed health economic and demographic questionnaire results most participants in both groups were female 675 in the sac and 70 in the control group p0565 weekly earnings were lower in the sac group p0001 as the sac group also worked fewer hours per week p0001 participants with sac also experienced a greater degree of pain and discomfort as measured by the eq5d p0018 and a lower perception of health using the eqvas p0039 statistically significant differences between both groups were detected in all domains of the vfq25 except general and colour vision although the differences were thought to be clinically significant only for the ocular pain domain the rqlq scores were also all found to differ significantly between groups p0001 the total of both the public health care and private outofpocket costs of sac in our study population ranged on average between pound sterling 6461 for a pensioner to pound sterling 12369 for a person with sac in paid employment conclusions sac is a costly highly prevalent chronic condition associated with significant reductions in both ocular and general quality of life as well as ongoing outofpocket expenses and health care costs medications that reduce this demand on health care systems and outofpocket expenses by patients could be of potential importance in reducing the overall economic and health burden of illness posed by sac,1,0.60262114
7348,cognitive status and use of analgesics and anxiolytics in residents of nursing homes in the czech republic,aged aged 80 and over analgesicstherapeutic use antianxiety agentstherapeutic use anxietycomplicationsdrug therapy cognitive dysfunctioncomplications crosssectional studies czech republic dementiacomplications female homes for the agedstandards humans male nursing homesstandards paincomplicationsdrug therapy pain measurement quality of health care surveys and questionnaires analgesics anxiety anxiolytics dementia pain,background the treatment of pain and treatment of anxiety are two of the most complex issues in nursing homes worldwide mainly because of the large numbers of people with cognitive impairment who reside in this environment aim the aim of this study was to investigate the administration of analgesics and anxiolytics to people living in nursing homes taking into account cognitive status methods for this crosssectional study we used data from 404 residents who lived in nine randomly selected nursing homes in the czech republic and participated in the czechaustrian longterm care research project called demdata information about medication administration was obtained from medical records cognitive impairment was evaluated by the minimental state examination and pain was measured by the pain assessment in advanced dementia to measure anxiety we used the behavioral pathology in alzheimers disease rating scale in residents with severetomoderate dementia and also the standardized questionnaire euroqol in other residents results in all 68 95 ci 6274 of residents with pain did not receive any analgesic medication and 31 95 ci 2538 of residents were administered some analgesics and continued to report pain the lowest reported occurrence of pain as well as the lowest prevalence of analgesic administration was in residents with moderatetosevere dementia we found that an alarming percentage of residents in the nursing homes were not treated sufficiently conclusion this study indicates that treatment effects should be better monitored,10.2147/CIA.S188601,cognitive status and use of analgesics and anxiolytics in residents of nursing homes in the czech republic [SEP] aged aged 80 and over analgesicstherapeutic use antianxiety agentstherapeutic use anxietycomplicationsdrug therapy cognitive dysfunctioncomplications crosssectional studies czech republic dementiacomplications female homes for the agedstandards humans male nursing homesstandards paincomplicationsdrug therapy pain measurement quality of health care surveys and questionnaires analgesics anxiety anxiolytics dementia pain [SEP] background the treatment of pain and treatment of anxiety are two of the most complex issues in nursing homes worldwide mainly because of the large numbers of people with cognitive impairment who reside in this environment aim the aim of this study was to investigate the administration of analgesics and anxiolytics to people living in nursing homes taking into account cognitive status methods for this crosssectional study we used data from 404 residents who lived in nine randomly selected nursing homes in the czech republic and participated in the czechaustrian longterm care research project called demdata information about medication administration was obtained from medical records cognitive impairment was evaluated by the minimental state examination and pain was measured by the pain assessment in advanced dementia to measure anxiety we used the behavioral pathology in alzheimers disease rating scale in residents with severetomoderate dementia and also the standardized questionnaire euroqol in other residents results in all 68 95 ci 6274 of residents with pain did not receive any analgesic medication and 31 95 ci 2538 of residents were administered some analgesics and continued to report pain the lowest reported occurrence of pain as well as the lowest prevalence of analgesic administration was in residents with moderatetosevere dementia we found that an alarming percentage of residents in the nursing homes were not treated sufficiently conclusion this study indicates that treatment effects should be better monitored,1,0.5668325
6012,ninja trial should the nail plate be replaced or discarded after nail bed repair in children protocol for a multicentre randomised control trial,child female humans male multicenter studies as topic nailsinjuriessurgery painetiology quality of life randomized controlled trials as topic surgical wound infectionprevention  control wound healing finger nail bed paediatric randomised clinical trial,introduction trauma to the nail bed is the most common surgically treated paediatric hand injury the majority of surgeons replace the nail plate after repairing the nail bed despite a lack of evidence to do so replacing the nail plate may be associated with increased postoperative infection we will investigate the impact of replacing or discarding the nail plate on infection cosmetic appearance pain and subsequent healthcare use the nail bed injury analysis trial ninja aims to answer the question of whether the nail plate should be replaced or discarded after surgical nail bed repair in children methods and analysis a twoarm parallel group open multicentre randomised control trial of replacing the nail plate or not as part of a nail bed repair will be undertaken in children presenting within 48 hours of a nail bed injury requiring surgical repair the coprimary outcomes are cosmetic appearance summary score at a minimum of 4 months and surgical site infection at around 7 days following surgery secondary outcomes are euroqol eq5dy the pain intensity experienced at first dressing change childparent satisfaction with nail healing and healthcare resource use we will recruit a minimum of 416 patients 208 in each group over 3 years children and their parentscarers will be reviewed in clinic around 7 days after their operation and will be assessed for surgical site infection or other problems the children or depending on age their parentscarers will also be asked to complete a questionnaire and send in photos of their fingernail at a minimum of 4 months postsurgery to assess cosmetic appearance ethics and dissemination the south central research ethics committee approved this study on 4 june 2019 18sc0024 a manuscript to a peerreviewed journal will be submitted on completion of the trial as per national institute for health research publication policy the results of this trial will substantially inform clinical practice and provide evidence on whether the practice of replacing the nail plate should continue at the time of nail bed repair trial registration number isrctn44551796,10.1136/bmjopen-2019-031552,ninja trial should the nail plate be replaced or discarded after nail bed repair in children protocol for a multicentre randomised control trial [SEP] child female humans male multicenter studies as topic nailsinjuriessurgery painetiology quality of life randomized controlled trials as topic surgical wound infectionprevention  control wound healing finger nail bed paediatric randomised clinical trial [SEP] introduction trauma to the nail bed is the most common surgically treated paediatric hand injury the majority of surgeons replace the nail plate after repairing the nail bed despite a lack of evidence to do so replacing the nail plate may be associated with increased postoperative infection we will investigate the impact of replacing or discarding the nail plate on infection cosmetic appearance pain and subsequent healthcare use the nail bed injury analysis trial ninja aims to answer the question of whether the nail plate should be replaced or discarded after surgical nail bed repair in children methods and analysis a twoarm parallel group open multicentre randomised control trial of replacing the nail plate or not as part of a nail bed repair will be undertaken in children presenting within 48 hours of a nail bed injury requiring surgical repair the coprimary outcomes are cosmetic appearance summary score at a minimum of 4 months and surgical site infection at around 7 days following surgery secondary outcomes are euroqol eq5dy the pain intensity experienced at first dressing change childparent satisfaction with nail healing and healthcare resource use we will recruit a minimum of 416 patients 208 in each group over 3 years children and their parentscarers will be reviewed in clinic around 7 days after their operation and will be assessed for surgical site infection or other problems the children or depending on age their parentscarers will also be asked to complete a questionnaire and send in photos of their fingernail at a minimum of 4 months postsurgery to assess cosmetic appearance ethics and dissemination the south central research ethics committee approved this study on 4 june 2019 18sc0024 a manuscript to a peerreviewed journal will be submitted on completion of the trial as per national institute for health research publication policy the results of this trial will substantially inform clinical practice and provide evidence on whether the practice of replacing the nail plate should continue at the time of nail bed repair trial registration number isrctn44551796,1,0.5509378
1412,quality of life and healthcare service utilization among methadone maintenance patients in a mountainous area of northern vietnam,adult crosssectional studies female health services accessibilitystatistics  numerical data health status humans male methadonetherapeutic use middle aged narcoticstherapeutic use opiate substitution treatmentpsychology patient acceptance of health carestatistics  numerical data prevalence quality of life rural populationstatistics  numerical data vietnam health service mmt methadone mountainous quality of life utilization vietnam,background the expansion of methadone maintenance treatment in mountainous areas in still limited and little is known about its health impacts on drug users this study aimed to examine healthrelated quality of life hrqol and health care access among patients engaging in methadone maintenance treatment mmt in tuyen quang a mountainous province in vietnam methods we conducted a crosssectional survey with 241 patients conveniently recruited in two mmt clinics son duong and tuyen quang euroqol5 dimensions  5 levels eq5d5 l and visual analogue scale vas were employed to measure hrqol multivariate logistic and tobit regressions were used to determine the factors associated with hrqol and health care utilization results the overall mean score of the eq5d index and eqvas were 088 sd  020 and 818 sd  1527 respectively only 87 utilized inpatient services and 149 used outpatient services being more highly educated suffering acute diseases and using health service within the last 12 months were associated with a decreased eq5d index individuals who were multiple substance abusers and those who recently had inpatient care were more likely to have a lower vas older respondents those taking their medications at the more impoverished clinic substance abusers and individuals who were struggling with anxietydepression or their usual daily activities were more likely to use both inpatient and outpatient care conclusions in summary we observed good hrqol but high prevalence of anxietydepression and low rates of service utilization among mmt patients in tuyen quang province to improve the outcomes of mmt services in mountainous areas it is necessary to introduce personalized and integrative services models with counseling and interventions on multiple substance use,10.1186/s12955-017-0633-9,quality of life and healthcare service utilization among methadone maintenance patients in a mountainous area of northern vietnam [SEP] adult crosssectional studies female health services accessibilitystatistics  numerical data health status humans male methadonetherapeutic use middle aged narcoticstherapeutic use opiate substitution treatmentpsychology patient acceptance of health carestatistics  numerical data prevalence quality of life rural populationstatistics  numerical data vietnam health service mmt methadone mountainous quality of life utilization vietnam [SEP] background the expansion of methadone maintenance treatment in mountainous areas in still limited and little is known about its health impacts on drug users this study aimed to examine healthrelated quality of life hrqol and health care access among patients engaging in methadone maintenance treatment mmt in tuyen quang a mountainous province in vietnam methods we conducted a crosssectional survey with 241 patients conveniently recruited in two mmt clinics son duong and tuyen quang euroqol5 dimensions  5 levels eq5d5 l and visual analogue scale vas were employed to measure hrqol multivariate logistic and tobit regressions were used to determine the factors associated with hrqol and health care utilization results the overall mean score of the eq5d index and eqvas were 088 sd  020 and 818 sd  1527 respectively only 87 utilized inpatient services and 149 used outpatient services being more highly educated suffering acute diseases and using health service within the last 12 months were associated with a decreased eq5d index individuals who were multiple substance abusers and those who recently had inpatient care were more likely to have a lower vas older respondents those taking their medications at the more impoverished clinic substance abusers and individuals who were struggling with anxietydepression or their usual daily activities were more likely to use both inpatient and outpatient care conclusions in summary we observed good hrqol but high prevalence of anxietydepression and low rates of service utilization among mmt patients in tuyen quang province to improve the outcomes of mmt services in mountainous areas it is necessary to introduce personalized and integrative services models with counseling and interventions on multiple substance use,1,0.63570154
7158,mobile health selfmanagement interventions for patients with heart failure a pilot study,dyspnea heart failuretherapy humans pilot projects quality of life selfmanagement telemedicine,background heart failure hf is a multifaceted syndrome that requires selfmanagement for adherence to treatment to control symptoms symptoms need to be monitored to prevent impending hf exacerbations few hf study authors have assessed efficacy of mobile health mhealth interventions particularly with virtual visits to evaluate outcomes such as symptoms and healthcare utilization objective the aim of this pilot study was to evaluate the potential effect of mhealth selfmanagement interventions on symptom status and healthrelated quality of life and describe health care utilization in patients with hf methods this 3month pilot study included 74 patients with hf and used a randomized 3group repeatedmeasures design enhanced usual care mhealth and mhealth plus  virtual visits surveys included the heart failure symptom survey euroqol and a specialized phone application for patients to report weights and medications results the mhealth groups had an overall decrease in most symptom severity and frequency particularly shortness of breath compared to enhanced usual care both the mhealth and mhealth groups showed promise with medium effect sizes range 5560 in relation to shortness of breath and a medium effect 51 for lower extremity edema for the mhealth group there was a trend toward improvement in healthrelated quality of life in both intervention groups at month 3 the mhealth group had fewer rehospitalizations conclusions in general both mhealth groups fared better on symptoms and health care utilization small to medium effect sizes on selected symptom outcomes warrant this study to be conducted in a fully powered study virtual visits may assist in symptom recognition and selfmanagement,10.1097/JCN.0000000000000846,mobile health selfmanagement interventions for patients with heart failure a pilot study [SEP] dyspnea heart failuretherapy humans pilot projects quality of life selfmanagement telemedicine [SEP] background heart failure hf is a multifaceted syndrome that requires selfmanagement for adherence to treatment to control symptoms symptoms need to be monitored to prevent impending hf exacerbations few hf study authors have assessed efficacy of mobile health mhealth interventions particularly with virtual visits to evaluate outcomes such as symptoms and healthcare utilization objective the aim of this pilot study was to evaluate the potential effect of mhealth selfmanagement interventions on symptom status and healthrelated quality of life and describe health care utilization in patients with hf methods this 3month pilot study included 74 patients with hf and used a randomized 3group repeatedmeasures design enhanced usual care mhealth and mhealth plus  virtual visits surveys included the heart failure symptom survey euroqol and a specialized phone application for patients to report weights and medications results the mhealth groups had an overall decrease in most symptom severity and frequency particularly shortness of breath compared to enhanced usual care both the mhealth and mhealth groups showed promise with medium effect sizes range 5560 in relation to shortness of breath and a medium effect 51 for lower extremity edema for the mhealth group there was a trend toward improvement in healthrelated quality of life in both intervention groups at month 3 the mhealth group had fewer rehospitalizations conclusions in general both mhealth groups fared better on symptoms and health care utilization small to medium effect sizes on selected symptom outcomes warrant this study to be conducted in a fully powered study virtual visits may assist in symptom recognition and selfmanagement,1,0.5335502
9459,shared decisionmaking is associated with better outcomes in patients with knee but not hip osteoarthritis the decideoa randomized study,aged arthroplasty replacement hip arthroplasty replacement knee decision making shared female humans male osteoarthritis hipsurgery osteoarthritis kneesurgery patient reported outcome measures patient satisfaction,background current guidelines recommend shared surgical decisionmaking yet it is unclear whether shared decisionmaking improves health outcomes in patients who are considering knee and hip replacement the purpose of the present study was to examine whether patients who made highquality informed patientcentered ipc decisions had better health outcomes higher satisfaction and less decision regret compared with those who made lowerquality decisions methods a multisite randomized study of 2 decision aids for patients with hip and knee osteoarthritis was utilized to collect data on decisionmaking and health outcomes at 2 time points shortly after the initial surgical evaluation and about 6 months after treatment we calculated the percentage of patients who made an ipc decision and examined the a priori hypotheses that ipc decisions would be associated with better health outcomes satisfaction and less regret at 6 months linear and logistic regression models were utilized to examine the relationships results the analytic sample included 854 patients with a mean age of 65 years standard deviation 9 years of whom 58 were female 93 were white nonhispanic 67 had knee compared with hip osteoarthritis and 62 underwent operative treatment within 6 months of the initial evaluation the majority of patients 68 made ipc decisions the ipc group had significantly larger gains in quality of life mean difference in euroqol5 dimension 004 95 confidence interval ci 002 to 007 p  0001 compared with the nonipc group for knee patients the ipc group also had significantly better knee injury and osteoarthritis outcome scores mean difference 49 95 ci 15 to 83 p  0004 higher satisfaction adjusted odds ratio aor 17 95 ci 12 to 23 p  0003 much better pain relief aor 21 95 ci 13 to 35 p  0002 and were more likely to have no decision regret aor 23 95 ci 13 to 41 p  0003 for hip patients ipc decisions were not associated with better harris hip scores or satisfaction and were associated with more regret conclusions higherquality decisions predicted small improvements in health outcomes as well as greater satisfaction and less regret for patients with knee osteoarthritis but not for patients with hip osteoarthritis level of evidence therapeutic level ii see instructions for authors for a complete description of levels of evidence,10.2106/JBJS.21.00064,shared decisionmaking is associated with better outcomes in patients with knee but not hip osteoarthritis the decideoa randomized study [SEP] aged arthroplasty replacement hip arthroplasty replacement knee decision making shared female humans male osteoarthritis hipsurgery osteoarthritis kneesurgery patient reported outcome measures patient satisfaction [SEP] background current guidelines recommend shared surgical decisionmaking yet it is unclear whether shared decisionmaking improves health outcomes in patients who are considering knee and hip replacement the purpose of the present study was to examine whether patients who made highquality informed patientcentered ipc decisions had better health outcomes higher satisfaction and less decision regret compared with those who made lowerquality decisions methods a multisite randomized study of 2 decision aids for patients with hip and knee osteoarthritis was utilized to collect data on decisionmaking and health outcomes at 2 time points shortly after the initial surgical evaluation and about 6 months after treatment we calculated the percentage of patients who made an ipc decision and examined the a priori hypotheses that ipc decisions would be associated with better health outcomes satisfaction and less regret at 6 months linear and logistic regression models were utilized to examine the relationships results the analytic sample included 854 patients with a mean age of 65 years standard deviation 9 years of whom 58 were female 93 were white nonhispanic 67 had knee compared with hip osteoarthritis and 62 underwent operative treatment within 6 months of the initial evaluation the majority of patients 68 made ipc decisions the ipc group had significantly larger gains in quality of life mean difference in euroqol5 dimension 004 95 confidence interval ci 002 to 007 p  0001 compared with the nonipc group for knee patients the ipc group also had significantly better knee injury and osteoarthritis outcome scores mean difference 49 95 ci 15 to 83 p  0004 higher satisfaction adjusted odds ratio aor 17 95 ci 12 to 23 p  0003 much better pain relief aor 21 95 ci 13 to 35 p  0002 and were more likely to have no decision regret aor 23 95 ci 13 to 41 p  0003 for hip patients ipc decisions were not associated with better harris hip scores or satisfaction and were associated with more regret conclusions higherquality decisions predicted small improvements in health outcomes as well as greater satisfaction and less regret for patients with knee osteoarthritis but not for patients with hip osteoarthritis level of evidence therapeutic level ii see instructions for authors for a complete description of levels of evidence,1,0.5877265
3060,depression and anxiety in individuals with axial spondyloarthritis and nonspecific low back pain who are interested in nonpharmacological therapy options crosssectional study,anxietypsychologytherapy axial spondyloarthritis back pain crosssectional studies depressionetiologypsychologytherapy female humans low back paintherapy quality of life severity of illness index spondylarthritisdrug therapy spondylitis ankylosing,psychological burden such as depression and anxiety may be associated with axial spondyloarthritis axspa and poor prognosis of nonspecific low back pain nslbp nonpharmacological therapy is a substantial part of the management of both illnesses our study describes the psychological outcomes in patients with axspa and nslbp who were actively looking for nonpharmacological therapy a total of 60 participants 34 with axspa and 26 with nslbp were included in this crosssectional study anxiety and depression were examined using the beck anxiety inventory bai and beck depression inventory bdiii respectively the relationships between bai and bdiii and quality of life eq5d pain intensity nrs pain disease activity as disease activity score asdascrp and function bath as functional index basfi were determined the intensity of anxiety and depression did not differ between patients with and without axspa in both axspa and nslbp bai and bdiii scores were inversely correlated with eq5d r  0268 p  05 and r  0486 p  0001 respectively we found a variation in the relationship between pain intensity and psychological outcomes in nslbp and axspa the pain intensity score was correlated with the bdiii r  0542 p  001 and bai r  0489 p  003 scores only in patients with axspa in patients with axspa bai was inversely correlated with disease duration r  0356 p  039 and positively correlated with increased disease activity and poor function asdascrp r  0431 p  012 and basfi r  0621 p  0001 scores the asdascrp score was positively correlated with bdiii r  0562 p  001 and both disease activity and female sex were identified as risk factors for poor bdiii outcomes in axspa patients according to multiple regression analysis experiences of anxiety and depression seem to be similar for patients with axspa and nslbp in this selected group of participants however pain intensity may influence psychological outcomes mainly in patients with axspa disease activity impaired function and female sex were risk factors for anxiety and depression in patients with axspa,10.1097/MD.0000000000030866,depression and anxiety in individuals with axial spondyloarthritis and nonspecific low back pain who are interested in nonpharmacological therapy options crosssectional study [SEP] anxietypsychologytherapy axial spondyloarthritis back pain crosssectional studies depressionetiologypsychologytherapy female humans low back paintherapy quality of life severity of illness index spondylarthritisdrug therapy spondylitis ankylosing [SEP] psychological burden such as depression and anxiety may be associated with axial spondyloarthritis axspa and poor prognosis of nonspecific low back pain nslbp nonpharmacological therapy is a substantial part of the management of both illnesses our study describes the psychological outcomes in patients with axspa and nslbp who were actively looking for nonpharmacological therapy a total of 60 participants 34 with axspa and 26 with nslbp were included in this crosssectional study anxiety and depression were examined using the beck anxiety inventory bai and beck depression inventory bdiii respectively the relationships between bai and bdiii and quality of life eq5d pain intensity nrs pain disease activity as disease activity score asdascrp and function bath as functional index basfi were determined the intensity of anxiety and depression did not differ between patients with and without axspa in both axspa and nslbp bai and bdiii scores were inversely correlated with eq5d r  0268 p  05 and r  0486 p  0001 respectively we found a variation in the relationship between pain intensity and psychological outcomes in nslbp and axspa the pain intensity score was correlated with the bdiii r  0542 p  001 and bai r  0489 p  003 scores only in patients with axspa in patients with axspa bai was inversely correlated with disease duration r  0356 p  039 and positively correlated with increased disease activity and poor function asdascrp r  0431 p  012 and basfi r  0621 p  0001 scores the asdascrp score was positively correlated with bdiii r  0562 p  001 and both disease activity and female sex were identified as risk factors for poor bdiii outcomes in axspa patients according to multiple regression analysis experiences of anxiety and depression seem to be similar for patients with axspa and nslbp in this selected group of participants however pain intensity may influence psychological outcomes mainly in patients with axspa disease activity impaired function and female sex were risk factors for anxiety and depression in patients with axspa,1,0.5846961
9298,healthrelated quality of life and anxiety in the pancan lung cancer screening cohort,aged anxietypsychology canada cohort studies early detection of cancerpsychology female humans lung neoplasmsdiagnosis male middle aged quality of lifepsychology risk assessment tomography xray computed cohort study early detection healthrelated quality of life lowdose chest ct lung cancer screening,objectives the impact of lung cancer screening with lowdose chest ct ldct on participants anxiety levels and healthrelated quality of life hrqol is an important consideration in the implementation of such programmes we aimed to describe changes in anxiety and hrqol in a highrisk canadian cohort undergoing ldct lung cancer screening methods 2537 subjects who had 2 or greater lung cancer risk over 6 years using a risk prediction tool were recruited from eight centres across canada in the pancanadian early detection of lung cancer study 20082010 we compared hrqol and anxiety levels before and after screening of 1237 participants with ldct excluding a subset of 1300 participants who also underwent autofluorescence bronchoscopy screening as well as after investigations performed because of a positive screening examination the 12item shortform physical and mental component scales sf12 eq5d3l scores and state trait anxiety inventorystate anxiety were used at each assessment results overall there were no clinically significant differences in hrqol outcomes between baseline and each of the survey time points following initial screening no mean change in anxiety in the overall cohort was noted following baseline ldct but more participants had clinically significant increase in anxiety versus decrease after baseline screening increase minimal clinically important difference mcid n180 vs decrease mcid n50 p0001 this finding persisted but to a lesser degree at the 12 month time point increase mcid n146 vs decrease mcid n87 p0001 conclusions ct screening for lung cancer has no major overall impact on hrqol among participants although a minority of participants numberneededtoharm7 after baseline screening and 18 at 1 year demonstrated clinically significant increased anxiety levels trialregistration number nct00751660 results,10.1136/bmjopen-2018-024719,healthrelated quality of life and anxiety in the pancan lung cancer screening cohort [SEP] aged anxietypsychology canada cohort studies early detection of cancerpsychology female humans lung neoplasmsdiagnosis male middle aged quality of lifepsychology risk assessment tomography xray computed cohort study early detection healthrelated quality of life lowdose chest ct lung cancer screening [SEP] objectives the impact of lung cancer screening with lowdose chest ct ldct on participants anxiety levels and healthrelated quality of life hrqol is an important consideration in the implementation of such programmes we aimed to describe changes in anxiety and hrqol in a highrisk canadian cohort undergoing ldct lung cancer screening methods 2537 subjects who had 2 or greater lung cancer risk over 6 years using a risk prediction tool were recruited from eight centres across canada in the pancanadian early detection of lung cancer study 20082010 we compared hrqol and anxiety levels before and after screening of 1237 participants with ldct excluding a subset of 1300 participants who also underwent autofluorescence bronchoscopy screening as well as after investigations performed because of a positive screening examination the 12item shortform physical and mental component scales sf12 eq5d3l scores and state trait anxiety inventorystate anxiety were used at each assessment results overall there were no clinically significant differences in hrqol outcomes between baseline and each of the survey time points following initial screening no mean change in anxiety in the overall cohort was noted following baseline ldct but more participants had clinically significant increase in anxiety versus decrease after baseline screening increase minimal clinically important difference mcid n180 vs decrease mcid n50 p0001 this finding persisted but to a lesser degree at the 12 month time point increase mcid n146 vs decrease mcid n87 p0001 conclusions ct screening for lung cancer has no major overall impact on hrqol among participants although a minority of participants numberneededtoharm7 after baseline screening and 18 at 1 year demonstrated clinically significant increased anxiety levels trialregistration number nct00751660 results,1,0.72223115
12163,an empirical comparison of the opqolbrief eq5d3 l and ascot in a community dwelling population of older people,activities of daily livingpsychology aged aged 80 and over empirical research female geriatric assessmentmethods health status health status indicators humans independent livingpsychology male quality of lifepsychology reproducibility of results south australia,background this study examined the relationships between a newly developed older personspecific nonpreferencebased quality of life qol instrument older peoples quality of life brief questionnaire opqolbrief and two generic preferencebased instruments the eq5d3l level eq5d3 l and the adult social care outcomes toolkit ascot in a communitydwelling population of australian older people receiving aged care services methods we formulated hypotheses about the convergent validity between the instruments examined by wilcoxonmann whitney kruskal wallis and spearmans correlation tests and levels of agreement assessed using intra class correlation icc and modified blandaltman plots based on normalized z eq5d3 l and ascot utilities and opqolbrief summary scores results the utilitiessummary scores for 87 participants aged 6593 years were moderately but positively correlated moderate convergent validity was evident for a number of instrument dimensions with the strongest relationship r  057 between enjoy life opqolbrief and social contact ascot the overall icc was 054 and blandaltman scatter plots showed 36 of normalized zscores were outside the 95 limits of agreement suggesting moderate agreement between all three instruments agreement highest between the opqolbrief and the ascot conclusions our results suggest that the opqolbrief the ascot and the eq5d3l are suitable for measuring quality of life outcomes in communitydwelling populations of older people given the different constructs underpinning these instruments we recommend that choice of instrument should be guided by the context in which the instruments are being applied currently the opqolbrief is not suitable for use in costutility analyses as it is not preferencebased given their different perspectives we recommend that both the ascot and the eq5d are applied simultaneously to capture broader aspects of quality of life and health status within costutility analyses within the aged care sector future research directed towards the development of a new single preferencebased instrument that incorporates both health status and broader aspects of quality of life within quality adjusted life year calculations for older people would be beneficial,10.1186/s12955-015-0357-7,an empirical comparison of the opqolbrief eq5d3 l and ascot in a community dwelling population of older people [SEP] activities of daily livingpsychology aged aged 80 and over empirical research female geriatric assessmentmethods health status health status indicators humans independent livingpsychology male quality of lifepsychology reproducibility of results south australia [SEP] background this study examined the relationships between a newly developed older personspecific nonpreferencebased quality of life qol instrument older peoples quality of life brief questionnaire opqolbrief and two generic preferencebased instruments the eq5d3l level eq5d3 l and the adult social care outcomes toolkit ascot in a communitydwelling population of australian older people receiving aged care services methods we formulated hypotheses about the convergent validity between the instruments examined by wilcoxonmann whitney kruskal wallis and spearmans correlation tests and levels of agreement assessed using intra class correlation icc and modified blandaltman plots based on normalized z eq5d3 l and ascot utilities and opqolbrief summary scores results the utilitiessummary scores for 87 participants aged 6593 years were moderately but positively correlated moderate convergent validity was evident for a number of instrument dimensions with the strongest relationship r  057 between enjoy life opqolbrief and social contact ascot the overall icc was 054 and blandaltman scatter plots showed 36 of normalized zscores were outside the 95 limits of agreement suggesting moderate agreement between all three instruments agreement highest between the opqolbrief and the ascot conclusions our results suggest that the opqolbrief the ascot and the eq5d3l are suitable for measuring quality of life outcomes in communitydwelling populations of older people given the different constructs underpinning these instruments we recommend that choice of instrument should be guided by the context in which the instruments are being applied currently the opqolbrief is not suitable for use in costutility analyses as it is not preferencebased given their different perspectives we recommend that both the ascot and the eq5d are applied simultaneously to capture broader aspects of quality of life and health status within costutility analyses within the aged care sector future research directed towards the development of a new single preferencebased instrument that incorporates both health status and broader aspects of quality of life within quality adjusted life year calculations for older people would be beneficial,1,0.6662507
13657,scapula insufficiency fractures after reverse total shoulder arthroplasty in rotator cuff arthropathy what is their functional impact,aged aged 80 and over arthroplasty replacement shouldermethods casecontrol studies female followup studies fracture fixation fractures stressepidemiologyetiologyphysiopathologysurgery humans incidence male postoperative complicationsepidemiologyetiologyphysiopathologysurgery quality of life recovery of function retrospective studies risk factors rotator cuff injuriessurgery scapulainjuriessurgery treatment outcome acromial base fractures acromial fractures artroplastia invertida fracturas de acromion fracturas de escpula fracturas de la base del acromion fracturas por insuficiencia insufficiency fracture reverse shoulder arthroplasty scapular fracture,introductionobjectives to describe the incidence etiological factors functional impairment and therapeutic management of scapular fractures after reverse shoulder arthroplasty rsa in rotator cuff arthropathy material and method a retrospective study was conducted on 126 rsa between 2009 and 2011 in which 4 fractures were identified that were compared with a control group of 40 patients an analysis was performed on the variables related to the surgical technique functional results and quality of life constant scale eq5d results the fracture incidence was 328 with a mean age of 747 years the mean time until diagnosis was 119 months the preoperative constant score in the control group was 373 and 347 in the fracture group p05 postoperative constant score 812 and 665 respectively p001 forward elevation and abduction in fracture patients decreased by 39 p02 and 34 p057 respectively the perceived quality of life eqvas was lower in the fracture group 60 vs 76 p002 there were no instability cases and no revision surgery was required the union rate was 50 after a mean followup 396 months conclusions scapular fracture after rsa is a rare complication despite its presence the functional outcomes and quality of life of these patients are higher than preoperatively however they are lower than that obtained in patients with rsa without this complication more prospective studies are needed to define guidelines for therapeutic action against this complication,10.1016/j.recot.2015.01.003,scapula insufficiency fractures after reverse total shoulder arthroplasty in rotator cuff arthropathy what is their functional impact [SEP] aged aged 80 and over arthroplasty replacement shouldermethods casecontrol studies female followup studies fracture fixation fractures stressepidemiologyetiologyphysiopathologysurgery humans incidence male postoperative complicationsepidemiologyetiologyphysiopathologysurgery quality of life recovery of function retrospective studies risk factors rotator cuff injuriessurgery scapulainjuriessurgery treatment outcome acromial base fractures acromial fractures artroplastia invertida fracturas de acromion fracturas de escpula fracturas de la base del acromion fracturas por insuficiencia insufficiency fracture reverse shoulder arthroplasty scapular fracture [SEP] introductionobjectives to describe the incidence etiological factors functional impairment and therapeutic management of scapular fractures after reverse shoulder arthroplasty rsa in rotator cuff arthropathy material and method a retrospective study was conducted on 126 rsa between 2009 and 2011 in which 4 fractures were identified that were compared with a control group of 40 patients an analysis was performed on the variables related to the surgical technique functional results and quality of life constant scale eq5d results the fracture incidence was 328 with a mean age of 747 years the mean time until diagnosis was 119 months the preoperative constant score in the control group was 373 and 347 in the fracture group p05 postoperative constant score 812 and 665 respectively p001 forward elevation and abduction in fracture patients decreased by 39 p02 and 34 p057 respectively the perceived quality of life eqvas was lower in the fracture group 60 vs 76 p002 there were no instability cases and no revision surgery was required the union rate was 50 after a mean followup 396 months conclusions scapular fracture after rsa is a rare complication despite its presence the functional outcomes and quality of life of these patients are higher than preoperatively however they are lower than that obtained in patients with rsa without this complication more prospective studies are needed to define guidelines for therapeutic action against this complication,0,0.567226
15320,loss and psychosocial factors as determinants of quality of life in a cohort of earthquake survivors,age factors aged armeniaepidemiology cohort studies disasters earthquakes female humans male middle aged quality of lifepsychology social support socioeconomic factors stress disorders posttraumaticepidemiologypsychology survivorspsychology,background despite the existing evidence of a long lasting effect of disaster related experiences on physical and psychological health few studies have evaluated longterm quality of life qol outcomes of disaster survivors and the factors associated with such outcomes methods 23 years after the 1988 spitak earthquake in armenia the associations of demographic characteristics trauma exposure and psychosocial variables on qol were explored among a cohort of 725 exposed individuals the eq5d5 l instrument was applied to measure qol of participants multivariate linear and ordinal logistic regressions were applied to evaluate the determinants of qol and its underlying five domains mobility selfcare usual activity paindiscomfort and anxietydepression results older age current depression posttraumatic stress disorder and anxiety symptoms were negatively associated with qol additionally those with severe losses who did not receive any financialmaterial aid had significantly poorer qol outcomes with higher odds of mobility difficulties or  186 p  005 selfcare difficulties or  285 p  005 and mood problems or  269 p  005 however those with severe earthquake related losses who received financialmaterial aid reported less selfcare difficulties or  021 p  005 usual activity difficulties or  040 p  005 and mood problems or  044 p  005 finally each unit increase in current social support score was found to be significantly associated with a better qol outcome and better selfreported outcomes across all underlying domains of qol conclusions these findings suggest that earthquake related loss and concurrent psychopathology symptoms can have adverse impact on the qol of survivors they also indicate that welltargeted postdisaster financialmaterial aid and social support should be considered as means for improving the longterm qol outcomes of disaster survivors,10.1186/s12955-015-0209-5,loss and psychosocial factors as determinants of quality of life in a cohort of earthquake survivors [SEP] age factors aged armeniaepidemiology cohort studies disasters earthquakes female humans male middle aged quality of lifepsychology social support socioeconomic factors stress disorders posttraumaticepidemiologypsychology survivorspsychology [SEP] background despite the existing evidence of a long lasting effect of disaster related experiences on physical and psychological health few studies have evaluated longterm quality of life qol outcomes of disaster survivors and the factors associated with such outcomes methods 23 years after the 1988 spitak earthquake in armenia the associations of demographic characteristics trauma exposure and psychosocial variables on qol were explored among a cohort of 725 exposed individuals the eq5d5 l instrument was applied to measure qol of participants multivariate linear and ordinal logistic regressions were applied to evaluate the determinants of qol and its underlying five domains mobility selfcare usual activity paindiscomfort and anxietydepression results older age current depression posttraumatic stress disorder and anxiety symptoms were negatively associated with qol additionally those with severe losses who did not receive any financialmaterial aid had significantly poorer qol outcomes with higher odds of mobility difficulties or  186 p  005 selfcare difficulties or  285 p  005 and mood problems or  269 p  005 however those with severe earthquake related losses who received financialmaterial aid reported less selfcare difficulties or  021 p  005 usual activity difficulties or  040 p  005 and mood problems or  044 p  005 finally each unit increase in current social support score was found to be significantly associated with a better qol outcome and better selfreported outcomes across all underlying domains of qol conclusions these findings suggest that earthquake related loss and concurrent psychopathology symptoms can have adverse impact on the qol of survivors they also indicate that welltargeted postdisaster financialmaterial aid and social support should be considered as means for improving the longterm qol outcomes of disaster survivors,1,0.6806321
10870,health inequality measurement in korea using euroqol5 dimension valuation weights,adult aged female health status disparities humans income korea male middle aged quality of life surveys and questionnaires,objectives despite various government initiatives including the expansion of national health insurance coverage health inequality has been a key health policy issue in south korea during the past decade this study describes and compares the extent of the total health inequality and the incomerelated health inequality over time among korean adults methods this study employs the 1998 2001 and 2005 korean national health and nutrition examination surveys knhaness the selfassessed health sah ordinal responses measured on a fivepoint scale rescaled to cardinal values to measure the health inequalities with using interval regression the boundaries of each threshold for the interval regression analysis were obtained from the empirical distribution of the euroqol5 dimension eq5d valuation weights estimated from the 2005 knhanes the final model predicting the individuals health status included age gender educational attainment occupation income and the regional prosperity index the concentration index was used to measure and analyze the health inequality results the knhanes data showed an unequal distribution of the total health inequality in favor of the higher income groups and this is getting worse over time 00327 in 1998 00393 in 2001 and 00924 in 2005 the incomerelated health inequality in 2005 was 00278 indicating that 301 of the total health inequality can be attributed to income conclusions the findings indicate there are health inequalities across the sociodemographic and income groups despite the recent governments efforts further research is warranted to investigate what potential policy actions are necessary to decrease the health inequality in korea,10.3961/jpmph.2008.41.3.165,health inequality measurement in korea using euroqol5 dimension valuation weights [SEP] adult aged female health status disparities humans income korea male middle aged quality of life surveys and questionnaires [SEP] objectives despite various government initiatives including the expansion of national health insurance coverage health inequality has been a key health policy issue in south korea during the past decade this study describes and compares the extent of the total health inequality and the incomerelated health inequality over time among korean adults methods this study employs the 1998 2001 and 2005 korean national health and nutrition examination surveys knhaness the selfassessed health sah ordinal responses measured on a fivepoint scale rescaled to cardinal values to measure the health inequalities with using interval regression the boundaries of each threshold for the interval regression analysis were obtained from the empirical distribution of the euroqol5 dimension eq5d valuation weights estimated from the 2005 knhanes the final model predicting the individuals health status included age gender educational attainment occupation income and the regional prosperity index the concentration index was used to measure and analyze the health inequality results the knhanes data showed an unequal distribution of the total health inequality in favor of the higher income groups and this is getting worse over time 00327 in 1998 00393 in 2001 and 00924 in 2005 the incomerelated health inequality in 2005 was 00278 indicating that 301 of the total health inequality can be attributed to income conclusions the findings indicate there are health inequalities across the sociodemographic and income groups despite the recent governments efforts further research is warranted to investigate what potential policy actions are necessary to decrease the health inequality in korea,1,0.5874696
3171,trochleoplasty for severe trochlear dysplasia significantly improves the quality of life of patients with symptomatic patellar instability,child preschool femursurgery humans infant joint instabilityetiologysurgery patellar dislocationsurgery patellofemoral jointsurgery quality of life ikdc kujala patellofemoral instability quality of life severe trochlear dysplasia trochleoplasty,background trochleoplasty is a recognized surgical technique to address severe trochlear dysplasia the clinical and radiological outcomes of trochleoplasty surgery in trochlear dysplasia have been well reported there is a paucity in literature regarding the correlation between trochleoplasty and quality of life qol the aim of this study is to measure the improvement in qol in patients with severe trochlear dysplasia and recurrent patellar instability following trochleoplasty methods between 2013 and 2019 51 trochleoplasty cases were performed in 48 patients they were identified from our prospectively kept database all operations were performed by a fellowship trained consultant sports knee surgeon functional outcomes and qol scores were assessed using kujala ikdc and eq5d index objective outcomes were obtained following each patients latest followup assessment results the mean age at operation was 22y sd  47 range 1437y and the mean followup period was 216 months sd  152 range 1260 months the mean kujala score improved from 581 sd 149 to 779 sd 173 at latest followup p  0001 the mean ikdc score improved from 405 sd 142 to 695 sd 228 at latest follow up p  0001 the mean eq5d index also improved from 0593 sd 0257 to 0824 sd 0189 at latest followup p  0003 a higher body mass index bmi 30 kgm2 was associated with inferior outcomes conclusion trochleoplasty is an effective surgical technique which improves the qol in patients suffering from patellar instability secondary to severe trochlear dysplasia bmi can be used to predict postoperative outcomes,10.1016/j.knee.2022.06.003,trochleoplasty for severe trochlear dysplasia significantly improves the quality of life of patients with symptomatic patellar instability [SEP] child preschool femursurgery humans infant joint instabilityetiologysurgery patellar dislocationsurgery patellofemoral jointsurgery quality of life ikdc kujala patellofemoral instability quality of life severe trochlear dysplasia trochleoplasty [SEP] background trochleoplasty is a recognized surgical technique to address severe trochlear dysplasia the clinical and radiological outcomes of trochleoplasty surgery in trochlear dysplasia have been well reported there is a paucity in literature regarding the correlation between trochleoplasty and quality of life qol the aim of this study is to measure the improvement in qol in patients with severe trochlear dysplasia and recurrent patellar instability following trochleoplasty methods between 2013 and 2019 51 trochleoplasty cases were performed in 48 patients they were identified from our prospectively kept database all operations were performed by a fellowship trained consultant sports knee surgeon functional outcomes and qol scores were assessed using kujala ikdc and eq5d index objective outcomes were obtained following each patients latest followup assessment results the mean age at operation was 22y sd  47 range 1437y and the mean followup period was 216 months sd  152 range 1260 months the mean kujala score improved from 581 sd 149 to 779 sd 173 at latest followup p  0001 the mean ikdc score improved from 405 sd 142 to 695 sd 228 at latest follow up p  0001 the mean eq5d index also improved from 0593 sd 0257 to 0824 sd 0189 at latest followup p  0003 a higher body mass index bmi 30 kgm2 was associated with inferior outcomes conclusion trochleoplasty is an effective surgical technique which improves the qol in patients suffering from patellar instability secondary to severe trochlear dysplasia bmi can be used to predict postoperative outcomes,1,0.51663846
5843,population norms for quality adjusted life years for the united states of america china the united kingdom and australia,china costbenefit analysis female health status humans male models economic quality of life qualityadjusted life years surveys and questionnaires united kingdom united states costeffectiveness costutility economic evaluation health economics health state utility,health economics uses quality adjusted life years qalys to help healthcare decision makers however unlike life expectancy for which age and sexdependent national life tables are available no general population norms exist to use as a benchmark against which to compare observed or modeled projections of qalys in subpopulations or patients we developed a 2state markov model to generate qaly population norms for the usa uk china and australia annual age and sexspecific probabilities of allcause mortality were taken from life tables combined with general population countryspecific age and sexspecific health state utilities for the eq5d3l all countries and sf6d australia multiattribute utility instruments maui to validate our qaly benchmark model we found that the model closely predicted population life expectancies using eq5d3l undiscounted qalys for malesfemales aged 18 years ranged 54625890 usa 55556021 china 57116016 australia and 58016143 uk years sf6d benchmark qalys for australia were consistently lower than those generated from the eq5d3l the gap in undiscounted qalys between the uk highest and the usa lowest was 253 qalys in women and 339 qalys in men aged 18 years our models qaly population norms can be used for internal validation of future health economic models for the countryspecific value sets for the instruments that we adopted and when quantifying burden of disease in terms of qalys lost due to illness compared to the general population we have created a publicly available repository to continuously include qaly benchmarks that use countryspecific value sets for other mauis and life expectancies,10.1002/hec.4281,population norms for quality adjusted life years for the united states of america china the united kingdom and australia [SEP] china costbenefit analysis female health status humans male models economic quality of life qualityadjusted life years surveys and questionnaires united kingdom united states costeffectiveness costutility economic evaluation health economics health state utility [SEP] health economics uses quality adjusted life years qalys to help healthcare decision makers however unlike life expectancy for which age and sexdependent national life tables are available no general population norms exist to use as a benchmark against which to compare observed or modeled projections of qalys in subpopulations or patients we developed a 2state markov model to generate qaly population norms for the usa uk china and australia annual age and sexspecific probabilities of allcause mortality were taken from life tables combined with general population countryspecific age and sexspecific health state utilities for the eq5d3l all countries and sf6d australia multiattribute utility instruments maui to validate our qaly benchmark model we found that the model closely predicted population life expectancies using eq5d3l undiscounted qalys for malesfemales aged 18 years ranged 54625890 usa 55556021 china 57116016 australia and 58016143 uk years sf6d benchmark qalys for australia were consistently lower than those generated from the eq5d3l the gap in undiscounted qalys between the uk highest and the usa lowest was 253 qalys in women and 339 qalys in men aged 18 years our models qaly population norms can be used for internal validation of future health economic models for the countryspecific value sets for the instruments that we adopted and when quantifying burden of disease in terms of qalys lost due to illness compared to the general population we have created a publicly available repository to continuously include qaly benchmarks that use countryspecific value sets for other mauis and life expectancies,1,0.6108769
1059,handling data quality issues to estimate the spanish eq5d5l value set using a hybrid interval regression approach,choice behavior data accuracy health status humans language models theoretical quality of life regression analysis surveys and questionnaires technology assessment biomedicalmethods economic health status index life valuation quality of life,background the spanish fivelevel euroqol fivedimensional questionnaire eq5d5l valuation study was the first to use the euroqol valuation technology protocol including composite time tradeoff ctto and discrete choice experiments dce in this study its investigators noticed that some interviewers did not fully explain the ctto task to respondents evidence from a followup study in 2014 confirmed that when interviewers followed the protocol the distribution of ctto responses widened objectives to handle the data quality issues in the ctto responses by estimating a hybrid interval regression model to produce a spanish eq5d5l value set methods four different models were tested model 0 integrated ctto and dce responses in a hybrid model and models 1 to 3 altered the interpretation of the ctto responses model 1 allowed for censoring of the ctto responses whereas model 2 incorporated interval responses and model 3 included the interviewerspecific protocol violations for external validation the predictions of the four models were compared with those of the followup study using the lins concordance correlation coefficient results this stepwise approach to modeling ctto and dce responses improved the concordance between the valuation and followup studies concordance correlation coefficient 0948 model 0 0958 model 1 0952 model 2 and 0989 model 3 we recommend the estimates from model 3 because its hybrid interval regression model addresses the data quality issues found in the valuation study conclusions protocol violations may occur in any valuation study handling them in the analysis can improve external validity the resulting eq5d5l value set model 3 can be applied to inform spanish health technology assessments,10.1016/j.jval.2017.10.023,handling data quality issues to estimate the spanish eq5d5l value set using a hybrid interval regression approach [SEP] choice behavior data accuracy health status humans language models theoretical quality of life regression analysis surveys and questionnaires technology assessment biomedicalmethods economic health status index life valuation quality of life [SEP] background the spanish fivelevel euroqol fivedimensional questionnaire eq5d5l valuation study was the first to use the euroqol valuation technology protocol including composite time tradeoff ctto and discrete choice experiments dce in this study its investigators noticed that some interviewers did not fully explain the ctto task to respondents evidence from a followup study in 2014 confirmed that when interviewers followed the protocol the distribution of ctto responses widened objectives to handle the data quality issues in the ctto responses by estimating a hybrid interval regression model to produce a spanish eq5d5l value set methods four different models were tested model 0 integrated ctto and dce responses in a hybrid model and models 1 to 3 altered the interpretation of the ctto responses model 1 allowed for censoring of the ctto responses whereas model 2 incorporated interval responses and model 3 included the interviewerspecific protocol violations for external validation the predictions of the four models were compared with those of the followup study using the lins concordance correlation coefficient results this stepwise approach to modeling ctto and dce responses improved the concordance between the valuation and followup studies concordance correlation coefficient 0948 model 0 0958 model 1 0952 model 2 and 0989 model 3 we recommend the estimates from model 3 because its hybrid interval regression model addresses the data quality issues found in the valuation study conclusions protocol violations may occur in any valuation study handling them in the analysis can improve external validity the resulting eq5d5l value set model 3 can be applied to inform spanish health technology assessments,1,0.5438023
6594,protocol for the economic evaluation of metacognitive therapy for cardiac rehabilitation participants with symptoms of anxiety andor depression,anxiety cardiac rehabilitation costbenefit analysis depressiontherapy humans quality of life qualityadjusted life years randomized controlled trials as topic cardiology health economics psychiatry rehabilitation medicine,introduction cardiac rehabilitation cr is offered to reduce the risk of further cardiac events and to improve patients health and quality of life following a cardiac event psychological care is a common component of cr as symptoms of depression andor anxiety are more prevalent in this population however evidence for the costeffectiveness of current interventions is limited metacognitive therapy mct is a recent treatment development that is effective in treating anxiety and depression in mental health settings and is being evaluated in cr patients this protocol describes the planned approach to the economic evaluation of mct for cr patients methods and analysis the economic evaluation work will consist of a withintrial analysis and an economic model the pathway group mct study has been prospectively designed to collect comprehensive selfreported resource use and health outcome data including the eq5d within a randomised controlled trial study design uk clinical trials gateway a withintrial economic evaluation and economic model will compare the costeffectiveness of mct plus usual care uc to uc from a health and social care perspective in the uk the withintrial analysis will use intentiontotreat and estimate total costs and qualityadjusted lifeyears qalys for the trial followup single imputation will be used to impute missing baseline variables multiple imputation will be used to impute values missing at followup items of resource use will be multiplied by published national healthcare costs regression analysis will be used to estimate net costs and net qalys and these estimates will be bootstrapped to generate 10 000 net pairs of costs and qalys to inform the probability of costeffectiveness a decision analytical economic model will be developed to synthesise trial data with the published literature over a longer time frame sensitivity analysis will explore uncertainty guidance of the methods for economic models will be followed and dissemination will adhere to reporting guidelines ethics and dissemination the economic evaluation includes a withintrial analysis the trial which included the collection of this data was reviewed and approved by ethics ethics approval was obtained by the preston research ethics committee project id 156862 the modelling analysis is not applicable for ethics as it will use data from the trial secondary analysis and the published literature results of the main trial and economic evaluation will be published in the peerreviewed national institute for health research nihr journals library programme grants for applied research submitted to a peerreviewed journal and presented at appropriate conferences trial registration number isrctn74643496 preresults,10.1136/bmjopen-2019-035552,protocol for the economic evaluation of metacognitive therapy for cardiac rehabilitation participants with symptoms of anxiety andor depression [SEP] anxiety cardiac rehabilitation costbenefit analysis depressiontherapy humans quality of life qualityadjusted life years randomized controlled trials as topic cardiology health economics psychiatry rehabilitation medicine [SEP] introduction cardiac rehabilitation cr is offered to reduce the risk of further cardiac events and to improve patients health and quality of life following a cardiac event psychological care is a common component of cr as symptoms of depression andor anxiety are more prevalent in this population however evidence for the costeffectiveness of current interventions is limited metacognitive therapy mct is a recent treatment development that is effective in treating anxiety and depression in mental health settings and is being evaluated in cr patients this protocol describes the planned approach to the economic evaluation of mct for cr patients methods and analysis the economic evaluation work will consist of a withintrial analysis and an economic model the pathway group mct study has been prospectively designed to collect comprehensive selfreported resource use and health outcome data including the eq5d within a randomised controlled trial study design uk clinical trials gateway a withintrial economic evaluation and economic model will compare the costeffectiveness of mct plus usual care uc to uc from a health and social care perspective in the uk the withintrial analysis will use intentiontotreat and estimate total costs and qualityadjusted lifeyears qalys for the trial followup single imputation will be used to impute missing baseline variables multiple imputation will be used to impute values missing at followup items of resource use will be multiplied by published national healthcare costs regression analysis will be used to estimate net costs and net qalys and these estimates will be bootstrapped to generate 10 000 net pairs of costs and qalys to inform the probability of costeffectiveness a decision analytical economic model will be developed to synthesise trial data with the published literature over a longer time frame sensitivity analysis will explore uncertainty guidance of the methods for economic models will be followed and dissemination will adhere to reporting guidelines ethics and dissemination the economic evaluation includes a withintrial analysis the trial which included the collection of this data was reviewed and approved by ethics ethics approval was obtained by the preston research ethics committee project id 156862 the modelling analysis is not applicable for ethics as it will use data from the trial secondary analysis and the published literature results of the main trial and economic evaluation will be published in the peerreviewed national institute for health research nihr journals library programme grants for applied research submitted to a peerreviewed journal and presented at appropriate conferences trial registration number isrctn74643496 preresults,0,0.53907275
12452,pain location matters the impact of leg pain on health care use work disability and quality of life in patients with low back pain,adolescent adult employment female humans low back paincomplicationsphysiopathologypsychologytherapy male middle aged pain measurement primary health carestatistics  numerical data prospective studies quality of life sciaticacomplicationsphysiopathologypsychologytherapy self report united kingdom work capacity evaluation young adult,purpose in low back pain lbp patients those with radiating leg pain or sciatica have poorer pain and disability outcomes few studies have assessed the effect of leg pain on health care use and quality of life methods prospective cohort study of 1581 uk lbp primary care consulters back pain employment health care utilisation and quality of life eq5d data were collected at baseline 6 and 12 months at baseline patients were classified as reporting 1 lbp only 2 lbp and leg pain above the knee only lbp  ak or 3 lbp and leg pain extending below the knee lbp  bk results selfreported leg pain was common at baseline 645 41  reported lbp only 392 25  reported lbp  ak and 544 34  reported lbp  bk patients with lbp  bk compared to those with lbp only were significantly more likely to be unemployed take time off work consult their family doctor receive physical therapy or be referred to other health care practitioners there were statistically significant decrements in eq5d scores for lbp  ak compared to lbp only and for lbp  bk compared to lbp  ak p  005 for all comparisons conclusions patients with selfreported leg pain below the knee utilise more health care are more likely to be unemployed and have poorer quality of life than those with lbp only 12 months following primary care consultation the presence of leg pain warrants early identification in primary care to explore if targeted interventions can reduce the impact and consequences of leg pain,10.1007/s00586-014-3355-2,pain location matters the impact of leg pain on health care use work disability and quality of life in patients with low back pain [SEP] adolescent adult employment female humans low back paincomplicationsphysiopathologypsychologytherapy male middle aged pain measurement primary health carestatistics  numerical data prospective studies quality of life sciaticacomplicationsphysiopathologypsychologytherapy self report united kingdom work capacity evaluation young adult [SEP] purpose in low back pain lbp patients those with radiating leg pain or sciatica have poorer pain and disability outcomes few studies have assessed the effect of leg pain on health care use and quality of life methods prospective cohort study of 1581 uk lbp primary care consulters back pain employment health care utilisation and quality of life eq5d data were collected at baseline 6 and 12 months at baseline patients were classified as reporting 1 lbp only 2 lbp and leg pain above the knee only lbp  ak or 3 lbp and leg pain extending below the knee lbp  bk results selfreported leg pain was common at baseline 645 41  reported lbp only 392 25  reported lbp  ak and 544 34  reported lbp  bk patients with lbp  bk compared to those with lbp only were significantly more likely to be unemployed take time off work consult their family doctor receive physical therapy or be referred to other health care practitioners there were statistically significant decrements in eq5d scores for lbp  ak compared to lbp only and for lbp  bk compared to lbp  ak p  005 for all comparisons conclusions patients with selfreported leg pain below the knee utilise more health care are more likely to be unemployed and have poorer quality of life than those with lbp only 12 months following primary care consultation the presence of leg pain warrants early identification in primary care to explore if targeted interventions can reduce the impact and consequences of leg pain,1,0.61689985
12776,costeffectiveness of cataract surgery method to assess costeffectiveness using registry data,aged cataract extractioneconomics costbenefit analysis disability evaluation female health care costs health services research humans male quality of life qualityadjusted life years registries sickness impact profile surveys and questionnaires sweden visual acuity,to develop a method to estimate the cost per qualityadjusted life year qaly gained with cataract surgery using large patient registriesfour centers in sweden five hundred patients scheduled for cataract extraction in 1 eye at 1 of 4 centers in sweden during march 1999 were asked to complete the eq5d a preferencebased qualityoflife instrument and the catquest a diseasespecific disability measure before surgery multiple regression analysis was used to study the correlation between utility and visual acuity andor disability and utility and qaly gain through the intervention estimated visual acuity and catquest scores were available for 484 patients the mean age was 761 years the mean logmar visual acuity was 059 in the surgical eye and 026 in the other eye the mean catquest disability score was 1379 and the mean utility 074 utilities correlated significantly with visual acuity and disability scores and the correlations remained significant when both were included in a regression model indicating that the 2 measure different concepts the hypothetical cost per qaly gained discounted at 3 was estimated at 45000 skr 4500 us dollars using the swedish cataract registry the results indicate that visual acuity and visual disability significantly affect utilities controlled for age and ophthalmic comorbidity it is thus possible to use data on visual acuity and disability in large registries to estimate the costeffectiveness of cataract surgery and to compare the cost per qaly gained with other health care interventions,10.1016/s0886-3350(02)01220-8,costeffectiveness of cataract surgery method to assess costeffectiveness using registry data [SEP] aged cataract extractioneconomics costbenefit analysis disability evaluation female health care costs health services research humans male quality of life qualityadjusted life years registries sickness impact profile surveys and questionnaires sweden visual acuity [SEP] to develop a method to estimate the cost per qualityadjusted life year qaly gained with cataract surgery using large patient registriesfour centers in sweden five hundred patients scheduled for cataract extraction in 1 eye at 1 of 4 centers in sweden during march 1999 were asked to complete the eq5d a preferencebased qualityoflife instrument and the catquest a diseasespecific disability measure before surgery multiple regression analysis was used to study the correlation between utility and visual acuity andor disability and utility and qaly gain through the intervention estimated visual acuity and catquest scores were available for 484 patients the mean age was 761 years the mean logmar visual acuity was 059 in the surgical eye and 026 in the other eye the mean catquest disability score was 1379 and the mean utility 074 utilities correlated significantly with visual acuity and disability scores and the correlations remained significant when both were included in a regression model indicating that the 2 measure different concepts the hypothetical cost per qaly gained discounted at 3 was estimated at 45000 skr 4500 us dollars using the swedish cataract registry the results indicate that visual acuity and visual disability significantly affect utilities controlled for age and ophthalmic comorbidity it is thus possible to use data on visual acuity and disability in large registries to estimate the costeffectiveness of cataract surgery and to compare the cost per qaly gained with other health care interventions,1,0.64199406
11622,comparing healthrelated quality of life of cancer patients under chemotherapy and of their caregivers,antineoplastic agentstherapeutic use caregiverspsychology female humans male middle aged neoplasmsdrug therapynursingphysiopathology quality of life,introduction cancer is a major disorder physically and psychologically affecting both patients and their caregivers in this study healthrelated quality of life hrqol of patientcaregiver dyads during the period of chemotherapy was assessed material and methods two hundred twentytwo cancer patientcaregiver dyads were enrolled in the study which was conducted from october 2008 to march 2009 hrqol was evaluated with eq5d results the mean age of the sample was 574 and 489 for patients and caregivers respectively the eq5d descriptive system indicates that female patients more frequently experience anxiety and depression than male patients male and highereducation caregivers had higher vas scores while demographic factors did not seem to influence patients hrqol anxiety and depression of caregivers were correlated with patients problems in selfcare and usual activities conclusions quality of life is highly influenced during the period of chemotherapy for both patients and caregivers and is often under reported interventions that can improve hrqol especially in the domain of mental health for both cancer patients and their caregivers need to be implemented,10.1100/2012/135283,comparing healthrelated quality of life of cancer patients under chemotherapy and of their caregivers [SEP] antineoplastic agentstherapeutic use caregiverspsychology female humans male middle aged neoplasmsdrug therapynursingphysiopathology quality of life [SEP] introduction cancer is a major disorder physically and psychologically affecting both patients and their caregivers in this study healthrelated quality of life hrqol of patientcaregiver dyads during the period of chemotherapy was assessed material and methods two hundred twentytwo cancer patientcaregiver dyads were enrolled in the study which was conducted from october 2008 to march 2009 hrqol was evaluated with eq5d results the mean age of the sample was 574 and 489 for patients and caregivers respectively the eq5d descriptive system indicates that female patients more frequently experience anxiety and depression than male patients male and highereducation caregivers had higher vas scores while demographic factors did not seem to influence patients hrqol anxiety and depression of caregivers were correlated with patients problems in selfcare and usual activities conclusions quality of life is highly influenced during the period of chemotherapy for both patients and caregivers and is often under reported interventions that can improve hrqol especially in the domain of mental health for both cancer patients and their caregivers need to be implemented,1,0.6757938
9590,a validation study of the icecapo in informal carers of people with dementia from eight european countries,aged aged 80 and over caregiverspsychology dementiaepidemiology europe female humans male patient caremethods quality of lifepsychology surveys and questionnaires construct validity dementia icecapo informal care wellbeing,purpose the pressure on healthcare budgets remains high partially due to the ageing population economic evaluation can be a helpful tool to inform resource allocation in publicly financed systems such evaluations frequently use healthrelated outcome measures however in areas such as care of older people improving health outcomes is not necessarily the main focus of care interventions and broader outcome measures including outcomes for those providing informal care may be preferred when evaluating such interventions this paper validates a recently introduced wellbeing measure the icecapo in a population of informal carers for people with dementia from eight european countries methods convergent and discriminant validity tests were performed to validate the icecapo using data obtained in a sample of 451 respondents from germany ireland italy the netherlands norway portugal sweden and the uk these respondents completed a number of standardized questionnaires within the framework of the actifcare project results the icecapo performed well among informal carers in terms of both convergent and discriminant validity in the multivariate analysis it was found to be significantly associated with the age of the person with dementia eq5d5l health problem index of the person with dementia carerpatient relationship care recipient cdr carer lsns score the pai score and perseverance time conclusion the icecapo appears to be a valid measure of wellbeing in informal carers for people with dementia the icecapo may therefore be useful as an outcome measure in economic evaluations of interventions aimed at such informal carers when these aim to improve wellbeing beyond health,10.1007/s11136-019-02317-3,a validation study of the icecapo in informal carers of people with dementia from eight european countries [SEP] aged aged 80 and over caregiverspsychology dementiaepidemiology europe female humans male patient caremethods quality of lifepsychology surveys and questionnaires construct validity dementia icecapo informal care wellbeing [SEP] purpose the pressure on healthcare budgets remains high partially due to the ageing population economic evaluation can be a helpful tool to inform resource allocation in publicly financed systems such evaluations frequently use healthrelated outcome measures however in areas such as care of older people improving health outcomes is not necessarily the main focus of care interventions and broader outcome measures including outcomes for those providing informal care may be preferred when evaluating such interventions this paper validates a recently introduced wellbeing measure the icecapo in a population of informal carers for people with dementia from eight european countries methods convergent and discriminant validity tests were performed to validate the icecapo using data obtained in a sample of 451 respondents from germany ireland italy the netherlands norway portugal sweden and the uk these respondents completed a number of standardized questionnaires within the framework of the actifcare project results the icecapo performed well among informal carers in terms of both convergent and discriminant validity in the multivariate analysis it was found to be significantly associated with the age of the person with dementia eq5d5l health problem index of the person with dementia carerpatient relationship care recipient cdr carer lsns score the pai score and perseverance time conclusion the icecapo appears to be a valid measure of wellbeing in informal carers for people with dementia the icecapo may therefore be useful as an outcome measure in economic evaluations of interventions aimed at such informal carers when these aim to improve wellbeing beyond health,1,0.59069556
6918,healthrelated quality of life and prevalence of six chronic diseases in homeless and housed people a crosssectional study in london and birmingham england,adolescent adult chronic diseaseepidemiologypsychology crosssectional studies englandepidemiology female homeless personspsychologystatistics  numerical data housingstatistics  numerical data humans male poverty prevalence public health quality of lifepsychology young adult epidemiology homelessness inequality public health,objectives to compare healthrelated quality of life and prevalence of chronic diseases in housed and homeless populations design crosssectional survey with an agematched and sexmatched housed comparison group setting hostels day centres and soup runs in london and birmingham england participants homeless participants were either sleeping rough or living in hostels and had a history of sleeping rough the comparison group was drawn from the health survey for england the study included 1336 homeless and 13 360 housed participants outcome measures chronic diseases were selfreported asthma chronic obstructive pulmonary disease copd epilepsy heart problems stroke and diabetes healthrelated quality of life was measured using eq5d3l results housed participants in more deprived neighbourhoods were more likely to report disease homeless participants were substantially more likely than housed participants in the most deprived quintile to report all diseases except diabetes which had similar prevalence in homeless participants and the most deprived housed group for example the prevalence of chronic obstructive pulmonary disease was 11 95 ci 07 to 16 in the least deprived housed quintile 20 95 ci 15 to 26 in the most deprived housed quintile and 140 95 ci 122 to 160 in the homeless group social gradients were also seen for problems in each eq5d3l domain in the housed population but homeless participants had similar likelihood of reporting problems as the most deprived housed group the exception was problems related to anxiety which were substantially more common in homeless people than any of the housed groups conclusions while differences in health between housed socioeconomic groups can be described as a slope differences in health between housed and homeless people are better understood as a cliff,10.1136/bmjopen-2018-025192,healthrelated quality of life and prevalence of six chronic diseases in homeless and housed people a crosssectional study in london and birmingham england [SEP] adolescent adult chronic diseaseepidemiologypsychology crosssectional studies englandepidemiology female homeless personspsychologystatistics  numerical data housingstatistics  numerical data humans male poverty prevalence public health quality of lifepsychology young adult epidemiology homelessness inequality public health [SEP] objectives to compare healthrelated quality of life and prevalence of chronic diseases in housed and homeless populations design crosssectional survey with an agematched and sexmatched housed comparison group setting hostels day centres and soup runs in london and birmingham england participants homeless participants were either sleeping rough or living in hostels and had a history of sleeping rough the comparison group was drawn from the health survey for england the study included 1336 homeless and 13 360 housed participants outcome measures chronic diseases were selfreported asthma chronic obstructive pulmonary disease copd epilepsy heart problems stroke and diabetes healthrelated quality of life was measured using eq5d3l results housed participants in more deprived neighbourhoods were more likely to report disease homeless participants were substantially more likely than housed participants in the most deprived quintile to report all diseases except diabetes which had similar prevalence in homeless participants and the most deprived housed group for example the prevalence of chronic obstructive pulmonary disease was 11 95 ci 07 to 16 in the least deprived housed quintile 20 95 ci 15 to 26 in the most deprived housed quintile and 140 95 ci 122 to 160 in the homeless group social gradients were also seen for problems in each eq5d3l domain in the housed population but homeless participants had similar likelihood of reporting problems as the most deprived housed group the exception was problems related to anxiety which were substantially more common in homeless people than any of the housed groups conclusions while differences in health between housed socioeconomic groups can be described as a slope differences in health between housed and homeless people are better understood as a cliff,1,0.6110488
1314,differentiation of healthrelated quality of life outcomes between five disease areas results from an international survey of patients,adult arthritis rheumatoidpsychology breast neoplasmspsychology female health status health surveys humans internationality male middle aged multiple sclerosispsychology quality of life rare diseasespsychology eq5d5l health technology assessment patient preferences qol utilities rare diseases,objectives healthrelated quality of life hrqol data generated by generic preferencebased instruments ie eq5d are highly demanded in health policy decision making because they allow for direct comparisons of hrqol outcomes between disease areas we aimed to quantify hrqol outcomes in breast cancer bc rheumatoid arthritis ra multiple sclerosis ms rare cancers rc and rare disease rd patients and understand the patterns that differentiate hrqol outcomes between these disease areas and more specifically between rare and more common disease population groups methods an international web survey of patients measured hrqol eq5d5l selfperceived health eq5d5l visual analogue scale and additional qol dimensions such as patient disability level results we received 675 completed responses average utility loss was 535 percent 325 percent and 333 percent for rd ra and ms patients respectively in contrast to 186 percent for bc and rc patients statistically significant differences p  05 were observed between disease groups in all eq5d5l domain outcomes apart from that of anxietydepression severe andor extreme problems were reported in performing usual activities for rd and rc 34 percent and 13 percent of overall problems reported respectively mobility for ms 18 percent paindiscomfort for ra 13 percent and anxietydepression for bc 7 percent patients conclusions we demonstrated significant differences in the dimensions that drive hrqol outcomes between rare and more common diseases and showcased that the same eq5d utility may reflect very different severities depending on the patient population under investigation future research should examine whether outcomes in other critical hrqol domains not included in generic measures also highlight significant differences across disease areas,10.1017/S0266462318000557,differentiation of healthrelated quality of life outcomes between five disease areas results from an international survey of patients [SEP] adult arthritis rheumatoidpsychology breast neoplasmspsychology female health status health surveys humans internationality male middle aged multiple sclerosispsychology quality of life rare diseasespsychology eq5d5l health technology assessment patient preferences qol utilities rare diseases [SEP] objectives healthrelated quality of life hrqol data generated by generic preferencebased instruments ie eq5d are highly demanded in health policy decision making because they allow for direct comparisons of hrqol outcomes between disease areas we aimed to quantify hrqol outcomes in breast cancer bc rheumatoid arthritis ra multiple sclerosis ms rare cancers rc and rare disease rd patients and understand the patterns that differentiate hrqol outcomes between these disease areas and more specifically between rare and more common disease population groups methods an international web survey of patients measured hrqol eq5d5l selfperceived health eq5d5l visual analogue scale and additional qol dimensions such as patient disability level results we received 675 completed responses average utility loss was 535 percent 325 percent and 333 percent for rd ra and ms patients respectively in contrast to 186 percent for bc and rc patients statistically significant differences p  05 were observed between disease groups in all eq5d5l domain outcomes apart from that of anxietydepression severe andor extreme problems were reported in performing usual activities for rd and rc 34 percent and 13 percent of overall problems reported respectively mobility for ms 18 percent paindiscomfort for ra 13 percent and anxietydepression for bc 7 percent patients conclusions we demonstrated significant differences in the dimensions that drive hrqol outcomes between rare and more common diseases and showcased that the same eq5d utility may reflect very different severities depending on the patient population under investigation future research should examine whether outcomes in other critical hrqol domains not included in generic measures also highlight significant differences across disease areas,1,0.7566502
11021,validation of the knee injury and osteoarthritis outcome score koos for the treatment of focal cartilage lesions,adolescent adult cartilage articularinjuries female humans knee injuriescomplicationssurgery male osteoarthritis kneephysiopathologysurgery outcome assessment health care reproducibility of results severity of illness index surveys and questionnaires young adult,objective to validate the knee injury and osteoarthritis outcome score koos for the treatment of focal cartilage lesions methods a total of 40 patients mean age 3512 years treated for a focal cartilage lesion in the knee were included in this study testretest data were collected with an intermediate period of 2 days patients were asked to complete the dutch koos and complementary questionnaires short form36 sf36 lysholm euroqol5d eq5d to evaluate the clinimetric properties of the koos in terms of internal consistency cronbachs alpha reliability intraclasscorrelation icc and bland and altman plots construct validity spearmans rank correlation floor and ceiling effects and responsiveness results the cronbachs alpha of the koos subdomains and total score ranged from 074 to 096 the overall icc of the koos was 097 while the subscales ranged from 087 to 095 the bland and altman plots showed a small individual variance between the two assessments in time spearmans rank correlations between the subscales of the koos and representative subscales of the sf36 lysholm and eq5d were high to moderate ranging from 043 to 070 we observed no floor effect while the largest observed ceiling effect was 103 the responsiveness was moderate to large with the effect size ranging from 070 to 132 and the standardized response mean 061 to 087 conclusion this study illustrates the validity and reliability of the koos in measuring the clinical condition of patients after treatment of focal cartilage lesions this study provides a basis for the use of the koos for future clinical research in cartilage repair,10.1016/j.joca.2009.04.019,validation of the knee injury and osteoarthritis outcome score koos for the treatment of focal cartilage lesions [SEP] adolescent adult cartilage articularinjuries female humans knee injuriescomplicationssurgery male osteoarthritis kneephysiopathologysurgery outcome assessment health care reproducibility of results severity of illness index surveys and questionnaires young adult [SEP] objective to validate the knee injury and osteoarthritis outcome score koos for the treatment of focal cartilage lesions methods a total of 40 patients mean age 3512 years treated for a focal cartilage lesion in the knee were included in this study testretest data were collected with an intermediate period of 2 days patients were asked to complete the dutch koos and complementary questionnaires short form36 sf36 lysholm euroqol5d eq5d to evaluate the clinimetric properties of the koos in terms of internal consistency cronbachs alpha reliability intraclasscorrelation icc and bland and altman plots construct validity spearmans rank correlation floor and ceiling effects and responsiveness results the cronbachs alpha of the koos subdomains and total score ranged from 074 to 096 the overall icc of the koos was 097 while the subscales ranged from 087 to 095 the bland and altman plots showed a small individual variance between the two assessments in time spearmans rank correlations between the subscales of the koos and representative subscales of the sf36 lysholm and eq5d were high to moderate ranging from 043 to 070 we observed no floor effect while the largest observed ceiling effect was 103 the responsiveness was moderate to large with the effect size ranging from 070 to 132 and the standardized response mean 061 to 087 conclusion this study illustrates the validity and reliability of the koos in measuring the clinical condition of patients after treatment of focal cartilage lesions this study provides a basis for the use of the koos for future clinical research in cartilage repair,1,0.5645049
